personID,num_Q,AorB,food,size_A,access_A,income_A,poverty_A,last_donation_A,dist_A,size_B,access_B,income_B,poverty_B,last_donation_B,dist_B,r,kappa,sy,sx,bt_pred
D1,1,A,1,0,2,1,4,10,0,1,2,4,0,10,3,0.28888979869148135,0.1783456734564765,0.23361773607397893,0.05527206261750242,A
D1,2,A,1,4,2,3,1,11,3,1,2,5,1,2,0,0.20796349394096175,0.16120331423850637,0.18458340408973406,0.023380089851227692,A
D1,3,A,1,2,0,0,7,5,3,0,0,3,1,12,0,0.43520527224243927,0.3884450925399839,0.4118251823912116,0.023380089851227692,A
D1,4,A,0,3,2,1,3,1,3,1,1,2,1,9,0,0.4293320745476021,0.3825718948451467,0.4059519846963744,0.023380089851227692,A
D1,5,B,1,2,0,4,0,3,1,2,0,0,6,5,3,0.3262513918423052,-0.295077938707335,0.01558672656748511,0.3106646652748201,B
D1,6,A,0,1,2,5,0,6,0,4,0,4,0,11,2,0.5807482033572071,0.23034861141496588,0.4055484073860865,0.17519979597112062,A
D1,7,A,1,3,2,3,1,9,2,1,0,5,0,0,3,0.5725880910413033,0.5725880910413033,0.5725880910413033,0.0,A
D1,8,B,0,2,1,3,0,3,3,3,2,5,1,0,3,0.31454182473075765,-0.277007392256304,0.018767216237226825,0.2957746084935308,B
D1,9,A,0,3,1,4,0,11,1,3,1,3,1,1,2,0.06269867686908373,-0.0471119503015986,0.007793363283742565,0.05490531358534116,B
D1,10,A,0,1,2,5,0,6,0,1,2,3,1,7,2,0.07987564827143968,-0.04870219513646944,0.015586726567485124,0.06428892170395456,B
D1,11,B,0,1,2,3,1,5,3,2,1,0,4,8,2,0.4227622070665691,-0.03280052624796775,0.19498084040930067,0.22778136665726842,B
D1,12,A,1,4,2,3,1,12,0,3,2,2,1,9,0,0.06465567073611582,0.04588845449888901,0.055272062617502414,0.009383608118613405,A
D1,13,B,0,4,1,3,1,2,1,0,0,0,6,3,3,0.6874151691362744,0.17589646575731652,0.4316558174467955,0.25575935168947894,A
D1,14,A,1,2,2,5,1,3,3,1,0,1,0,1,1,0.5438766079447703,0.43763428986089276,0.4907554489028315,0.05312115904193879,A
D1,15,B,1,1,0,0,1,1,0,1,2,3,0,0,1,0.4714275739249119,-0.30849578771229086,0.08146589310631053,0.3899616808186014,B
D1,16,A,1,2,1,5,1,9,0,1,0,5,0,0,3,0.3191546983447585,0.3191546983447585,0.3191546983447585,0.0,A
D1,17,B,0,0,1,5,1,2,3,0,1,4,1,10,2,0.017176971402355967,-0.017176971402355967,0.0,0.017176971402355967,B
D1,18,A,0,4,1,0,5,12,2,4,1,1,1,0,2,0.1914704299855244,0.1914704299855244,0.1914704299855244,0.0,A
D1,19,B,0,2,0,1,1,9,2,3,1,4,1,7,2,0.2784037273826433,-0.22210207867096285,0.028150824355840223,0.2502529030268031,B
D1,20,B,0,1,1,4,1,11,2,3,2,4,0,5,2,0.35104667111103327,-0.2600032601775778,0.045521705466727735,0.30552496564430554,B
D1,21,B,0,2,1,4,0,10,0,4,2,4,0,3,2,0.32111169221179064,-0.2899382390768204,0.01558672656748511,0.30552496564430554,B
D1,22,B,1,2,2,5,0,3,2,3,1,2,2,12,0,0.3850338648835839,0.004927815935017425,0.19498084040930064,0.19005302447428324,A
D1,23,A,1,4,2,2,1,12,3,2,0,5,1,9,3,0.5286566304094464,0.5286566304094464,0.5286566304094464,0.0,A
D1,24,B,0,1,0,0,4,6,2,3,2,1,1,11,3,0.6542478938561453,-0.346763718251067,0.15374208780253917,0.5005058060536062,B
D1,25,A,0,3,1,1,3,4,2,0,2,5,1,6,1,0.49716823495345963,0.09161982756737311,0.29439403126041636,0.20277420369304328,A
D1,26,A,1,3,1,1,2,9,0,3,1,4,1,3,3,0.09705261967379566,0.09705261967379566,0.09705261967379566,0.0,A
D1,27,B,1,3,0,5,1,12,1,3,2,0,2,3,1,0.48240142687839616,-0.48240142687839616,0.0,0.48240142687839616,B
D1,28,B,1,1,0,1,0,4,2,4,1,4,0,8,2,0.38894785261764814,-0.3326462039059677,0.02815082435584021,0.36079702826180793,B
D1,29,A,0,1,2,1,0,11,1,2,0,5,0,3,0,0.4905615391943,0.36443068739181006,0.42749611329305504,0.06306542590124498,A
D1,30,A,1,4,2,4,0,6,3,1,2,1,3,8,3,0.3305321286085307,0.001100247096483764,0.16581618785250724,0.16471594075602347,A
D1,31,B,1,1,2,0,7,0,3,0,1,4,1,7,1,0.5765042948691084,0.545330841734138,0.5609175683016232,0.015586726567485165,A
D1,32,A,0,4,2,0,5,4,1,1,0,4,1,8,1,0.7753991230124733,0.7753991230124733,0.7753991230124733,0.0,A
D1,33,B,1,4,0,4,0,7,3,4,2,3,1,2,3,0.4448669944039425,-0.4448669944039425,0.0,0.4448669944039425,B
D1,34,B,1,4,0,2,3,2,1,4,2,3,0,8,3,0.5514971319048831,-0.22842622973231963,0.16153545108628176,0.3899616808186014,B
D1,35,B,1,4,0,2,2,2,0,0,1,1,1,10,1,0.478767767748394,0.07003887069256585,0.27440331922047995,0.20436444852791408,A
D1,36,B,0,0,0,3,1,9,1,0,2,1,4,5,0,0.553087376739754,-0.553087376739754,0.0,0.553087376739754,B
D1,37,A,1,4,2,5,1,2,0,1,1,2,1,2,1,0.3967412159013907,0.3404395671897103,0.3685903915455505,0.02815082435584021,A
D1,38,B,0,4,0,2,3,1,0,4,1,0,0,1,2,0.36589989961419583,-0.06159621367885916,0.15215184296766834,0.2137480566465275,B
D1,39,B,0,0,0,4,1,0,3,3,1,5,0,6,3,0.41570234184714905,-0.3058917146764668,0.05490531358534112,0.36079702826180793,B
D1,40,A,1,1,0,1,2,4,2,0,0,1,1,6,0,0.11638049465171528,0.08520704151674503,0.10079376808423016,0.015586726567485124,A
D1,41,A,0,0,2,0,3,6,2,4,0,0,0,7,3,0.7554084109725369,0.31323191003251755,0.5343201605025272,0.22108825047000966,A
D1,42,A,0,2,2,4,1,3,2,2,0,3,1,9,0,0.4149320155046999,0.3649913461325029,0.3899616808186014,0.024970334686098494,A
D1,43,A,0,0,0,1,4,7,0,1,1,4,1,2,0,0.4149688437828265,-0.08553696227077962,0.16471594075602344,0.25025290302680303,B
D1,44,B,0,4,0,3,0,2,0,1,1,1,3,3,1,0.5239227241829606,-0.17670362191046096,0.17360955113624982,0.3503131730467108,B
D1,45,A,1,3,1,4,1,2,1,0,1,1,1,0,0,0.20176037549209003,0.12987200021292444,0.16581618785250724,0.03594418763958279,A
D1,46,B,1,2,0,5,0,8,1,3,0,4,0,7,0,0.07244903401985837,-0.07244903401985837,0.0,0.07244903401985837,B
D1,47,A,0,0,2,0,5,12,0,2,2,2,0,12,3,0.3802999586570981,0.15921170818708844,0.26975583342209325,0.11054412523500483,A
D2,1,A,1,4,0,5,0,6,2,4,0,0,6,2,3,0.37446193182519,-0.2748657637770094,0.049798084024090306,0.3246638478010997,B
D2,2,B,0,0,2,5,1,9,2,4,0,5,0,12,0,0.6132092501677837,0.05665667295523488,0.3349329615615093,0.2782762886062744,A
D2,3,B,0,3,0,2,0,10,0,1,1,1,1,2,2,0.39866357196673957,-0.020791115312284544,0.1889362283272275,0.20972734363951206,B
D2,4,A,0,1,1,1,2,2,3,0,1,4,1,6,3,0.10699988344439092,0.10699988344439092,0.10699988344439092,0.0,A
D2,5,B,0,1,0,1,2,1,1,1,2,4,0,11,3,0.5042562737187731,-0.045881469997321,0.22918740186072606,0.27506887185804707,B
D2,6,B,0,0,2,3,0,11,0,4,2,3,1,0,2,0.3578664871209787,-0.15867415102461746,0.09959616804818061,0.25827031907279807,B
D2,7,B,0,0,1,4,1,3,3,3,1,3,1,0,2,0.19120546524687643,-0.19120546524687643,0.0,0.19120546524687643,B
D2,8,B,1,3,0,4,1,2,1,4,1,1,1,6,0,0.24186560449825834,-0.22213949568701624,0.009863054405621047,0.2320025500926373,B
D2,9,B,0,3,0,3,0,2,3,3,0,2,0,1,2,0.05226384762549557,-0.05226384762549557,0.0,0.05226384762549557,B
D2,10,A,1,1,1,2,1,0,2,2,1,3,1,12,3,0.12405727738047687,0.03471721710142997,0.07938724724095342,0.04467003013952345,A
D2,11,B,0,1,0,4,1,7,1,2,1,1,3,0,0,0.354196493100967,-0.354196493100967,0.0,0.354196493100967,B
D2,12,A,0,2,0,5,0,7,2,1,0,5,1,7,1,0.1469349130628602,-0.05759485278381331,0.04467003013952344,0.10226488292333674,B
D2,13,A,0,0,2,2,1,11,3,1,0,3,0,6,0,0.5339287709761141,0.12114257053847288,0.3275356707572935,0.20639310021882062,A
D2,14,A,0,4,1,1,3,3,2,3,0,0,1,12,0,0.4089261043278678,0.20973376823150658,0.3093299362796872,0.09959616804818061,A
D2,15,B,1,2,0,1,2,1,1,1,2,3,1,3,1,0.37713722809962746,-0.17300051561646668,0.1020683562415804,0.27506887185804707,B
D2,16,B,1,3,0,1,3,4,2,2,2,5,0,1,3,0.5343346735236159,-0.03059765180090975,0.25186851086135303,0.2824661626622628,B
D2,17,B,1,2,0,4,0,11,3,0,2,1,3,9,3,0.5267408560376439,-0.3480607354795501,0.0893400602790469,0.43740079575859697,B
D2,18,B,1,2,2,4,0,6,2,3,1,0,4,0,2,0.4068662432739643,-0.13179737141591724,0.13753443592902354,0.2693318073449408,B
D2,19,A,1,2,1,3,1,11,1,2,0,4,1,5,1,0.1523290175374551,0.12273985432059198,0.13753443592902354,0.014794581608431556,A
D2,20,A,1,3,2,0,2,11,0,1,1,3,0,7,0,0.3416711484121843,0.3219450396009423,0.3318080940065633,0.009863054405621019,A
D2,21,B,1,0,1,2,0,11,2,3,2,0,6,0,0,0.713064887406711,-0.713064887406711,0.0,0.713064887406711,B
D2,22,A,1,0,2,2,3,10,2,4,0,0,2,2,0,0.62553806817481,0.02953327333977704,0.3275356707572935,0.29800239741751644,A
D2,23,A,0,4,2,3,0,8,1,0,1,1,4,3,1,0.5384105700911295,0.09401854288310527,0.3162145564871174,0.2221960136040121,A
D2,24,B,1,3,2,3,0,6,1,4,2,2,2,6,3,0.24919979598619696,-0.05000745988983572,0.09959616804818061,0.14960362793801635,B
D2,25,A,1,4,1,2,2,4,0,3,2,5,1,8,1,0.29433240339750477,0.019263531539457687,0.15679796746848124,0.13753443592902354,A
D2,26,B,0,1,0,4,1,8,1,2,2,0,1,6,1,0.324670429200381,-0.324670429200381,0.0,0.324670429200381,B
D2,27,B,0,2,1,2,2,5,3,4,1,1,1,11,1,0.2561976088349055,-0.12167484781954953,0.06726138050767799,0.1889362283272275,B
D2,28,A,0,4,0,0,7,7,1,2,1,1,2,7,0,0.539006574728393,0.1643415348221653,0.35167405477527913,0.18733251995311384,A
D2,29,A,1,3,0,2,3,3,2,1,0,2,0,4,0,0.34880238862637214,0.1496100525300109,0.24920622057819153,0.09959616804818062,A
D2,30,A,0,4,2,5,0,0,2,4,0,1,3,9,0,0.5542573090166143,0.04026417952477446,0.2972607442706944,0.2569965647459199,A
D2,31,B,1,1,0,4,0,10,0,1,1,1,1,12,3,0.3443270141033514,-0.035675455553188545,0.15432577927508145,0.19000123482826997,B
D2,32,B,1,4,0,4,1,5,2,4,1,3,0,6,0,0.29206316647785585,-0.18219804147655244,0.054932562500651705,0.23713060397720415,B
D2,33,A,0,2,2,1,0,10,3,0,1,5,0,10,2,0.27667258023216074,0.17707641218398013,0.22687449620807043,0.049798084024090306,A
D2,34,A,1,3,0,4,1,10,0,4,2,3,0,8,2,0.4767333961478081,-0.17260746225295398,0.15206296694742705,0.324670429200381,B
D2,35,B,1,4,1,0,0,12,2,2,0,5,1,6,0,0.39373204476392903,0.06001694765221183,0.22687449620807043,0.1668575485558586,A
D2,36,A,0,4,2,0,6,9,3,2,1,5,0,9,0,0.6910695416758199,0.39228103753127813,0.541675289603549,0.1493942520722709,A
D2,37,B,1,4,0,4,0,0,2,3,0,5,1,4,3,0.15679796746848124,0.05186436966998835,0.1043311685692348,0.05246679889924644,A
D2,38,A,0,2,2,4,1,8,1,2,0,3,1,2,3,0.38945962151465924,0.3598704582977961,0.3746650399062277,0.014794581608431556,A
D2,39,A,0,2,0,4,0,10,2,0,0,3,1,8,1,0.19653647040519415,-0.017856349847100383,0.08934006027904688,0.10719641012614727,B
D2,40,B,1,1,0,4,1,5,2,2,1,4,1,0,1,0.24433136809966358,-0.24433136809966358,0.0,0.24433136809966358,B
D2,41,B,0,4,0,5,1,5,2,1,0,2,3,9,1,0.2986048266467746,-0.010858536998391823,0.1438731448241914,0.15473168182258323,B
D2,42,A,0,3,2,1,0,4,1,1,2,1,0,6,3,0.19386775553003804,0.19386775553003804,0.19386775553003804,0.0,A
D2,43,B,1,4,2,2,1,11,2,1,2,3,1,8,1,0.19120546524687643,0.07681471559026426,0.13401009041857034,0.057195374828306084,A
D2,44,B,1,4,0,1,0,3,1,1,2,5,1,4,3,0.5636076928254498,-0.09146364868913727,0.23607202206815625,0.3275356707572935,B
D2,45,A,0,4,1,4,1,12,0,2,1,3,0,6,0,0.1566014407867249,0.12701227756986178,0.14180685917829333,0.014794581608431556,A
D5,1,B,0,4,2,4,0,7,1,0,2,2,3,4,3,0.4593292313417696,-0.17344570464442347,0.1429417633486731,0.3163874679930965,B
D5,2,B,1,2,0,3,1,12,1,3,1,1,2,4,3,0.4224798639950773,-0.2114138820544005,0.1055329909703384,0.3169468730247389,B
D5,3,A,1,3,2,2,1,7,2,2,2,3,1,6,0,0.24618728398460438,0.025569752382911162,0.13587851818375776,0.11030876580084661,A
D5,4,A,0,3,2,1,3,2,3,2,2,3,1,1,2,0.3526187758040918,0.23753423517273692,0.29507650548841435,0.057542270315677435,A
D5,5,B,0,4,2,5,0,2,3,3,2,4,1,4,3,0.1617658989525154,-0.12395841344131517,0.01890374275560011,0.14286215619691528,B
D5,6,B,1,3,0,4,1,11,3,2,0,3,0,4,1,0.291177764075395,-0.23980171567074518,0.025688024202324897,0.26548973987307006,B
D5,7,A,0,4,0,2,2,7,1,4,0,1,4,11,3,0.28383407759702783,-0.03456189701228532,0.12463609029237126,0.15919798730465656,B
D5,8,B,0,1,2,4,1,10,2,1,1,3,0,7,3,0.20995597617360923,-0.07175132298778843,0.0691023265929104,0.14085364958069882,B
D5,9,B,1,3,0,4,0,9,0,3,1,1,2,9,0,0.41225063748300483,-0.41225063748300483,0.0,0.41225063748300483,B
D5,10,A,1,3,1,0,3,10,2,1,2,0,0,7,1,0.13480569948908483,0.0006180595356971227,0.06771187951239098,0.06709381997669385,A
D5,11,B,0,0,0,3,1,1,1,4,0,0,2,0,3,0.5436323445544449,-0.33256636261376804,0.10553299097033841,0.43809935358410645,B
D5,12,A,0,3,1,0,5,3,0,0,1,5,1,8,2,0.8554433942834659,0.8554433942834659,0.8554433942834659,0.0,A
D5,13,A,1,2,1,1,4,9,0,2,1,5,1,9,2,0.6606457846502586,0.6606457846502586,0.6606457846502586,0.0,A
D5,14,B,1,2,0,3,0,9,0,1,2,2,0,11,0,0.1454300678447742,-0.10762258233357397,0.01890374275560011,0.12652632508917408,B
D5,15,A,0,0,1,1,3,2,1,3,2,4,0,4,3,0.5717275885058519,0.5156144299383498,0.5436710092221009,0.02805657928375105,A
D5,16,A,0,1,1,0,1,2,0,2,2,1,1,1,1,0.19342078849943514,0.16516485264925135,0.17929282057434326,0.014127967925091897,A
D5,17,B,1,2,0,2,0,0,1,3,1,0,2,2,0,0.3573945506346,-0.3382914513125671,0.009551549661016456,0.34784300097358356,B
D5,18,A,0,0,2,1,3,5,2,2,1,2,2,4,0,0.27187530818692934,0.013849004206901425,0.1428621561969154,0.12901315199001395,A
D5,19,B,1,4,0,4,0,0,3,4,0,1,4,11,2,0.5502223183192468,-0.4451552720480661,0.05253352313559037,0.4976887951836565,B
D5,20,B,0,0,0,2,1,8,1,1,2,0,0,9,3,0.38904944018151977,-0.13576024636434414,0.12664459690858781,0.26240484327293195,B
D5,21,A,0,0,0,0,6,8,2,1,2,3,1,3,1,0.5472556935385223,0.3752605680739344,0.46125813080622835,0.08599756273229398,A
D5,22,B,1,4,1,2,0,2,1,1,0,2,1,8,0,0.1258135548597107,-0.012391098326110059,0.05671122826680033,0.06910232659291038,B
D5,23,B,0,0,2,3,1,5,2,1,1,2,2,3,0,0.2672988899228538,-0.2672988899228538,0.0,0.2672988899228538,B
D5,24,B,1,3,0,2,3,7,3,2,0,0,2,9,1,0.39382521501202805,-0.3233460672853453,0.03523957386334137,0.3585856411486867,B
D5,25,B,0,0,2,5,1,3,0,0,2,0,5,3,3,0.8562744363323429,-0.5396754634213279,0.1582994864555075,0.6979749498768354,B
D5,26,B,1,0,1,3,0,5,3,4,0,4,0,3,1,0.27901963809886365,-0.02596698792051537,0.12652632508917414,0.15249331300968952,B
D5,27,B,1,0,2,4,1,10,1,0,2,2,1,6,3,0.37768874047071954,-0.16662275853004274,0.1055329909703384,0.27215574950038113,B
D5,28,B,1,2,1,5,0,12,1,2,1,1,3,3,3,0.7036277581248326,-0.49256177618415575,0.10553299097033841,0.5980947671544942,B
D5,29,B,0,2,2,5,0,0,3,4,1,3,1,8,3,0.3262990661193226,-0.24988666883119112,0.03820619864406573,0.28809286747525686,B
D5,30,B,1,0,2,3,1,4,2,3,1,2,3,12,1,0.2782272607176424,-0.20181486342951094,0.03820619864406574,0.24002106207357668,B
D5,31,A,0,2,2,3,0,8,1,2,2,3,1,10,3,0.13142037173909604,0.09874870952361361,0.11508454063135483,0.016335831107741214,A
D5,32,B,0,3,0,5,1,0,2,4,2,1,0,9,3,0.6275417935187646,-0.40337319338379585,0.11208430006748438,0.5154574934512802,B
D5,33,B,0,4,1,3,0,0,3,3,2,0,1,10,2,0.5057912432600986,-0.3915713604607669,0.05710994139966585,0.44868130186043276,B
D5,34,B,1,1,2,3,1,11,3,4,2,0,1,8,2,0.4747293745279672,-0.4747293745279672,0.0,0.4747293745279672,B
D5,35,B,1,0,2,5,1,12,1,3,1,1,0,0,2,0.6605735041994566,-0.5223688510136358,0.06910232659291038,0.5914711776065462,B
D5,36,A,1,3,1,1,4,12,1,3,1,5,1,12,0,0.6078792891650894,0.502346298194751,0.5551127936799202,0.05276649548516921,A
D5,37,A,1,0,0,0,0,3,1,4,1,2,0,7,2,0.362331017363885,0.28751347260721566,0.32492224498555033,0.037408772378334676,A
D5,38,B,0,1,1,3,0,11,0,0,1,2,2,11,1,0.22131667588440937,-0.09707929872490365,0.06211868857975286,0.1591979873046565,B
D5,39,A,0,4,1,0,5,3,2,2,2,0,2,4,1,0.12525414982806837,0.01972115885773,0.0724876543428992,0.052766495485169186,A
D5,40,A,0,1,0,1,0,3,3,0,1,5,1,4,3,0.5365690993895296,0.5038974371740472,0.5202332682817884,0.016335831107741172,A
D5,41,A,0,4,0,1,3,5,1,2,2,3,1,11,1,0.33308334756604735,0.33308334756604735,0.33308334756604735,0.0,A
D5,42,B,1,1,0,1,4,3,3,1,2,0,5,7,2,0.21473175100411734,-0.1765255523600516,0.01910309932203287,0.1956286516820845,B
D5,43,A,0,0,0,2,3,5,3,1,1,5,0,8,3,0.45226598617685426,0.4335615999876869,0.4429137930822706,0.009352193094583683,A
D5,44,A,1,0,1,0,2,10,3,2,2,1,2,6,3,0.16433381060037427,0.08871883957797386,0.12652632508917405,0.03780748551120021,A
D5,45,B,1,2,2,4,1,6,2,0,0,2,1,6,0,0.377290027337854,-0.33988125495951926,0.018704386189167366,0.35858564114868663,B
D5,46,A,1,1,2,0,3,8,0,2,2,5,0,11,1,0.7580851318403717,0.7393807456512044,0.7487329387457881,0.009352193094583683,A
D5,47,B,0,4,2,4,1,10,3,4,0,2,1,6,3,0.27215574950038113,-0.27215574950038113,0.0,0.27215574950038113,B
D5,48,A,0,2,1,1,0,6,0,2,2,2,0,5,0,0.13130209991968236,0.12175055025866595,0.12652632508917416,0.004775774830508207,A
D5,49,A,1,3,0,4,0,10,1,0,0,5,1,0,0,0.27144297927091765,0.03772282947493255,0.1545829043729251,0.11686007489799255,A
F1,1,A,0,2,0,0,6,11,2,2,0,0,3,5,1,0.3905780832706546,0.16215990918538783,0.2763689962280212,0.11420908704263337,A
F1,2,B,0,4,0,1,2,3,1,0,0,1,2,12,1,0.0,0.0,0.0,0.0,B
F1,3,A,1,3,1,3,1,5,3,3,2,1,0,5,1,0.3267970466646324,-0.14255104917928496,0.09212299874267371,0.23467404792195867,B
F1,4,A,1,4,1,1,1,3,2,4,1,3,1,3,3,0.11420908704263336,0.11420908704263336,0.11420908704263336,0.0,A
F1,5,B,0,4,1,5,0,11,0,2,2,2,1,4,1,0.21258795962199903,0.015830214463267628,0.11420908704263333,0.0983788725793657,A
F1,6,A,1,1,0,4,1,10,1,4,0,1,2,4,1,0.09212299874267373,-0.09212299874267373,0.0,0.09212299874267373,B
F1,7,B,0,3,0,2,1,12,1,2,1,1,4,7,2,0.3968339571073465,-0.1684157830220798,0.11420908704263334,0.28262487006471315,B
F1,8,A,1,4,0,5,0,7,2,2,2,2,1,2,3,0.21884383345869102,0.009574340626575695,0.11420908704263336,0.10463474641605766,A
F1,9,B,1,3,1,3,1,5,3,4,1,1,4,3,1,0.5047871703132879,-0.5047871703132879,0.0,0.5047871703132879,B
F1,10,A,1,1,0,0,5,7,0,3,1,3,0,5,2,0.6952890416353273,0.6827772939619434,0.6890331677986354,0.006255873836691961,A
F1,11,B,1,2,1,5,1,9,2,3,0,2,3,9,0,0.4189200454073061,-0.4064082977339222,0.006255873836691961,0.41266417157061414,B
F1,12,B,0,0,2,2,3,4,3,2,1,0,5,7,0,0.5331291324499394,-0.5206173847765556,0.006255873836691905,0.5268732586132475,B
F1,13,B,1,2,1,0,0,4,3,4,0,2,1,10,1,0.3267970466646324,-0.31428529899124846,0.006255873836691961,0.3205411728279404,B
F1,14,A,1,0,1,3,1,11,0,1,1,2,3,3,0,0.18424599748534745,-0.18424599748534745,0.0,0.18424599748534745,B
F1,15,A,0,2,2,4,1,12,1,1,2,4,0,9,2,0.2063320857853071,0.2063320857853071,0.2063320857853071,0.0,A
F1,16,A,0,4,0,3,1,10,0,1,2,4,1,12,2,0.24092992175865063,0.21590642641188273,0.22841817408526668,0.01251174767338395,A
F1,17,A,1,1,0,5,1,8,2,0,2,5,0,2,0,0.33305292050132435,-0.1488069230159769,0.09212299874267373,0.24092992175865063,B
F1,18,A,1,0,2,5,1,0,2,3,2,1,2,2,1,0.2063320857853071,-0.2063320857853071,0.0,0.2063320857853071,B
F1,19,A,1,2,1,4,1,6,0,1,2,3,1,7,2,0.23467404792195865,0.22216230024857472,0.22841817408526668,0.006255873836691961,A
F1,20,B,0,2,1,1,1,3,0,1,2,2,1,9,0,0.006255873836691971,-0.006255873836691971,0.0,0.006255873836691971,B
F1,21,B,1,0,0,0,2,12,3,3,2,5,1,12,2,0.21884383345869102,-0.034597835973343566,0.09212299874267373,0.1267208347160173,B
F1,22,B,1,0,1,3,1,4,3,0,2,3,0,3,1,0.3267970466646324,-0.14255104917928496,0.09212299874267371,0.23467404792195867,B
F1,23,B,1,4,0,4,1,12,2,3,2,0,3,5,2,0.1967577451587314,-0.1967577451587314,0.0,0.1967577451587314,B
F1,24,A,0,4,0,4,1,3,2,2,2,1,1,1,3,0.1267208347160173,0.1016973393692494,0.11420908704263336,0.01251174767338395,A
F1,25,B,0,4,2,0,1,10,1,2,1,2,1,8,1,0.006255873836691971,0.006255873836691971,0.006255873836691971,0.0,A
F1,26,B,0,4,2,2,1,8,3,2,2,0,0,12,1,0.3205411728279404,-0.136295175342593,0.09212299874267371,0.2284181740852667,B
F1,27,A,0,3,0,1,2,10,0,3,0,4,0,1,1,0.29845508452798075,0.29845508452798075,0.29845508452798075,0.0,A
F1,28,B,0,4,1,3,1,3,3,1,1,0,1,11,2,0.11420908704263336,-0.11420908704263336,0.0,0.11420908704263336,B
F1,29,A,0,1,1,4,0,6,1,2,2,2,2,1,2,0.30471095836467277,-0.07629278427940606,0.11420908704263336,0.1905018713220394,B
F1,30,B,1,4,0,3,1,7,3,2,2,2,3,0,1,0.4251759192439981,-0.4251759192439981,0.0,0.4251759192439981,B
F1,31,A,1,3,0,3,1,0,1,1,0,5,1,3,2,0.11420908704263336,0.11420908704263336,0.11420908704263336,0.0,A
F1,32,B,1,4,0,2,2,5,1,0,2,1,4,3,1,0.1967577451587314,-0.1967577451587314,0.0,0.1967577451587314,B
F1,33,B,0,0,0,5,1,7,2,1,2,3,1,4,2,0.012511747673383943,-0.012511747673383943,0.0,0.012511747673383943,B
F1,34,B,1,4,2,0,0,4,2,0,1,1,4,8,0,0.6031660428926535,-0.5906542952192696,0.006255873836691961,0.5969101690559615,B
F1,35,A,1,3,0,0,2,5,0,1,2,4,1,12,3,0.44726200754395773,0.42223851219718983,0.4347502598705738,0.01251174767338395,A
F1,36,A,1,1,0,4,0,1,0,0,0,4,1,8,2,0.3205411728279404,0.13629517534259294,0.22841817408526668,0.09212299874267374,A
F1,37,A,1,2,2,3,1,8,0,4,2,1,4,9,3,0.6189962573559212,0.06625826489987885,0.34262726112790004,0.2763689962280212,A
F1,38,A,1,4,0,0,5,9,0,3,1,3,0,1,1,0.5810799545926939,0.5685682069193101,0.574824080756002,0.006255873836691905,A
F1,39,A,1,0,2,2,0,12,3,1,0,5,0,10,3,0.012511747673383943,0.012511747673383943,0.012511747673383943,0.0,A
F1,40,B,0,3,1,5,0,7,1,1,0,2,2,11,1,0.1905018713220394,-0.1779901236486555,0.006255873836691961,0.18424599748534745,B
F1,41,A,0,2,2,4,1,9,0,2,0,1,1,7,1,0.12672083471601728,0.12672083471601728,0.12672083471601728,0.0,A
F1,42,A,1,0,1,2,3,6,0,0,1,2,2,1,1,0.20633208578530704,0.20633208578530704,0.20633208578530704,0.0,A
F1,43,B,0,2,1,4,0,4,3,0,1,5,1,0,3,0.09212299874267373,-0.09212299874267373,0.0,0.09212299874267373,B
F1,44,A,1,2,0,4,1,12,0,4,1,3,1,5,0,0.006255873836691971,-0.006255873836691971,0.0,0.006255873836691971,B
F1,45,A,0,2,0,2,3,0,1,3,1,5,1,12,2,0.30471095836467277,0.29219921069128885,0.2984550845279808,0.006255873836691961,A
F2,1,A,0,3,2,0,4,7,0,4,1,3,1,11,1,0.3683630646773586,0.24077103574613914,0.30456705021174885,0.06379601446560972,A
F2,2,B,1,1,0,5,0,7,3,0,1,3,1,4,1,0.42353739444181215,-0.29594536551059275,0.0637960144656097,0.3597413799762025,B
F2,3,A,1,1,0,3,1,3,1,2,0,4,0,10,2,0.24471327068519355,0.11712124175397412,0.18091725621958382,0.06379601446560972,A
F2,4,A,1,3,1,5,1,12,1,1,0,4,1,6,1,0.17495244103755106,0.12971702653203068,0.15233473378479087,0.02261770725276019,A
F2,5,B,1,1,1,4,0,4,0,3,1,0,6,10,2,0.6420053051420539,-0.116150458540906,0.26292742330057395,0.37907788184147995,B
F2,6,A,0,2,1,2,3,5,1,0,2,1,2,8,0,0.33325199000437467,-0.024396257508862568,0.15442786624775606,0.1788241237566186,B
F2,7,A,0,4,2,3,1,8,0,1,0,5,0,9,2,0.5758721282266029,0.5758721282266029,0.5758721282266029,0.0,A
F2,8,B,0,4,0,0,0,3,3,2,2,3,1,9,1,0.5346938210137535,-0.14380351963475352,0.1954451506895,0.33924867032425354,B
F2,9,A,1,1,2,1,1,5,2,1,1,3,1,6,3,0.20144183100937882,0.20144183100937882,0.20144183100937882,0.0,A
F2,10,A,1,3,0,1,2,6,2,4,2,5,0,1,2,0.2574239278168666,0.03086107947136142,0.14414250364411402,0.11328142417275261,A
F2,11,A,1,1,1,5,1,3,0,1,2,4,1,1,3,0.4417515470571926,0.34703072284452935,0.394391134950861,0.04736041210633163,A
F2,12,B,1,0,1,3,0,5,2,1,2,0,1,11,2,0.18322767839399837,-0.18322767839399837,0.0,0.18322767839399837,B
F2,13,A,1,4,2,3,0,1,1,0,2,0,5,1,1,0.45721636620340256,0.05315174952147517,0.25518405786243886,0.2020323083409637,A
F2,14,A,1,1,0,1,0,8,2,4,1,2,3,10,3,0.45071967910305766,-0.14255684129696325,0.15408141890304722,0.29663826020001044,B
F2,15,B,1,0,2,3,0,6,2,3,2,5,1,8,3,0.39492300686917314,-0.041524754557558385,0.17669912615580738,0.21822388071336576,B
F2,16,A,0,3,1,5,0,8,0,1,2,5,1,2,1,0.3106342827516145,0.20747719841139833,0.2590557405815064,0.05157854217010807,A
F2,17,A,0,3,0,1,0,4,0,0,0,4,0,2,2,0.5221685884556837,0.5221685884556837,0.5221685884556837,0.0,A
F2,18,A,1,4,1,1,4,7,2,0,0,2,2,6,0,0.6191435679024178,0.0932887213012698,0.3562161446018438,0.26292742330057395,A
F2,19,B,1,0,2,5,0,4,3,3,2,1,3,1,2,0.49383009600776673,-0.49383009600776673,0.0,0.49383009600776673,B
F2,20,B,1,0,0,4,0,11,3,1,2,1,4,1,3,0.2884778951971797,-0.2884778951971797,0.0,0.2884778951971797,B
F2,21,A,0,2,0,0,4,0,1,0,2,3,0,11,0,0.48373762131307635,0.12183937859821664,0.3027884999556465,0.18094912135742985,A
F2,22,B,0,0,1,1,1,12,1,2,2,1,4,9,2,0.36430595738468774,-0.10137853408411376,0.13146371165028697,0.23284224573440077,B
F2,23,A,1,1,1,2,3,8,1,0,1,2,3,3,0,0.1952597261158967,-0.06766769718467726,0.06379601446560973,0.13146371165028697,B
F2,24,B,0,1,1,1,3,0,2,2,0,5,0,11,0,0.5224444835804057,-0.13100239195196156,0.1957210458142221,0.3267234377661836,B
F2,25,B,1,3,0,5,0,1,1,3,0,3,1,2,1,0.07207125182205701,-0.07207125182205701,0.0,0.07207125182205701,B
F2,26,B,0,0,2,2,2,11,2,2,0,1,1,4,0,0.4894584065082331,-0.33681591246087406,0.07632124702367951,0.41313715948455354,B
F2,27,A,0,2,0,5,0,1,0,1,2,2,2,2,2,0.4977336438646804,0.15571323166768697,0.3267234377661837,0.1710102060984967,A
F2,28,B,1,3,0,2,2,12,2,3,2,4,1,9,0,0.3844840848297738,-0.24034158118565982,0.072071251822057,0.31241283300771683,B
F2,29,A,0,4,2,0,4,4,0,2,1,4,0,1,2,0.6130763353625521,0.6130763353625521,0.6130763353625521,0.0,A
F2,30,B,1,1,1,2,1,4,2,3,1,2,0,6,0,0.41735528954833,-0.36368361491525675,0.02683583731653663,0.3905194522317934,B
F2,31,A,1,3,0,2,0,9,0,4,1,3,1,3,2,0.4009196871890519,0.17017057391761636,0.28554513055333414,0.11537455663571777,A
F2,32,A,1,3,0,0,3,2,0,4,0,1,1,3,1,0.27154910800173016,0.1439570790705107,0.20775309353612043,0.06379601446560973,A
F2,33,A,0,1,2,0,2,8,1,1,1,0,5,6,2,0.23671392845346834,0.07569890455424855,0.15620641650385844,0.0805075119496099,A
F2,34,A,1,2,2,4,0,3,0,2,1,4,1,4,3,0.445969677120969,0.3922980024878958,0.4191338398044324,0.026835837316536604,A
F2,35,B,1,2,0,5,0,4,3,2,1,1,4,7,2,0.35402059478104575,-0.35402059478104575,0.0,0.35402059478104575,B
F2,36,B,1,4,1,5,1,10,1,4,2,0,1,4,0,0.26929495276765936,-0.26929495276765936,0.0,0.26929495276765936,B
F2,37,A,1,2,1,2,2,7,0,3,0,2,0,1,0,0.1422103939522544,0.014618365021034974,0.07841437948664469,0.06379601446560972,A
F2,38,A,0,1,2,5,0,11,0,4,1,4,0,4,0,0.23874845550316076,-0.18926304579601788,0.02474270485357144,0.21400575064958932,B
F2,39,B,1,2,2,1,2,1,2,2,2,5,1,4,1,0.2487703779778644,-0.014157045322709616,0.11730666632757739,0.131463711650287,B
F2,40,A,0,0,1,2,3,9,1,4,1,5,1,1,1,0.3767088542537927,-0.13365926147108503,0.12152479639135383,0.25518405786243886,B
F2,41,A,0,3,2,5,1,4,2,2,1,5,1,2,2,0.08853871931918116,0.08853871931918116,0.08853871931918116,0.0,A
F2,42,B,0,4,1,4,0,1,3,4,2,5,0,0,0,0.4417515470571926,-0.39651613255167223,0.02261770725276019,0.4191338398044324,B
F2,43,B,1,0,0,1,4,9,1,1,2,3,0,6,1,0.26586018794441946,0.039297339598914294,0.15257876377166688,0.11328142417275258,A
F2,44,A,1,1,1,2,0,12,0,3,0,2,1,0,3,0.5735617060521885,0.26470597355667635,0.4191338398044324,0.15442786624775606,A
F2,45,A,0,3,0,5,0,9,1,2,1,1,0,3,1,0.17900954833022192,-0.05141751939900249,0.06379601446560972,0.11521353386461221,B
R1,1,A,0,3,1,1,4,5,0,0,0,5,0,3,2,0.5671350401832473,0.535092650818584,0.5511138455009157,0.016021194682331652,A
R1,2,B,1,1,0,5,1,9,2,3,0,3,1,4,1,0.11941251170770026,-0.11941251170770026,0.0,0.11941251170770026,B
R1,3,A,1,1,0,5,0,0,2,0,2,5,0,11,1,0.19452129015052005,-0.0007440291038584707,0.0968886305233308,0.09763265962718926,B
R1,4,A,1,2,2,5,1,4,1,3,1,5,1,11,0,0.11366257097226207,0.09611845143124897,0.10489051120175552,0.008772059770506546,A
R1,5,A,0,0,2,0,6,11,1,2,0,2,3,9,1,0.4572762734019561,0.39014564495526655,0.42371095917861135,0.03356531422334477,A
R1,6,A,0,0,2,0,4,1,0,2,0,3,1,6,2,0.5122157681558827,0.47712752907385636,0.4946716486148695,0.017544119541013148,A
R1,7,B,0,0,0,1,0,6,1,4,0,4,1,6,1,0.21589897863683455,-0.03045276225426064,0.09272310819128696,0.12317587044554759,B
R1,8,B,0,1,1,5,0,10,3,0,2,3,1,2,0,0.2715762051378072,-0.25403208559679413,0.008772059770506546,0.2628041453673007,B
R1,9,B,1,0,1,3,1,1,1,1,1,1,4,3,3,0.35087155400426023,-0.31882916463959693,0.016021194682331652,0.3348503593219286,B
R1,10,A,0,3,2,1,2,8,1,4,2,2,1,5,2,0.1517991858879544,0.08619148229994629,0.11899533409395036,0.03280385179400406,A
R1,11,B,1,2,0,3,0,10,1,1,1,4,1,8,3,0.1926049183603832,-0.11324539335851214,0.039679762500935536,0.15292515585944766,B
R1,12,B,1,3,1,4,1,10,3,4,2,2,2,7,3,0.23152321843197804,-0.23152321843197804,0.0,0.23152321843197804,B
R1,13,B,1,4,1,2,0,11,0,2,2,0,0,10,2,0.13618645215663153,-0.10109821307460531,0.017544119541013106,0.11864233261561842,B
R1,14,B,1,2,0,4,1,8,2,3,0,0,4,11,1,0.42069755680628407,-0.372633972759289,0.024031792023497534,0.39666576478278653,B
R1,15,B,1,3,2,5,0,11,1,4,1,2,1,8,2,0.262430921162407,-0.16479826153521776,0.04881632981359463,0.2136145913488124,B
R1,16,B,1,4,2,3,0,11,2,0,2,5,0,0,2,0.1850202152957084,0.008787073790059927,0.09690364454288417,0.08811657075282422,A
R1,17,A,1,1,2,5,0,9,1,0,1,5,0,3,3,0.10565197363109623,0.009524805537106149,0.05758838958410119,0.04806358404699504,A
R1,18,A,1,3,0,3,1,11,2,4,1,3,0,0,1,0.2337925917004468,-0.05761732897340406,0.08808763136352138,0.14570496033692543,B
R1,19,B,1,0,0,2,3,7,2,4,2,2,2,9,3,0.23682972475506855,-0.028612072663362454,0.10410882604585305,0.1327208987092155,B
R1,20,B,0,2,2,2,2,10,0,4,0,0,3,2,2,0.3291645947219084,-0.1338992754675299,0.09763265962718926,0.23153193509471914,B
R1,21,B,0,4,0,3,1,7,3,4,2,4,1,9,2,0.14456155703994994,-0.0507037622144286,0.04692889741276067,0.09763265962718927,B
R1,22,A,1,2,1,5,1,0,3,1,0,3,0,7,0,0.2635656077966414,0.1399347968749255,0.20175020233578345,0.06181540546085795,A
R1,23,B,0,0,2,3,0,8,2,0,0,0,1,10,3,0.29446459386432927,-0.06715688524528735,0.11365385430952096,0.1808107395548083,B
R1,24,B,0,0,2,5,1,5,3,3,2,2,1,1,2,0.15108167686746996,-0.15108167686746996,0.0,0.15108167686746996,B
R1,25,B,1,0,1,4,0,4,2,4,0,1,0,11,0,0.2327018584750687,-0.022920836071557642,0.10489051120175552,0.12781134727331317,B
R1,26,A,1,1,1,3,1,9,0,1,0,4,0,2,2,0.22388584529570588,0.11173748251938409,0.16781166390754498,0.05607418138816089,A
R1,27,B,0,0,0,1,3,10,1,4,0,1,2,3,2,0.17925005183370848,-0.00307478910666574,0.08808763136352138,0.0911624204701871,B
R1,28,B,0,3,0,2,0,0,0,2,2,2,3,12,2,0.46679478158225,-0.2569963258532567,0.10489922786449665,0.3618955537177534,B
R1,29,A,1,1,2,3,1,10,2,2,0,1,0,7,3,0.28033954824557267,0.0911010337358486,0.18572029099071063,0.09461925725486203,A
R1,30,B,0,4,0,4,1,4,2,1,2,3,0,2,0,0.25896536771499096,-0.030157746364908904,0.11440381067504103,0.14456155703994994,B
R1,31,A,0,3,1,3,1,10,2,4,0,5,0,1,3,0.27958680247897305,0.11785193079697485,0.19871936663797396,0.08086743584099909,A
R1,32,A,1,0,2,2,0,3,1,1,2,2,0,11,2,0.07285683849983328,0.055312718958820166,0.06408477872932672,0.008772059770506557,A
R1,33,A,1,0,0,1,1,9,3,3,0,4,0,11,1,0.22314811354865965,0.17051575492562032,0.19683193423714,0.026316179311519666,A
R1,34,B,0,1,1,5,0,11,3,0,0,5,1,9,0,0.16169721562995423,-0.04652043646175186,0.05758838958410119,0.10410882604585305,B
R1,35,A,1,1,0,0,6,1,1,4,1,1,4,9,1,0.3463002533119127,0.19603523506168413,0.27116774418679845,0.0751325091251143,A
R1,36,B,0,0,0,2,3,10,2,2,1,0,2,10,3,0.21626348617898705,-0.040088223451944335,0.08808763136352135,0.1281758548154657,B
R1,37,B,0,3,0,5,1,2,1,0,2,4,0,3,2,0.2509547703738251,-0.006125954341411357,0.12241440801620686,0.1285403623576182,B
R1,38,A,1,1,2,0,4,4,2,4,1,5,0,3,2,0.5900321455725105,0.5213785922671395,0.555705368919825,0.03432677665268552,A
R1,39,B,0,3,1,1,1,0,3,0,2,2,3,6,2,0.33027905862958107,-0.11970412645169368,0.1052874660889437,0.2249915925406374,B
R1,40,B,0,0,0,2,1,2,3,2,2,0,4,5,2,0.46528687074312197,-0.4172232866961269,0.024031792023497534,0.44125507871962444,B
R2,1,A,0,4,1,1,4,0,0,3,0,0,5,7,2,0.373917684622666,0.3571698021352487,0.36554374337895734,0.00837394124370866,A
R2,2,B,0,3,1,3,0,7,0,3,2,0,3,1,0,0.2014021128646248,-0.2014021128646248,0.0,0.2014021128646248,B
R2,3,B,1,1,1,4,1,6,1,0,1,2,2,5,0,0.16732523132715496,0.0816174389433475,0.12447133513525123,0.04285389619190373,A
R2,4,A,0,3,1,0,6,3,0,1,2,5,0,7,2,0.5277553536179124,0.22520826478510808,0.3764818092015102,0.15127354441640214,A
R2,5,B,1,0,1,5,0,1,0,4,1,0,4,10,0,0.5688912225914846,-0.4938709884401946,0.037510117075645,0.5313811055158396,B
R2,6,B,0,1,0,2,1,9,1,2,1,3,1,9,3,0.3363692078756779,-0.21512055122762874,0.06062432832402459,0.27574487955165333,B
R2,7,B,0,2,0,0,6,7,3,4,2,2,1,11,3,0.6100306284665811,-0.4929488897400322,0.058540869363274434,0.5514897591033067,B
R2,8,A,1,2,1,3,1,11,1,0,0,0,6,4,0,0.5015726205707397,0.2988598088030695,0.4002162146869046,0.1013564058838351,A
R2,9,A,0,2,0,4,1,12,3,1,0,5,0,1,1,0.23931530335099505,0.02637524940692476,0.1328452763789599,0.10647002697203514,A
R2,10,A,1,3,0,1,3,2,3,2,0,1,0,1,2,0.1840731138145723,0.1151132039181822,0.14959315886637725,0.03447995494819506,A
R2,11,A,1,2,1,2,1,6,2,2,0,0,5,9,0,0.2578970100738098,0.06965682347609116,0.16377691677495046,0.09412009329885931,A
R2,12,A,1,4,0,3,0,11,1,2,0,2,2,8,3,0.3388182534404927,0.2803157437485614,0.3095669985945271,0.029251254845965663,A
R2,13,B,0,3,1,5,0,6,0,2,2,5,1,9,0,0.2966221931539103,-0.02267277816631124,0.13697470749379953,0.15964748566011078,B
R2,14,B,0,1,0,2,0,5,1,2,0,3,0,0,2,0.1756224532281774,-0.11499812490415282,0.030312164162012295,0.1453102890661651,B
R2,15,A,1,0,2,3,0,11,1,2,0,0,3,8,3,0.6497392835170057,0.076603550796652,0.3631714171568289,0.28656786636017684,A
R2,16,B,1,1,1,5,1,8,0,2,1,4,1,4,1,0.17145466244199464,-0.11083033411797007,0.030312164162012288,0.14114249827998235,B
R2,17,B,1,0,0,2,3,2,1,4,1,4,1,12,0,0.7378968394686645,-0.6210452587701742,0.05842579034924511,0.6794710491194194,B
R2,18,A,1,4,0,5,1,1,3,0,1,5,1,4,0,0.7525987498019923,0.26817867599711426,0.5103887128995532,0.242210036902439,A
R2,19,A,0,2,2,0,0,6,0,2,1,1,4,10,0,0.20144047253596795,0.1344489425862985,0.16794470756113322,0.033495764974834724,A
R2,20,B,0,1,0,1,1,7,3,2,0,3,1,6,2,0.1589512900834463,-0.1589512900834463,0.0,0.1589512900834463,B
R2,21,B,0,1,0,1,2,1,3,4,2,1,4,5,3,0.7093801398707064,-0.676037813581244,0.01667116314473116,0.6927089767259752,B
R2,22,A,0,0,2,0,5,2,2,1,1,1,2,6,1,0.3478500305895228,0.038283031994995734,0.19306653129225926,0.15478349929726354,A
R2,23,B,0,2,1,1,0,0,3,2,1,3,0,9,2,0.0678222812376573,0.007197952913632698,0.037510117075645,0.0303121641620123,A
R2,24,A,1,3,1,4,1,10,0,3,0,1,4,9,0,0.18056315893371094,0.1219839298990933,0.15127354441640212,0.02928961451730882,A
R2,25,A,0,4,2,1,3,3,1,2,1,4,1,2,1,0.42113188796050477,0.4127963063881392,0.416964097174322,0.00416779078618279,A
R2,26,B,0,3,1,3,1,12,2,1,2,2,1,1,1,0.4763740774969274,0.0215112630440775,0.24894267027050246,0.22743140722642494,A
R2,27,A,0,3,2,1,4,3,0,1,2,3,0,0,1,0.32525397176589776,0.30024722704880114,0.31275059940734945,0.012503372358548315,A
R2,28,A,1,2,2,1,0,8,2,1,0,4,1,7,1,0.46987232015995917,0.38416452777615173,0.42701842396805545,0.04285389619190372,A
R2,29,B,1,1,2,2,1,10,3,3,0,3,0,7,0,0.6633035651916006,-0.04146150503857474,0.31092103007651295,0.35238253511508766,B
R2,30,A,0,3,1,0,7,9,3,1,1,2,2,12,1,0.36394007717161875,0.24269142052356957,0.30331574884759416,0.06062432832402459,A
R2,31,A,1,2,2,1,0,5,0,0,2,1,1,9,2,0.33461210298296684,0.31786422049554947,0.3262381617392581,0.008373941243708688,A
R2,32,A,1,2,0,4,0,10,0,2,0,4,1,11,3,0.10347822451592832,0.08673034202851096,0.09510428327221965,0.008373941243708681,A
R2,33,A,1,3,0,4,1,5,3,0,0,2,0,1,0,0.4893956022802303,0.2741802910186944,0.38178794664946236,0.10760765563076796,A
R2,34,B,0,0,2,1,2,4,1,4,1,0,0,6,1,0.6742423490171899,-0.32152833206481984,0.17635700847618505,0.49788534054100486,B
R2,35,B,1,1,2,1,3,3,2,2,1,5,1,7,3,0.3394760893458141,0.09053341907531165,0.21500475421056287,0.12447133513525122,A
R2,36,A,1,3,1,5,1,2,0,0,0,4,0,9,2,0.6228603548931685,0.6228603548931685,0.6228603548931685,0.0,A
R2,37,A,1,1,0,4,1,1,1,1,0,3,1,11,1,0.04167790786182776,0.04167790786182776,0.04167790786182776,0.0,A
R2,38,A,0,0,1,0,0,6,3,0,0,3,0,12,2,0.20659245329551107,0.14596812497148648,0.17628028913349877,0.030312164162012295,A
R2,39,B,1,0,1,4,0,11,0,2,1,5,0,1,1,0.3209327422943425,-0.26030841397031795,0.030312164162012267,0.2906205781323302,B
R2,40,A,0,4,0,0,7,8,3,2,1,5,0,1,1,0.5486326672201693,0.06648785073275709,0.3075602589764632,0.24107240824370613,A
R2,41,A,0,0,2,0,0,5,2,2,0,2,3,9,3,0.6235949101411762,0.07546592213791914,0.34953041613954766,0.2740644940016285,A
R2,42,A,1,3,1,2,0,6,3,2,2,4,0,6,2,0.3060570437136656,-0.05711437344316318,0.12447133513525122,0.18158570857841438,B
R2,43,A,1,4,2,2,1,9,1,2,2,3,0,8,3,0.3221087306244185,0.31377314905205295,0.31794093983823574,0.00416779078618279,A
R2,44,A,1,2,1,5,0,11,1,1,0,2,3,6,0,0.35201782137570553,0.1994719377276011,0.27574487955165333,0.07627294182405221,A
R2,45,B,0,1,0,1,3,3,1,1,2,1,0,12,0,0.39549119380158754,-0.27022731218804547,0.06263194080677104,0.3328592529948165,B
R3,1,B,0,1,2,2,0,11,1,1,2,0,0,12,2,0.1422911320621874,0.019250606894130343,0.08077086947815887,0.06152026258402853,A
R3,2,A,1,3,0,0,1,0,2,3,1,4,0,6,3,0.32685569832120687,0.14834549473625028,0.23760059652872856,0.0892551017924783,A
R3,3,B,1,0,2,0,0,0,2,4,2,4,0,9,0,0.6964431148918652,-0.3287209377787056,0.1838610885565798,0.5125820263352854,B
R3,4,B,1,2,0,4,1,1,3,2,1,3,0,2,0,0.3488121607659641,-0.3352964800129591,0.006757840376502511,0.3420543203894616,B
R3,5,B,0,4,1,0,3,3,0,4,0,1,1,11,2,0.3221040142998254,0.3221040142998254,0.3221040142998254,0.0,A
R3,6,B,0,3,1,3,0,1,0,4,1,0,0,4,0,0.20369290703854354,-0.16314586477952842,0.02027352112950756,0.18341938590903598,B
R3,7,A,0,3,2,1,1,5,0,0,1,5,0,0,1,0.5935148340436839,0.5259364302786587,0.5597256321611712,0.03378920188251261,A
R3,8,B,0,3,1,2,0,12,3,4,1,3,1,0,0,0.4250322951480068,-0.36351203256397824,0.03076013129201427,0.3942721638559925,B
R3,9,A,0,1,2,2,0,0,1,1,0,3,0,4,2,0.31031472548463734,0.31031472548463734,0.31031472548463734,0.0,A
R3,10,A,0,3,2,1,0,8,0,3,0,0,6,6,0,0.2227860156299759,0.13423439153993727,0.1785102035849566,0.04427581204501932,A
R3,11,A,1,1,2,1,1,10,1,2,1,5,0,8,3,0.4649763579498463,0.2556670123778499,0.3603216851638481,0.10465467278599822,A
R3,12,A,1,3,2,3,1,11,0,2,0,3,1,0,1,0.4179984688611338,0.26932598057807833,0.34366222471960606,0.07433624414152773,A
R3,13,A,0,4,0,5,0,3,0,2,0,5,1,7,2,0.35733540377530915,0.35733540377530915,0.35733540377530915,0.0,A
R3,14,A,1,2,2,5,0,1,1,2,1,4,1,1,0,0.19402826218614888,-0.015518058601192299,0.0892551017924783,0.10477316039367059,B
R3,15,B,1,0,1,1,2,5,2,3,1,0,4,9,0,0.47923452710031655,-0.42517180408829636,0.0270313615060101,0.45220316559430646,B
R3,16,A,1,4,1,2,3,1,1,0,0,2,3,8,0,0.575128981661625,0.42710292345831236,0.5011159525599687,0.0740130291016563,A
R3,17,A,1,1,2,1,4,7,0,2,0,3,0,10,3,0.573482066636455,0.39120408257046857,0.48234307460346176,0.0911389920329932,A
R3,18,B,1,2,2,5,1,10,2,3,2,2,2,3,2,0.23072426854455363,-0.23072426854455363,0.0,0.23072426854455363,B
R3,19,A,0,0,2,5,1,11,1,0,0,2,2,6,0,0.3785928284451684,-0.021572421275255167,0.17851020358495662,0.20008262486021178,B
R3,20,B,0,1,1,2,0,7,2,0,0,3,0,9,0,0.37269596407380345,0.07664384766717808,0.22466990587049077,0.1480260582033127,A
R3,21,A,1,4,1,1,0,12,3,3,1,0,1,9,2,0.21618567355617135,-0.03390768949018502,0.09113899203299317,0.1250466815231782,B
R3,22,B,0,0,0,1,1,5,0,3,1,0,6,6,2,0.5482161077632873,-0.2386483106036569,0.15478389857981523,0.3934322091834721,B
R3,23,B,0,3,0,5,0,12,2,0,1,2,1,4,1,0.5830282238811773,-0.03619427168321815,0.2734169760989795,0.30961124778219773,B
R3,24,B,0,0,0,4,1,7,0,1,1,0,1,4,0,0.3237081401230361,-0.3237081401230361,0.0,0.3237081401230361,B
R3,25,B,0,2,2,2,0,8,2,2,2,5,1,5,0,0.26057997320886306,-0.07601918545677744,0.09228039387604281,0.16829957933282025,B
R3,26,B,1,0,1,5,0,4,2,0,1,2,2,1,1,0.18656694410720673,-0.18656694410720673,0.0,0.18656694410720673,B
R3,27,B,1,4,1,5,1,11,2,1,2,2,3,2,0,0.6637990933593361,-0.11696514116137699,0.2734169760989795,0.39038211726035654,B
R3,28,B,0,1,0,3,1,11,2,1,1,5,1,4,2,0.1980802470120245,-0.07503972184396743,0.06152026258402854,0.13655998442799597,B
R3,29,B,0,0,0,5,0,3,2,2,2,5,0,5,3,0.44831689750560433,-0.27325947779628146,0.08752870985466144,0.3607881876509429,B
R3,30,A,1,4,2,1,0,8,3,1,2,2,3,9,2,0.38494797686915266,0.23692191866583995,0.3109349477674963,0.07401302910165636,A
R3,31,B,0,4,0,3,1,1,0,4,2,2,0,1,0,0.20927033487697086,-0.20927033487697086,0.0,0.20927033487697086,B
R3,32,B,0,1,1,4,1,3,3,1,2,3,1,10,3,0.16732011572001024,-0.07271035044897492,0.04730488263551766,0.12001523308449258,B
R3,33,A,1,1,2,1,2,2,1,3,1,1,2,8,2,0.3860931572191361,0.021537189087163462,0.2038151731531498,0.18227798406598633,A
R3,34,A,1,4,2,4,0,0,2,4,0,4,0,12,3,0.3336173172046432,0.3336173172046432,0.3336173172046432,0.0,A
R3,35,A,0,2,0,3,1,2,0,0,1,3,1,10,1,0.3996088379721412,0.22109863438718455,0.3103537361796629,0.08925510179247832,A
R3,36,A,0,3,1,4,0,0,2,0,1,3,1,7,2,0.3514819900265115,0.28996172744248294,0.3207218587344972,0.03076013129201427,A
R3,37,B,0,1,2,1,1,8,3,2,0,1,2,1,3,0.31695407825346744,0.040066328916445765,0.17851020358495662,0.13844387466851082,A
R3,38,B,1,2,0,3,1,6,2,3,2,3,0,2,3,0.3706935862256162,-0.2226675280223035,0.07401302910165636,0.29668055712395985,B
R3,39,B,1,0,0,2,3,0,1,1,0,1,2,2,1,0.13541480407801249,-0.1083834425720024,0.013515680753005042,0.12189912332500744,B
R3,40,B,0,4,0,1,3,11,3,2,2,2,3,6,1,0.5733635790287825,-0.1472873483127813,0.2130381153580006,0.36032546367078194,B
R3,41,B,1,3,0,0,6,0,3,3,2,2,3,5,0,0.49585875535646684,-0.3052398264233845,0.09530946446654118,0.40054929088992564,B
R3,42,A,1,2,1,0,2,11,2,0,1,4,0,5,1,0.4198785805947149,0.19075843787337193,0.3053185092340434,0.11456007136067148,A
R3,43,A,1,3,2,3,0,3,0,2,1,5,0,12,2,0.4507609780013354,0.4507609780013354,0.4507609780013354,0.0,A
R3,44,A,1,3,1,2,2,6,1,2,2,5,0,5,2,0.3534453571796731,0.16141947284171151,0.2574324150106923,0.0960129421689808,A
R3,45,B,0,2,0,2,3,2,0,4,0,5,1,11,0,0.33537894133055185,-0.029177026801420813,0.15310095726456552,0.18227798406598633,B
R3,46,A,0,4,2,4,1,4,3,1,0,2,2,1,1,0.6817470216007849,0.22210733776708735,0.45192717968393614,0.2298198419168488,A
R3,47,B,0,1,2,2,0,4,1,4,0,2,1,2,1,0.46544286043694116,-0.10842245326702799,0.1785102035849566,0.28693265685198455,B
R4,1,B,1,3,1,4,1,11,3,1,2,0,1,3,2,0.3401646931964048,-0.3342061379693606,0.0029792776135220966,0.33718541558288273,B
R4,2,A,1,2,1,1,1,11,0,2,1,3,0,5,1,0.18200090237776642,0.18200090237776642,0.18200090237776642,0.0,A
R4,3,B,0,4,1,3,0,10,2,4,1,1,2,10,0,0.25172701616292403,-0.25172701616292403,0.0,0.25172701616292403,B
R4,4,B,1,4,2,3,0,2,2,1,0,3,1,7,3,0.29946670700077105,0.16001447943045577,0.2297405932156134,0.06972611378515764,A
R4,5,B,1,4,0,3,0,1,1,0,2,3,1,12,0,0.3009563458075321,-0.28903923535344367,0.005958555227044221,0.2949977905804879,B
R4,6,A,1,4,0,0,2,2,1,0,0,5,0,9,2,0.4260977542788814,0.4260977542788814,0.4260977542788814,0.0,A
R4,7,A,0,1,2,0,0,1,3,0,0,3,1,11,3,0.4648996122761621,0.32544738470584683,0.39517349849100447,0.06972611378515764,A
R4,8,A,0,0,0,2,3,11,1,3,1,2,0,1,3,0.3262830961734212,0.09207358653752463,0.20917834135547292,0.1171047548179483,A
R4,9,B,1,1,0,4,0,6,3,3,1,4,0,2,2,0.11561511601118724,-0.11561511601118724,0.0,0.11561511601118724,B
R4,10,A,0,2,2,0,1,8,0,4,1,4,1,7,2,0.3401646931964048,0.3342061379693606,0.33718541558288273,0.0029792776135220966,A
R4,11,B,1,4,0,3,1,3,3,3,0,1,0,12,2,0.18349054118452746,-0.041059036000690094,0.07121575259191867,0.11227478859260878,B
R4,12,B,1,2,1,5,0,4,1,2,1,1,2,5,0,0.36400180475553284,-0.36400180475553284,0.0,0.36400180475553284,B
R4,13,B,1,1,1,5,1,7,0,0,1,2,2,0,2,0.23962793548083186,-0.23664865786730974,0.0014896388067610622,0.2381382966740708,B
R4,14,B,1,0,1,5,0,12,1,2,1,0,1,1,3,0.3533923628802017,-0.3533923628802017,0.0,0.3533923628802017,B
R4,15,B,0,1,0,2,3,12,0,0,0,0,2,0,3,0.18349054118452746,-0.041059036000690094,0.07121575259191867,0.11227478859260878,B
R4,16,A,1,0,2,5,0,11,2,0,0,1,0,11,0,0.44982125398054784,0.0007220996101126864,0.22527167679533028,0.22454957718521756,A
R4,17,B,1,0,0,5,0,12,1,0,2,5,1,7,0,0.2949977905804879,-0.2949977905804879,0.0,0.2949977905804879,B
R4,18,A,1,2,2,2,0,11,3,1,1,1,4,2,3,0.44916732664136116,-0.2209163722325088,0.11412547720442619,0.335041849436935,B
R4,19,B,0,1,1,1,2,12,2,3,1,0,4,9,3,0.19856889948014178,-0.19856889948014178,0.0,0.19856889948014178,B
R4,20,B,1,4,0,3,0,1,0,2,0,1,3,7,2,0.3244324075616038,-0.3184738523345596,0.0029792776135220966,0.32145312994808173,B
R4,21,A,1,4,0,2,2,11,1,3,0,4,0,11,2,0.2532166549696851,0.2532166549696851,0.2532166549696851,0.0,A
R4,22,A,1,4,2,2,0,6,0,2,0,1,0,1,3,0.2843883487051567,0.17211356011254794,0.22825095440885235,0.05613739429630439,A
R4,23,A,0,4,0,1,4,3,1,2,1,5,1,10,3,0.5493430345518777,0.3240713577565475,0.4367071961542126,0.11263583839766511,A
R4,24,B,1,2,2,3,0,8,1,2,0,0,2,12,3,0.5331360872545587,-0.08259273366389819,0.22527167679533028,0.30786441045922847,B
R4,25,B,1,3,1,5,1,3,2,3,0,2,3,9,2,0.4205002488568936,-0.1952285720615633,0.11263583839766514,0.3078644104592284,B
R4,26,B,0,3,0,3,1,3,3,2,2,2,2,4,3,0.35262482368355336,-0.34964554607003123,0.0014896388067610622,0.3511351848767923,B
R4,27,A,1,3,1,2,3,6,2,0,1,1,2,4,0,0.1303324245017452,0.0180576359091364,0.0741950302054408,0.056137394296304405,A
R4,28,B,1,0,0,3,0,5,2,0,0,3,1,7,0,0.06972611378515764,-0.06972611378515764,0.0,0.06972611378515764,B
R4,29,B,1,2,1,3,0,6,1,2,0,1,4,1,2,0.5038150821309044,-0.2785434053355742,0.11263583839766511,0.3911792437332393,B
R4,30,A,0,1,1,1,1,6,0,3,0,3,1,7,2,0.22788990460379602,0.2219313493767518,0.22491062699027392,0.0029792776135221105,A
R4,31,A,1,3,2,2,1,6,0,2,0,5,0,5,1,0.4648996122761621,0.4648996122761621,0.4648996122761621,0.0,A
R4,32,A,0,4,2,4,0,0,3,4,1,3,1,6,0,0.23849934647912718,-0.01322766968379692,0.11263583839766514,0.12586350808146204,B
R4,33,B,1,4,1,1,2,8,2,2,0,0,4,7,1,0.3112047378778069,-0.07997450585543242,0.11561511601118724,0.19558962186661966,B
R4,34,A,1,4,1,1,3,12,1,4,2,3,1,6,2,0.3643628545605892,0.13909117776525892,0.25172701616292403,0.11263583839766514,A
R4,35,A,0,4,2,5,1,12,1,1,0,2,1,3,1,0.3981527761045266,0.06132841032670025,0.2297405932156134,0.1684121828889132,A
R4,36,A,0,2,0,0,1,4,1,2,1,4,0,6,1,0.4069115293680403,0.1816398525727101,0.2942756909703752,0.11263583839766511,A
R4,37,B,1,0,2,5,0,2,0,4,2,3,1,10,1,0.18795945760481064,-0.18795945760481064,0.0,0.18795945760481064,B
R4,38,A,1,3,1,3,1,12,1,1,1,3,0,12,3,0.07270539139867975,0.07270539139867975,0.07270539139867975,0.0,A
R4,39,A,0,1,2,2,1,8,0,2,0,3,1,9,2,0.2828987098983957,0.2799194322848736,0.28140907109163465,0.0014896388067610622,A
R4,40,B,1,2,1,2,0,8,0,2,1,0,1,6,2,0.18200090237776642,-0.18200090237776642,0.0,0.18200090237776642,B
R4,41,A,0,3,0,4,1,0,1,3,1,4,0,10,0,0.18236195218282275,-0.042909724612507485,0.06972611378515764,0.11263583839766511,B
R4,42,A,0,2,0,0,6,6,3,3,0,4,1,0,3,0.5746697849177669,0.5716905073042446,0.5731801461110058,0.0014896388067611177,A
R4,43,B,0,2,1,4,0,2,1,2,2,0,3,2,0,0.5463637569383556,-0.5463637569383556,0.0,0.5463637569383556,B
R4,44,B,0,0,0,2,0,5,2,2,1,2,0,6,0,0.11561511601118724,-0.11561511601118724,0.0,0.11561511601118724,B
R4,45,B,1,2,0,2,0,0,3,2,2,5,1,11,0,0.46340997346940105,-0.12658560769157473,0.16841218288891316,0.2949977905804879,B
R5,1,A,0,2,1,1,0,7,2,2,1,4,0,6,3,0.1999228968097926,0.1999228968097926,0.1999228968097926,0.0,A
R5,2,A,0,4,1,1,3,0,0,0,2,1,0,0,1,0.5479424938673586,0.4769447417376269,0.5124436178024927,0.03549887606486585,A
R5,3,A,0,4,0,0,2,9,2,1,0,1,4,3,1,0.4332688852763059,0.01671025520853034,0.2249895702424181,0.2082793150338878,A
R5,4,A,1,1,1,1,1,7,0,4,0,4,1,7,3,0.8602571367366617,0.4102779962518255,0.6352675664942435,0.2249895702424181,A
R5,5,A,0,4,1,3,1,0,2,1,0,4,0,2,3,0.4645895522291241,0.4645895522291241,0.4645895522291241,0.0,A
R5,6,A,1,4,2,1,2,3,2,4,0,1,0,2,3,0.27927706716361944,0.27927706716361944,0.27927706716361944,0.0,A
R5,7,A,0,0,1,4,1,8,1,4,0,1,2,5,2,0.5395860756432636,-0.06874252989394661,0.23542177287465849,0.30416430276860507,B
R5,8,A,0,4,1,0,5,12,3,1,2,4,0,5,1,0.681225285487107,-0.18946405388179505,0.245880615802656,0.43534466968445107,B
R5,9,A,1,2,2,3,0,11,1,0,1,3,1,2,0,0.3895930288149847,-0.01860918302869552,0.1854919228931446,0.2041011059218401,B
R5,10,A,0,4,1,5,0,8,0,3,1,5,1,3,3,0.6789434229555646,0.6705870047314695,0.6747652138435171,0.004178209112047582,A
R5,11,A,0,3,0,2,2,3,0,2,2,5,1,11,3,0.7499411750852965,0.6079456708258331,0.6789434229555648,0.0709977521297317,A
R5,12,B,0,1,0,2,0,8,1,3,1,3,0,12,3,0.5853377165127298,0.21435387072644063,0.3998457936195852,0.1854919228931446,A
R5,13,B,1,2,2,1,0,7,3,2,1,4,1,4,0,0.6394457756062912,-0.5684480234765594,0.0354988760648659,0.6039468995414253,B
R5,14,B,1,4,1,0,1,1,1,1,0,4,1,4,1,0.26048844630728396,0.26048844630728396,0.26048844630728396,0.0,A
R5,15,A,1,0,1,4,1,1,0,1,1,3,1,2,3,0.6747652138435172,0.5247721670152383,0.5997686904293777,0.07499652341413943,A
R5,16,A,1,1,1,4,1,6,3,2,0,3,0,2,2,0.3145965054008454,-0.23524233504701855,0.039677085176913415,0.27491942022393195,B
R5,17,B,1,2,2,4,0,9,2,1,2,2,1,9,1,0.2790976293359796,-0.12910458250770082,0.07499652341413938,0.20410110592184022,B
R5,18,A,0,3,0,5,1,0,0,2,1,0,3,8,3,0.7186205081324781,0.6309099195545561,0.6747652138435172,0.04385529428896101,A
R5,19,A,1,3,1,1,2,0,2,1,2,5,1,4,1,0.3895930288149848,-0.08125051693433213,0.15417125594032632,0.23542177287465849,B
R5,20,A,0,1,0,1,3,0,2,1,0,2,0,9,2,0.012534627336142742,0.012534627336142742,0.012534627336142742,0.0,A
R5,21,B,0,1,0,2,0,0,3,4,2,1,3,12,2,0.5084448465180852,-0.5084448465180852,0.0,0.5084448465180852,B
R5,22,A,1,4,0,1,1,11,1,2,0,5,1,7,2,0.3499159436380713,0.3499159436380713,0.3499159436380713,0.0,A
R5,23,B,1,0,1,0,2,3,2,0,2,1,4,6,1,0.24377819109875362,-0.24377819109875362,0.0,0.24377819109875362,B
R5,24,A,1,2,0,3,1,10,0,4,0,3,1,9,1,0.34991594363807127,0.049929849981513785,0.19992289680979253,0.14999304682827874,A
R5,25,A,0,2,1,0,0,3,2,2,2,4,0,7,3,0.23542177287465846,0.16442402074492676,0.1999228968097926,0.03549887606486585,A
R5,26,B,1,2,0,1,3,12,3,1,0,5,0,7,2,0.28745404756007475,-0.1123917460595105,0.08753115075028213,0.19992289680979264,B
R5,27,B,0,0,0,3,1,7,2,2,2,2,3,6,2,0.2293472171821056,-0.2293472171821056,0.0,0.2293472171821056,B
R5,28,A,0,3,2,5,1,1,3,0,2,1,3,1,2,0.4332688852763059,0.01671025520853034,0.2249895702424181,0.2082793150338878,A
R5,29,A,1,4,1,3,1,0,2,3,0,1,3,11,0,0.5186976113226855,-0.2977068123646751,0.11049539947900522,0.40820221184368033,B
R5,30,B,0,2,0,5,1,6,3,2,2,3,0,2,0,0.674944651671157,-0.6665882334470619,0.004178209112047582,0.6707664425591094,B
R5,31,A,1,3,0,0,2,0,0,1,1,1,4,5,1,0.3937712379270323,0.30606064934911026,0.34991594363807127,0.04385529428896101,A
R5,32,A,0,1,1,3,1,0,2,4,1,0,3,12,3,0.4332688852763059,-0.033423091656720666,0.19992289680979264,0.23334598846651328,B
R5,33,A,1,2,0,1,4,12,0,4,2,4,0,5,2,0.6375494290257859,0.19556783110976506,0.4165586300677755,0.22099079895801044,A
R5,34,B,1,0,1,0,6,2,2,4,2,5,1,7,0,0.7562218089012465,-0.7144397177807706,0.02089104556023791,0.7353307633410086,B
R5,35,A,1,0,2,2,0,3,1,1,0,3,0,1,1,0.14599427554387107,-0.003998771284407676,0.0709977521297317,0.07499652341413937,B
R5,36,A,1,1,2,0,3,9,2,3,1,2,2,1,1,0.3895930288149848,-0.31023885846115795,0.03967708517691343,0.3499159436380714,B
R5,37,A,0,3,0,3,0,5,1,4,1,0,2,2,0,0.3187747145128929,-0.3187747145128929,0.0,0.3187747145128929,B
R5,38,A,1,1,1,2,2,5,0,1,2,2,2,9,3,0.6352675664942435,0.564269814364512,0.5997686904293777,0.03549887606486579,A
R5,39,B,0,3,0,0,4,12,1,0,1,2,1,0,0,0.47294597045321923,0.0021024247039024835,0.23752419757856086,0.23542177287465837,A
R5,40,B,0,4,1,4,0,9,3,2,0,5,1,0,1,0.5895159256247774,-0.2185320798384882,0.1854919228931446,0.4040240027316328,B
R5,41,B,1,0,1,1,4,2,1,0,0,1,1,11,1,0.04803350340100859,0.04803350340100859,0.04803350340100859,0.0,A
R5,42,B,0,0,2,0,4,6,2,3,1,3,0,4,0,0.6770470763750595,-0.5726236513489471,0.052211712513056174,0.6248353638620032,B
R5,43,A,0,1,0,5,0,9,2,1,2,5,0,9,3,0.2709206489395243,0.12892514468006092,0.19992289680979258,0.07099775212973168,A
R5,44,B,0,1,2,5,0,3,1,4,1,4,0,2,3,0.6603342399268692,0.21035509944203296,0.43534466968445107,0.22498957024241814,A
R5,45,B,0,4,2,0,5,4,2,3,1,0,6,9,1,0.3145965054008454,-0.09360570644283497,0.1104953994790052,0.20410110592184016,B
R6,1,A,0,1,1,1,4,6,1,3,2,4,0,1,3,0.5819856741268339,0.4018424153951726,0.49191404476100326,0.09007162936583063,A
R6,2,A,0,0,1,3,1,2,1,4,0,5,0,0,2,0.4309662470124596,0.3791585624552857,0.40506240473387267,0.02590384227858697,A
R6,3,A,1,2,1,3,0,4,3,3,0,2,1,0,2,0.2475670170498516,-0.09332760059677728,0.07711970822653716,0.17044730882331444,B
R6,4,B,0,3,0,2,3,2,2,3,2,1,1,12,3,0.3182107647067421,-0.3182107647067421,0.0,0.3182107647067421,B
R6,5,B,0,1,0,3,1,12,3,0,2,3,1,0,0,0.16071537702272107,-0.14776345588342757,0.006475960569646749,0.15423941645307432,B
R6,6,B,1,1,2,3,1,8,3,0,0,2,1,10,2,0.32468672527638875,-0.0032559712309466193,0.16071537702272107,0.1639713482536677,B
R6,7,A,0,2,2,2,0,10,0,3,0,4,0,12,1,0.4886580735300565,0.4757061523907631,0.4821821129604098,0.0064759605696467215,A
R6,8,B,1,2,1,1,2,1,1,2,2,1,2,12,1,0.07711970822653716,-0.07711970822653716,0.0,0.07711970822653716,B
R6,9,A,0,2,2,1,1,11,1,1,2,4,0,10,0,0.49839000533065,0.49839000533065,0.49839000533065,0.0,A
R6,10,B,1,1,1,0,5,8,0,1,2,0,2,10,0,0.07711970822653716,-0.07711970822653716,0.0,0.07711970822653716,B
R6,11,A,0,2,1,0,6,3,1,4,2,3,0,1,3,0.5819856741268338,0.4018424153951725,0.49191404476100314,0.09007162936583063,A
R6,12,B,0,3,0,4,0,12,2,3,1,2,0,5,0,0.40506240473387267,-0.40506240473387267,0.0,0.40506240473387267,B
R6,13,A,0,3,2,1,3,8,2,0,1,2,1,9,1,0.2605189381891452,0.2605189381891452,0.2605189381891452,0.0,A
R6,14,A,1,2,1,3,1,9,3,1,2,4,0,5,0,0.24756701704985168,0.09332760059677736,0.17044730882331452,0.07711970822653716,A
R6,15,B,0,0,2,3,1,1,0,1,1,1,4,5,0,0.4115383653035194,-0.2572989488504451,0.07711970822653716,0.33441865707698226,B
R6,16,A,0,3,2,2,3,12,2,2,0,1,1,1,0,0.32468672527638887,-0.0032559712309467026,0.1607153770227211,0.16397134825366777,B
R6,17,B,1,3,0,5,0,0,2,3,2,3,1,6,0,0.4821821129604098,-0.4821821129604098,0.0,0.4821821129604098,B
R6,18,A,1,0,0,1,3,10,2,2,2,5,0,6,0,0.8230767306070388,0.48869405542230315,0.655885393014671,0.16719133759236782,A
R6,19,A,1,1,0,1,0,1,0,2,0,2,3,2,2,0.17044730882331452,0.15749538768402102,0.16397134825366777,0.006475960569646749,A
R6,20,B,1,2,1,4,0,3,0,1,2,1,0,1,0,0.5755097135571872,-0.5625577924178937,0.0064759605696467215,0.5690337529875404,B
R6,21,B,0,1,0,2,3,1,2,0,1,1,3,7,3,0.24756701704985168,-0.23461509591055818,0.006475960569646749,0.24109105648020493,B
R6,22,B,0,3,2,5,0,1,3,4,1,0,4,0,3,0.9034524100645225,-0.7492129936114482,0.07711970822653713,0.8263327018379854,B
R6,23,A,1,2,1,0,2,7,0,3,2,5,1,11,2,0.9034524100645225,0.7362610724721548,0.8198567412683386,0.08359566879618385,A
R6,24,A,1,2,1,1,4,1,0,2,1,5,1,1,2,0.655885393014671,0.655885393014671,0.655885393014671,0.0,A
R6,25,B,0,0,1,2,1,0,1,2,2,1,2,10,2,0.25404297761949846,-0.25404297761949846,0.0,0.25404297761949846,B
R6,26,A,1,1,2,4,1,4,0,4,2,4,1,12,1,0.019427881708940237,-0.019427881708940237,0.0,0.019427881708940237,B
R6,27,A,1,3,2,3,0,0,3,3,2,3,0,2,1,0.0,0.0,0.0,0.0,B
R6,28,B,1,1,2,5,0,3,2,0,2,3,1,4,2,0.3344186570769822,-0.32146673593768876,0.0064759605696467215,0.3279426965073355,B
R6,29,B,1,4,0,2,0,3,1,2,1,1,1,11,3,0.25404297761949846,-0.22813913534091143,0.012951921139293512,0.24109105648020496,B
R6,30,B,0,0,0,2,1,9,0,4,1,1,3,7,0,0.2669948987587919,-0.2669948987587919,0.0,0.2669948987587919,B
R6,31,B,1,3,1,4,0,8,2,1,2,1,3,1,1,0.5819856741268339,-0.5560818318482469,0.012951921139293499,0.5690337529875404,B
R6,32,B,1,4,0,0,3,4,0,3,1,0,6,11,3,0.08359566879618391,-0.07064374765689041,0.006475960569646749,0.07711970822653716,B
R6,33,B,0,2,2,5,0,0,1,0,2,1,1,4,3,0.6688373141539644,-0.6429334718753775,0.012951921139293443,0.655885393014671,B
R6,34,B,1,4,2,4,1,4,3,4,0,0,4,10,0,0.8101248094677453,-0.5016459765615966,0.15423941645307437,0.655885393014671,B
R6,35,A,1,1,2,3,1,0,3,0,0,3,0,10,3,0.16071537702272107,0.16071537702272107,0.16071537702272107,0.0,A
R6,36,A,0,4,0,2,0,0,1,0,2,4,0,6,0,0.5080859552389968,0.19960712233284816,0.3538465387859225,0.15423941645307432,A
R6,37,B,0,1,0,5,1,2,3,3,1,2,3,8,3,0.5819856741268338,-0.5819856741268338,0.0,0.5819856741268338,B
R6,38,B,0,0,1,3,1,4,3,4,2,1,4,0,1,0.4309662470124596,-0.4309662470124596,0.0,0.4309662470124596,B
R6,39,B,1,3,1,5,1,5,1,4,0,1,3,7,3,0.7394810618108549,-0.5852416453577806,0.07711970822653719,0.6623613535843178,B
R6,40,A,1,1,2,2,3,10,2,3,1,3,0,3,2,0.25404297761949834,0.22813913534091135,0.24109105648020485,0.012951921139293499,A
R6,41,B,0,2,1,3,0,10,3,3,1,3,1,0,1,0.006475960569646746,-0.006475960569646746,0.0,0.006475960569646746,B
R6,42,A,0,2,0,3,0,12,3,1,2,5,0,8,3,0.4886580735300565,0.18017924062390792,0.3344186570769822,0.15423941645307432,A
R6,43,A,1,1,2,0,4,2,2,3,2,4,0,8,1,0.6688373141539644,0.6429334718753775,0.655885393014671,0.012951921139293443,A
R6,44,A,1,4,2,2,0,10,1,2,0,4,1,11,2,0.4951340340997033,0.4951340340997033,0.4951340340997033,0.0,A
R6,45,B,0,1,1,4,0,3,0,0,1,1,2,11,1,0.49839000533065,-0.48543808419135653,0.0064759605696467215,0.49191404476100326,B
R6,46,B,1,2,1,4,0,12,3,2,0,2,0,12,0,0.40506240473387267,-0.2508229882807983,0.07711970822653719,0.3279426965073355,B
R6,47,B,0,4,1,2,3,2,1,1,0,0,7,7,0,0.4244902864428129,-0.23139510657185808,0.09654758993547741,0.3279426965073355,B
R6,48,A,0,4,0,2,0,10,3,0,2,2,3,1,2,0.18014325873166132,-0.12833557417448732,0.025903842278586997,0.15423941645307432,B
R7,1,A,1,4,0,3,1,2,0,1,2,1,1,7,3,0.40995044281641135,0.0876581418020135,0.24880429230921242,0.16114615050719894,A
R7,2,A,0,4,0,1,0,0,2,2,2,2,0,6,2,0.2189966571912396,-0.10329564382315823,0.05785050668404068,0.1611461505071989,B
R7,3,B,1,1,0,4,0,6,2,2,2,5,1,1,0,0.4177363066727149,-0.4177363066727149,0.0,0.4177363066727149,B
R7,4,B,1,4,0,5,0,6,3,1,2,3,1,10,0,0.4749597344717676,-0.39782572555971335,0.03856700445602712,0.43639273001574047,B
R7,5,A,1,4,0,4,1,0,0,2,1,1,1,12,3,0.39686962536085935,0.2357234748536604,0.3162965501072599,0.08057307525359947,A
R7,6,B,0,2,2,3,0,12,0,4,2,2,0,0,1,0.18256619228114085,-0.04883583445502186,0.06686517891305949,0.11570101336808136,B
R7,7,A,0,0,1,3,0,7,0,3,0,3,1,2,0,0.2034328735929964,-0.04228672308579748,0.08057307525359945,0.12285979833939693,B
R7,8,A,0,2,0,2,3,6,0,1,1,2,0,3,2,0.4671818147298279,0.2481851575385883,0.3576834861342081,0.1094983285956198,A
R7,9,B,0,4,1,1,2,5,0,3,1,0,4,7,0,0.16858558776673963,-0.1300185833107125,0.01928350222801356,0.14930208553872606,B
R7,10,A,0,0,2,2,1,4,0,2,0,0,4,7,1,0.4808897110703679,0.03298345445418964,0.25693658276227876,0.2239531283080891,A
R7,11,A,0,0,0,1,1,0,0,2,1,1,2,4,2,0.32752148030510864,0.01707324425918362,0.17229736228214612,0.15522411802296252,A
R7,12,B,1,2,0,3,0,3,2,2,1,4,0,0,2,0.1094983285956198,-0.1094983285956198,0.0,0.1094983285956198,B
R7,13,B,1,4,0,1,1,11,0,1,0,1,4,5,0,0.2818036349921298,-0.2818036349921298,0.0,0.2818036349921298,B
R7,14,B,1,2,0,4,1,2,2,2,2,4,1,10,1,0.30514533833231267,-0.15087732050820418,0.07713400891205424,0.22801132942025842,B
R7,15,B,1,1,1,1,1,11,1,4,2,4,0,5,1,0.21307462470700314,-0.06377253916827708,0.07465104276936303,0.1384235819376401,B
R7,16,B,1,0,0,5,0,11,2,1,1,5,1,11,2,0.1552241180229625,-0.1552241180229625,0.0,0.1552241180229625,B
R7,17,A,0,3,0,1,4,1,1,3,1,4,0,6,2,0.494251180814145,0.33310503030694605,0.4136781055605455,0.08057307525359947,A
R7,18,B,1,4,2,3,1,1,2,4,0,1,3,9,0,0.5213126027840982,-0.04475228394559193,0.23828015941925312,0.28303244336484507,B
R7,19,A,1,1,0,2,1,8,0,3,1,4,1,5,2,0.24322868642173878,0.02423202923049922,0.133730357826119,0.10949832859561978,A
R7,20,B,1,4,0,4,0,9,2,2,1,4,0,5,1,0.18600525862268608,-0.18600525862268608,0.0,0.18600525862268608,B
R7,21,B,1,2,1,5,1,4,0,0,1,5,1,2,1,0.08614868114107305,0.04758167668504593,0.06686517891305949,0.019283502228013557,A
R7,22,B,0,2,2,3,0,9,0,2,1,2,3,3,0,0.36237671024572926,-0.20123055973853032,0.08057307525359947,0.2818036349921298,B
R7,23,A,0,1,2,3,1,7,1,2,1,1,2,6,1,0.16486586913696927,-0.003719718629770361,0.08057307525359945,0.08429279388336981,B
R7,24,B,0,0,1,5,0,11,1,1,2,5,1,5,2,0.27993980362006265,-0.14620944579394363,0.06686517891305951,0.21307462470700314,B
R7,25,B,1,3,1,2,1,3,2,2,1,0,6,11,1,0.5172544016719289,-0.36298638384782045,0.07713400891205424,0.4401203927598747,B
R7,26,A,1,2,2,3,1,8,2,4,0,2,2,2,1,0.3605128788736621,-0.03822057785926431,0.1611461505071989,0.19936672836646321,B
R7,27,B,1,1,0,0,3,1,1,1,1,1,2,6,0,0.2702980525060559,-0.024578455827262015,0.12285979833939693,0.14743825416665896,B
R7,28,B,0,1,1,5,0,7,1,3,2,1,4,6,1,0.3888189974450584,-0.3888189974450584,0.0,0.3888189974450584,B
R7,29,A,1,3,2,2,3,1,0,4,0,4,1,6,0,0.3586569916159589,0.3586569916159589,0.3586569916159589,0.0,A
R7,30,A,1,0,1,1,3,9,2,1,2,3,1,11,1,0.3160238419333986,0.021147333600080642,0.16858558776673963,0.14743825416665898,A
R7,31,B,1,2,1,1,2,10,1,2,2,2,1,10,0,0.22208929693602197,-0.07278721139729591,0.07465104276936303,0.14743825416665896,B
R7,32,B,0,4,1,5,0,12,1,0,2,1,3,6,1,0.36237671024572926,-0.36237671024572926,0.0,0.36237671024572926,B
R7,33,A,1,3,1,2,1,1,2,1,0,3,0,3,2,0.17450762025097605,0.17450762025097605,0.17450762025097605,0.0,A
R7,34,A,0,0,0,1,4,11,2,2,1,5,0,2,1,0.5328181852701721,0.06439015688473212,0.29860417107745213,0.23421401419271998,A
R7,35,B,1,2,0,1,0,9,2,2,1,5,0,8,2,0.09021482636760624,-0.09021482636760624,0.0,0.09021482636760624,B
R7,36,A,1,3,0,5,1,4,0,0,1,3,0,4,2,0.2889544758490815,0.12780832534188258,0.20838140059548205,0.08057307525359947,A
R7,37,A,1,1,2,3,1,9,0,2,0,5,1,10,1,0.23765308053426518,0.23765308053426518,0.23765308053426518,0.0,A
R7,38,B,0,4,0,2,0,2,2,4,2,3,1,7,2,0.28400594884659586,-0.18758843770652806,0.0482087555700339,0.23579719327656196,B
R7,39,B,1,4,0,5,1,11,0,2,1,1,1,10,0,0.09021482636760622,-0.09021482636760622,0.0,0.09021482636760622,B
R7,40,A,1,4,1,5,0,0,2,0,0,0,2,8,1,0.3738743486174393,-0.058460180286131896,0.1577070841656537,0.21616726445178558,B
R7,41,B,1,3,1,0,1,12,2,3,0,4,1,3,0,0.30107919310577946,-0.13993304259858055,0.08057307525359945,0.22050611785218,B
R7,42,A,0,3,0,4,1,1,0,0,1,5,0,2,2,0.2985962269630883,0.13745007645588936,0.21802315170948883,0.08057307525359947,A
R7,43,A,1,0,0,0,5,4,2,2,0,0,1,9,2,0.34681292664748603,0.34681292664748603,0.34681292664748603,0.0,A
R7,44,A,0,1,2,3,1,7,1,4,0,0,0,0,2,0.3701546299876689,0.235170114391574,0.30266237218962144,0.06749225779804745,A
R7,45,B,1,4,1,5,0,4,0,4,2,4,0,7,0,0.10949832859561981,-0.0516478219115791,0.028925253342020354,0.08057307525359945,B
R7,46,A,0,2,2,1,4,2,0,0,0,3,0,11,0,0.546526081610712,0.546526081610712,0.546526081610712,0.0,A
R7,47,A,1,2,1,2,1,11,2,2,1,3,0,2,1,0.22829198170848355,-0.07898989616975749,0.07465104276936303,0.1536409389391205,B
R8,1,B,0,2,0,4,0,4,2,2,2,4,0,7,2,0.224384285118286,-0.1877948801134659,0.018294702502410054,0.20608958261587595,B
R8,2,A,0,0,0,4,0,7,0,2,2,1,2,6,3,0.5838108507706711,-0.1198516415057479,0.2319796046324616,0.3518312461382095,B
R8,3,A,1,0,2,5,1,8,2,1,2,4,1,4,2,0.024392936669880076,-0.024392936669880076,0.0,0.024392936669880076,B
R8,4,A,1,0,1,1,2,0,3,4,1,4,0,6,3,0.1762328343596836,0.1762328343596836,0.1762328343596836,0.0,A
R8,5,B,0,2,2,1,1,6,2,0,0,2,1,12,1,0.32000552249818326,0.16535245274320887,0.24267898762069606,0.0773265348774872,A
R8,6,A,0,3,2,4,1,7,1,1,1,5,1,11,3,0.28209079773279244,0.28209079773279244,0.28209079773279244,0.0,A
R8,7,B,1,3,0,0,5,9,1,4,2,5,0,4,0,0.663015861717872,0.0352012850564455,0.3491085733871587,0.31390728833071324,A
R8,8,A,1,1,1,4,1,0,3,4,0,5,1,5,2,0.21086249702277526,0.05620942726780086,0.13353596214528807,0.0773265348774872,A
R8,9,B,0,3,0,3,1,8,2,2,1,5,1,4,1,0.20476426285530525,-0.20476426285530525,0.0,0.20476426285530525,B
R8,10,A,1,2,2,5,1,5,0,0,1,5,0,8,3,0.4231408131202414,0.4231408131202414,0.4231408131202414,0.0,A
R8,11,A,0,2,2,4,0,0,2,2,2,2,1,0,2,0.06982171467743174,-0.06982171467743174,0.0,0.06982171467743174,B
R8,12,A,0,0,1,0,5,2,0,0,1,4,1,1,3,0.5173646975096586,0.5051682291747186,0.5112664633421886,0.006098234167470018,A
R8,13,B,1,4,0,4,0,5,2,1,1,1,3,7,0,0.4793594734301476,-0.45496653676026755,0.012196468334940036,0.4671630050952076,B
R8,14,B,1,2,1,2,1,11,3,2,1,5,0,0,2,0.21422882539708915,-0.07458539604222567,0.06982171467743174,0.1444071107196574,B
R8,15,B,0,3,1,2,2,8,2,3,2,4,1,12,1,0.274585977532737,-0.08615667483811337,0.09421465134731181,0.18037132618542517,B
R8,16,A,0,0,0,3,1,7,3,0,1,0,2,10,3,0.1911612084877798,-0.15457180348295968,0.018294702502410054,0.17286650598536973,B
R8,17,B,0,1,2,1,3,3,3,0,2,5,0,0,0,0.45973945116716686,-0.0408091631025764,0.20946514403229521,0.25027430713487164,B
R8,18,A,0,2,2,0,4,7,0,4,0,2,3,6,1,0.3593360663382649,0.3471395980033249,0.3532378321707949,0.006098234167470018,A
R8,19,B,1,4,0,1,0,12,3,2,1,4,0,11,0,0.3411226301078696,-0.3411226301078696,0.0,0.3411226301078696,B
R8,20,A,1,0,0,5,0,10,0,3,1,2,1,2,1,0.2989789142026171,-0.14432584444764268,0.0773265348774872,0.22165237932512988,B
R8,21,A,1,0,2,3,0,0,2,1,0,2,2,7,2,0.3884206511430296,0.1091337924333026,0.24877722178816608,0.1396434293548635,A
R8,22,B,1,2,1,1,4,6,3,1,2,4,1,11,0,0.5749807108100449,-0.09506808107075423,0.2399563148696453,0.33502439594039957,B
R8,23,B,0,3,0,4,0,8,1,4,1,3,1,6,0,0.26238950919779697,-0.26238950919779697,0.0,0.26238950919779697,B
R8,24,A,0,0,0,1,4,4,2,1,0,2,3,1,1,0.165442952057329,-0.025799522702465515,0.06982171467743174,0.09562123737989726,B
R8,25,B,1,0,0,5,1,11,2,1,2,3,0,0,1,0.4203184080129651,-0.2806749786581016,0.06982171467743176,0.35049669333553335,B
R8,26,B,0,4,1,4,1,5,1,4,2,4,1,2,1,0.12133949381034803,-0.12133949381034803,0.0,0.12133949381034803,B
R8,27,A,1,2,0,4,1,7,0,4,1,1,2,9,1,0.26238950919779697,-0.08334350277294252,0.08952300321242723,0.17286650598536973,B
R8,28,A,0,4,1,1,2,9,0,3,0,5,1,12,2,0.3458142782427542,0.3458142782427542,0.3458142782427542,0.0,A
R8,29,B,1,2,2,2,1,6,3,1,2,1,1,12,3,0.03658940500482011,0.03658940500482011,0.03658940500482011,0.0,A
R8,30,A,1,2,1,0,6,0,3,3,1,2,3,7,0,0.48413238783704693,0.02017317857212375,0.25215278320458534,0.2319796046324616,A
R8,31,A,1,0,1,3,0,10,1,4,1,5,1,0,1,0.13080405635213194,-0.13080405635213194,0.0,0.13080405635213194,B
R8,32,A,1,3,2,2,3,9,0,3,0,2,1,10,0,0.3518312461382095,0.3518312461382095,0.3518312461382095,0.0,A
R8,33,A,1,3,1,4,1,11,2,4,1,2,0,1,3,0.20813059122961913,0.08616590788021877,0.14714824955491895,0.06098234167470018,A
R8,34,A,1,0,0,1,1,12,1,1,0,1,2,7,2,0.17763942039226904,-0.022986350637294622,0.07732653487748721,0.10031288551478183,B
R8,35,B,1,3,2,3,0,4,2,3,2,4,0,12,2,0.04878587333976015,0.04878587333976015,0.04878587333976015,0.0,A
R8,36,A,1,0,2,5,0,3,3,2,0,0,7,0,1,0.8677893576152826,-0.45561019238353073,0.20608958261587595,0.6616997749994067,B
R8,37,A,1,0,2,5,1,8,2,2,2,4,0,6,1,0.159344717889859,-0.019701288534995504,0.06982171467743174,0.08952300321242725,B
R8,38,A,1,0,0,3,0,0,2,4,0,5,0,12,0,0.2278318797646146,-0.08147425974533418,0.07317881000964022,0.1546530697549744,B
R8,39,A,1,0,0,5,1,7,0,1,1,3,0,4,3,0.4231408131202414,0.1804618254995453,0.30180131930989335,0.12133949381034805,A
R8,40,A,1,0,2,0,3,1,3,1,1,5,0,3,1,0.4793594734301476,0.1700533339201988,0.3247064036751732,0.1546530697549744,A
R8,41,B,1,2,2,5,1,9,1,1,1,5,1,9,0,0.18037132618542517,0.025718256430450795,0.10304479130793798,0.0773265348774872,A
R8,42,B,1,4,1,3,1,12,3,0,0,4,0,3,2,0.3050771483700871,0.04065586360065236,0.17286650598536973,0.13221064238471736,A
R8,43,A,0,4,2,4,1,2,1,4,2,1,2,7,2,0.17763942039226904,0.037995991037405565,0.1078177057148373,0.06982171467743174,A
R8,44,B,0,4,2,4,1,6,0,1,2,5,0,8,3,0.3139977876448334,0.3139977876448334,0.3139977876448334,0.0,A
R8,45,A,0,3,0,3,1,0,1,2,0,4,1,0,3,0.15465306975497442,0.15465306975497442,0.15465306975497442,0.0,A
R8,46,A,1,0,1,2,3,6,2,4,2,2,0,8,0,0.4793594734301476,-0.03603624869567709,0.22166161236723525,0.25769786106291237,B
R8,47,B,1,1,1,3,1,12,2,2,0,0,7,4,3,0.6480874875897759,-0.2873448352189255,0.18037132618542517,0.4677161614043507,B
V1,1,B,0,1,1,5,0,1,3,0,1,2,2,9,1,0.3393385823128599,-0.3393385823128599,0.0,0.3393385823128599,B
V1,2,A,1,1,2,2,0,10,2,4,1,0,5,9,3,0.46677744320874137,0.07421346332367675,0.27049545326620905,0.19628198994253232,A
V1,3,A,1,4,1,1,3,11,0,3,0,0,2,2,2,0.41570955606804205,0.31788880264965463,0.3667991793588483,0.04891037670919371,A
V1,4,B,1,3,2,0,3,1,1,3,2,3,1,4,3,0.3393385823128599,0.3393385823128599,0.3393385823128599,0.0,A
V1,5,B,1,1,2,4,0,9,3,2,2,3,0,12,2,0.12552185549700412,-0.12552185549700412,0.0,0.12552185549700412,B
V1,6,A,1,3,2,4,1,4,0,1,2,5,0,8,2,0.22182558158964338,0.22182558158964338,0.22182558158964338,0.0,A
V1,7,B,0,1,0,0,2,10,2,0,0,1,4,10,0,0.24151782889447235,-0.14369707547608485,0.04891037670919375,0.19260745218527858,B
V1,8,B,0,2,1,4,0,2,3,0,1,4,1,0,3,0.01969224730482896,-0.01969224730482896,0.0,0.01969224730482896,B
V1,9,A,0,2,2,1,2,11,1,2,1,0,2,9,1,0.24279435118759246,0.144973597769205,0.19388397447839872,0.04891037670919374,A
V1,10,A,0,2,1,1,4,4,3,0,0,4,1,6,1,0.5529148040960876,0.24646888894484614,0.39969184652046685,0.15322295757562074,A
V1,11,B,0,1,0,2,3,1,1,4,0,3,0,6,1,0.10798711862368063,0.10798711862368063,0.10798711862368063,0.0,A
V1,12,B,1,0,1,3,0,1,0,0,1,4,0,5,0,0.04891037670919378,0.04891037670919378,0.04891037670919378,0.0,A
V1,13,B,0,1,1,3,0,12,2,1,0,4,0,0,2,0.24279435118759252,0.24279435118759252,0.24279435118759252,0.0,A
V1,14,A,1,0,1,0,3,8,2,0,1,5,0,7,3,0.38024010424826604,0.38024010424826604,0.38024010424826604,0.0,A
V1,15,A,1,4,1,3,1,2,0,3,0,2,1,2,3,0.4726287875510235,0.374808034132636,0.42371841084182976,0.04891037670919374,A
V1,16,B,1,3,0,3,1,10,1,0,1,1,4,3,1,0.3507814698112731,-0.3507814698112731,0.0,0.3507814698112731,B
V1,17,B,1,2,0,4,0,6,0,3,2,1,4,4,2,0.7664910258793153,-0.46004511072807397,0.15322295757562066,0.6132680683036946,B
V1,18,B,0,1,2,1,3,6,0,0,2,0,1,9,2,0.24151782889447235,0.14369707547608485,0.19260745218527858,0.04891037670919375,A
V1,19,B,0,4,1,4,0,9,2,2,1,5,1,0,0,0.22182558158964338,-0.1240048281712559,0.048910376709193744,0.17291520488044965,B
V1,20,B,0,0,0,4,0,2,1,2,1,4,0,11,1,0.19388397447839872,-0.19388397447839872,0.0,0.19388397447839872,B
V1,21,A,0,3,2,1,4,7,2,1,1,4,0,3,3,0.49599557261310623,0.49599557261310623,0.49599557261310623,0.0,A
V1,22,B,1,2,0,1,0,5,3,3,1,0,1,0,2,0.3390980772802318,-0.3390980772802318,0.0,0.3390980772802318,B
V1,23,A,1,1,2,2,2,8,1,3,2,3,0,2,1,0.08829487131885166,0.08829487131885166,0.08829487131885166,0.0,A
V1,24,B,0,1,0,1,1,3,3,3,0,1,1,0,2,0.07661147878781036,-0.07661147878781036,0.0,0.07661147878781036,B
V1,25,B,1,4,1,1,3,2,0,2,2,0,4,1,2,0.41570955606804205,-0.10926364091680071,0.15322295757562066,0.2624865984924214,B
V1,26,B,1,3,0,2,3,2,1,2,0,2,2,10,1,0.01969224730482896,0.01969224730482896,0.01969224730482896,0.0,A
V1,27,B,1,3,1,2,0,4,0,4,1,0,6,5,0,0.21597423724736128,-0.21597423724736128,0.0,0.21597423724736128,B
V1,1,A,0,1,2,1,4,11,1,0,0,4,1,9,3,0.7467987785744863,0.7467987785744863,0.7467987785744863,0.0,A
V1,2,A,1,2,0,0,6,3,1,3,0,0,3,10,2,0.13568822070229725,0.13568822070229725,0.13568822070229725,0.0,A
V1,3,A,0,0,1,1,1,8,2,0,2,0,6,12,3,0.41786706649954763,-0.26464410892392687,0.07661147878781038,0.34125558771173725,B
V1,1,B,1,4,1,1,1,10,0,3,2,2,1,4,0,0.24279435118759252,-0.14497359776920493,0.04891037670919379,0.19388397447839872,B
V1,2,B,1,0,0,0,1,6,1,1,2,0,3,11,2,0.5037639223542657,-0.35054096477864505,0.07661147878781033,0.4271524435664554,B
V1,3,A,0,4,1,2,1,2,3,3,0,3,1,2,3,0.24279435118759246,0.24279435118759246,0.24279435118759246,0.0,A
V1,4,B,1,2,0,3,0,12,1,3,2,0,3,1,2,0.6701872997866759,-0.5169643422110551,0.07661147878781038,0.5935758209988655,B
V1,5,B,1,2,2,1,0,8,0,2,0,3,1,12,0,0.5052809496800139,0.46589645507035604,0.485588702375185,0.019692247304828936,A
V1,6,B,0,2,1,5,0,0,0,2,0,2,2,9,3,0.609834035579069,0.23760278610459057,0.4237184108418298,0.18611562473723922,A
V1,7,B,1,4,1,4,0,0,2,2,1,4,1,9,1,0.09630372609263932,-0.09630372609263932,0.0,0.09630372609263932,B
V1,8,B,0,0,0,5,1,12,0,2,0,4,1,2,1,0.12552185549700406,0.027701102078616577,0.07661147878781033,0.048910376709193744,A
V1,9,A,1,1,0,3,1,10,2,0,0,4,0,2,2,0.06860262401402274,0.06860262401402274,0.06860262401402274,0.0,A
V1,10,A,1,1,2,0,2,12,0,1,2,4,0,7,0,0.23502600144643299,0.23502600144643299,0.23502600144643299,0.0,A
V1,11,B,1,4,0,5,0,9,0,2,2,4,0,8,3,0.6665127620294222,-0.20684388930256015,0.22983443636343104,0.4366783256659912,B
V1,12,B,0,4,1,3,0,4,3,2,0,3,1,3,0,0.4434106581466587,-0.05564270918986128,0.19388397447839872,0.24952668366825997,B
V1,13,B,0,2,1,2,1,1,0,2,2,2,1,1,0,0.19388397447839872,-0.19388397447839872,0.0,0.19388397447839872,B
V1,14,B,0,2,1,0,6,0,3,3,2,2,0,0,0,0.639692648089191,-0.20774417359446848,0.21597423724736126,0.42371841084182976,B
V2,1,B,1,1,0,4,0,8,1,4,2,0,0,2,2,0.6396014511860046,-0.6279746492629599,0.005813400961522386,0.6337880502244823,B
V2,2,A,0,0,2,3,0,11,2,4,0,5,1,1,0,0.6578379271970339,-0.011925651339173917,0.32295613792893,0.3348817892681039,B
V2,3,A,0,4,2,5,1,5,2,1,1,5,1,7,2,0.28809474851094197,0.28809474851094197,0.28809474851094197,0.0,A
V2,4,A,1,2,2,2,0,2,1,1,1,0,5,3,3,0.42574300655571967,-0.057401577411600305,0.1841707145720597,0.24157229198365998,B
V2,5,A,0,3,0,1,3,7,0,3,2,4,0,9,3,0.4912276864305352,0.04818516574372368,0.26970642608712947,0.22152126034340577,A
V2,6,A,1,1,2,0,0,5,1,1,2,5,0,10,2,0.29947924038881923,0.29947924038881923,0.29947924038881923,0.0,A
V2,7,A,1,1,1,4,1,0,1,0,0,4,0,0,0,0.1983690673974672,0.1867422654744225,0.19255566643594485,0.005813400961522358,A
V2,8,A,1,4,2,0,0,0,0,0,2,1,0,0,2,0.27741445425426625,0.27741445425426625,0.27741445425426625,0.0,A
V2,9,A,0,2,0,1,0,11,2,0,0,2,1,11,3,0.19209342940314136,0.13603846364388708,0.16406594652351422,0.02802748287962714,A
V2,10,B,0,0,0,5,0,5,1,4,0,1,2,11,0,0.527902709986468,-0.4317139608741011,0.04809437455618348,0.47980833543028456,B
V2,11,A,0,2,2,2,3,4,0,3,0,3,1,11,3,0.4556115248134849,0.34807641804425515,0.40184397142887,0.05376755338461486,A
V2,12,B,0,2,0,4,1,9,2,1,0,2,1,1,3,0.22514166467323946,-0.10597975598096504,0.05958095434613721,0.16556071032710223,B
V2,13,B,0,0,1,5,0,4,3,3,0,0,0,0,3,0.557713400660147,-0.33619214031674133,0.11076063017170282,0.4469527704884442,B
V2,14,B,1,1,1,3,0,7,3,1,1,1,0,3,1,0.14512459587935797,-0.14512459587935797,0.0,0.14512459587935797,B
V2,15,B,1,2,0,5,0,11,2,3,1,0,1,10,1,0.4599719904539751,-0.4599719904539751,0.0,0.4599719904539751,B
V2,16,B,1,0,0,0,3,2,1,0,1,0,5,8,2,0.22072337144866308,-0.1129078204132513,0.05390777551770589,0.16681559593095718,B
V2,17,A,1,0,1,5,1,5,2,1,0,3,0,8,1,0.3238511322610832,0.0018194683977603024,0.16283530032942176,0.16101583193166144,A
V2,18,A,0,4,1,0,3,6,1,3,1,2,2,10,3,0.22691963214359995,0.22691963214359995,0.22691963214359995,0.0,A
V2,19,B,0,2,0,2,0,7,0,3,2,5,0,10,1,0.45730171834592104,-0.09327590911012015,0.18201290461790043,0.2752888137280206,B
V2,20,B,0,2,0,5,1,5,3,0,1,3,1,11,2,0.37363839004416266,-0.06237942739333622,0.1556294813254132,0.21800890871874945,B
V2,21,A,1,1,2,4,1,6,3,3,0,3,0,10,2,0.4456776061173361,0.11754571307030767,0.2816116595938219,0.1640659465235142,A
V2,22,A,0,3,2,1,0,7,3,1,1,1,4,12,2,0.37629771488444985,0.14045104992438787,0.25837438240441885,0.11792333248003099,A
V2,23,A,0,3,1,2,1,8,3,1,0,5,1,8,0,0.38788825620378603,0.3530078504346518,0.37044805331921893,0.017440202884567102,A
V2,24,A,1,4,1,3,1,6,0,0,0,4,1,5,1,0.3903774125571441,0.37434595437174956,0.3823616834644468,0.008015729092697266,A
V2,25,B,1,3,0,1,3,0,3,3,1,1,4,2,3,0.15481957123672452,-0.12275665486593551,0.016031458185394504,0.13878811305133001,B
V2,26,A,0,2,1,1,1,10,2,3,1,5,0,0,0,0.37644888428530776,0.08534559181604347,0.2308972380506756,0.14555164623463215,A
V2,27,B,1,3,0,2,0,12,3,3,1,0,4,6,2,0.3782132147934416,-0.3782132147934416,0.0,0.3782132147934416,B
V2,28,B,0,0,0,1,3,6,2,0,1,2,3,0,0,0.22119924544369324,-0.11976436785816898,0.05071743879276213,0.1704818066509311,B
V2,29,B,1,0,0,0,5,8,3,4,2,4,1,2,2,0.805478936089128,-0.17551956271001395,0.314979686689557,0.490499249399571,B
V2,30,A,1,3,0,4,1,8,0,1,0,4,1,11,1,0.13739569500884385,0.13739569500884385,0.13739569500884385,0.0,A
V2,31,B,0,0,2,3,0,9,0,3,1,0,2,11,2,0.5079288325715273,-0.2310910520112431,0.1384188902801421,0.36950994229138523,B
V2,32,A,1,2,2,3,0,10,1,2,0,2,1,9,1,0.30828191110849223,0.1347606095783192,0.22152126034340572,0.08676065076508652,A
V2,33,A,0,1,0,0,6,6,3,0,1,1,0,4,2,0.4052553787737596,0.14004440013652014,0.2726498894551399,0.13260548931861973,A
V2,34,A,1,3,0,2,3,2,1,2,2,4,0,3,3,0.48044867096816823,0.03740615028135682,0.25892741062476254,0.22152126034340572,A
V2,35,A,0,0,2,0,3,11,2,0,0,0,4,9,2,0.26558020140842736,0.17746231927838407,0.22152126034340572,0.044058941065021645,A
V2,36,B,0,1,2,5,0,10,2,2,0,4,1,7,2,0.3780809226785016,0.06496159800830983,0.2215212603434057,0.15655966233509588,A
V2,37,B,1,0,2,2,0,7,3,0,2,0,1,3,1,0.17315207875898514,-0.17315207875898514,0.0,0.17315207875898514,B
V2,38,B,1,0,0,2,2,0,0,2,0,1,2,9,1,0.2362075083577895,-0.08029758276619423,0.07795496279579764,0.15825254556199186,B
V2,39,A,0,4,2,2,3,11,3,4,2,5,1,7,3,0.24027019850832965,0.17614436576675163,0.20820728213754064,0.03206291637078901,A
V2,40,B,1,2,0,3,0,0,1,0,1,1,4,5,2,0.47773259246997407,-0.17087828608149733,0.15342715319423839,0.3243054392757357,B
V2,41,A,1,4,0,0,3,4,3,0,0,4,1,3,1,0.49363746548450416,0.4543524034530202,0.4739949344687622,0.019642531015741982,A
V2,42,B,0,0,1,4,1,3,1,3,1,1,3,4,2,0.3833390723456049,-0.3556808122371656,0.013829130054219652,0.36950994229138523,B
V2,43,A,0,3,1,4,1,4,3,0,1,5,0,0,2,0.2779238991585452,0.20217126449392248,0.24004758182623384,0.037876317332311366,A
V2,44,A,1,3,2,4,0,2,2,0,1,1,4,11,2,0.6084671000566177,0.07994260426302775,0.34420485215982277,0.264262247896795,A
V2,45,B,0,1,2,4,1,7,0,2,0,0,5,6,1,0.6040976304717972,-0.14942830786194114,0.22733466130492802,0.3767629691668692,B
V2,46,B,0,0,1,4,0,6,2,2,0,1,4,3,2,0.5066051721158193,-0.2850839117724136,0.11076063017170287,0.39584454194411645,B
V2,47,,0,3,2,0,2,9,0,3,1,2,3,7,1,0.2620678497837711,0.1739499676537278,0.21800890871874945,0.04405894106502166,A
V3,1,,0,0,2,0,0,0,0,4,0,0,5,2,1,0.5670981168753311,-0.12654620901280905,0.220275953931261,0.3468221629440701,B
V3,2,A,1,4,2,2,2,11,0,0,0,1,3,3,2,0.6331825965649394,0.4972040673168637,0.5651933319409015,0.06798926462403784,A
V3,3,B,1,4,0,5,1,7,3,1,2,0,6,7,1,0.8357136018024552,-0.4191572822506415,0.20827815977590686,0.6274354420265484,B
V3,4,B,0,2,0,3,1,2,1,3,0,2,2,0,1,0.13741531788267347,-0.13741531788267347,0.0,0.13741531788267347,B
V3,5,B,0,2,1,3,1,6,3,2,0,2,3,10,0,0.3599837440093191,-0.20692095505315616,0.07653139447808147,0.28345234953123766,B
V3,6,B,1,3,0,3,0,8,0,3,2,5,1,8,1,0.34243089319743125,0.008658135321294301,0.17554451425936277,0.16688637893806849,A
V3,7,B,1,1,2,2,2,2,3,2,0,4,0,9,0,0.5601068663881685,0.017975770020308757,0.2890413182042386,0.2710655481839299,A
V3,8,B,1,0,1,5,1,5,1,1,0,3,1,0,3,0.38871512697117794,0.03320032188537736,0.21095772442827765,0.1777574025429003,A
V3,9,A,0,3,0,0,6,5,0,1,2,2,2,5,2,0.5899669346355172,0.2838413567231912,0.4369041456793542,0.153062788956163,A
V3,10,B,0,0,2,4,1,0,0,3,0,3,1,10,1,0.4827197883493002,-0.04216788048677819,0.22027595393126098,0.2624438344180392,B
V3,11,A,1,3,1,4,1,0,0,1,2,4,0,5,3,0.4308465859025525,0.27778379694638955,0.354315191424471,0.07653139447808147,A
V3,12,B,1,2,1,3,0,10,3,3,2,3,0,11,3,0.1459574477367171,-0.1459574477367171,0.0,0.1459574477367171,B
V3,13,B,0,2,1,4,1,3,3,4,1,2,1,5,3,0.2471834558015359,-0.2471834558015359,0.0,0.2471834558015359,B
V3,14,B,0,0,2,2,3,10,3,1,1,4,1,1,0,0.4835754719100871,-0.05855562445777268,0.2125099237261572,0.2710655481839299,B
V3,15,B,0,1,2,5,1,3,1,4,1,0,3,3,1,0.5832851074284611,-0.4302223184722981,0.0765313944780815,0.5067537129503796,B
V3,16,B,1,2,1,5,0,9,2,4,0,3,1,8,0,0.47196477021171906,-0.31890198125555613,0.07653139447808147,0.39543337573363757,B
V3,17,A,1,1,1,1,1,6,0,4,1,4,0,12,2,0.5190251036344056,0.10246878408259186,0.3107469438584987,0.20827815977590686,A
V3,18,B,0,1,1,1,0,1,1,3,0,3,1,6,0,0.404751605236621,-0.035026117711928685,0.18486274376234615,0.21988886147427486,B
V3,19,B,1,1,2,5,1,12,3,2,0,0,4,1,3,0.5347879853711768,-0.22866240745885089,0.15306278895616293,0.38172519641501385,B
V3,20,B,0,2,0,4,0,11,3,4,2,2,3,3,0,0.6433565096287097,-0.6433565096287097,0.0,0.6433565096287097,B
V3,21,A,1,4,2,3,0,3,0,0,0,4,0,2,1,0.5521458416079358,0.5521458416079358,0.5521458416079358,0.0,A
V3,22,A,0,3,0,2,0,3,0,3,0,4,1,1,3,0.3237944341914645,0.2961472542276534,0.30997084420955895,0.013823589981905526,A
V3,23,B,1,2,0,5,0,10,2,2,2,2,3,1,2,0.35703058282827654,-0.35703058282827654,0.0,0.35703058282827654,B
V3,24,B,1,4,1,5,0,0,0,1,2,4,1,4,2,0.4872251488282224,0.1981838306239837,0.342704489726103,0.14452065910211934,A
V3,25,B,0,0,0,1,4,11,2,4,1,4,1,6,2,0.5582034013847376,-0.15026781364051037,0.2039677938721136,0.35423560751262395,B
V3,26,A,1,2,1,2,2,11,3,0,0,4,0,11,2,0.41857519521852654,0.28414886526833033,0.35136203024342844,0.0672131649750981,A
V3,27,A,1,3,0,2,2,7,2,0,2,5,1,10,2,0.5376615626403722,0.23153598472804646,0.38459877368420936,0.15306278895616288,A
V3,28,B,0,1,2,1,0,10,1,3,2,1,4,4,1,0.1941464664448933,-0.1941464664448933,0.0,0.1941464664448933,B
V3,29,A,1,2,1,0,2,9,0,2,1,1,2,2,1,0.1213788396172304,0.1213788396172304,0.1213788396172304,0.0,A
V3,30,A,0,0,0,3,1,12,2,0,0,3,0,3,3,0.0810367549570036,0.0810367549570036,0.0810367549570036,0.0,A
V3,31,B,1,0,1,2,1,10,3,4,2,3,1,8,2,0.4756144471298544,-0.3672830978455897,0.054165674642132344,0.42144877248772206,B
V3,32,B,0,2,0,5,0,5,2,3,2,0,5,6,2,0.5624351653349878,-0.5624351653349878,0.0,0.5624351653349878,B
V3,33,A,0,0,2,1,4,2,2,4,1,4,1,7,3,0.6254165663598357,0.0700081402907507,0.34771235332529316,0.2777042130345425,A
V3,34,B,0,1,1,4,1,11,3,4,1,3,0,7,0,0.477906919325239,-0.45025973936142794,0.013823589981905526,0.46408332934333346,B
V3,35,A,1,3,2,2,2,0,0,2,1,1,4,8,0,0.2277703023426605,0.06414459313077371,0.1459574477367171,0.0818128546059434,A
V3,36,B,1,2,0,5,1,0,1,2,1,1,3,10,3,0.4552676029606181,-0.18641494306022569,0.1344263299501962,0.32084127301042187,B
V3,37,A,1,4,1,1,4,4,1,2,1,5,1,7,3,0.5314119049817133,0.5314119049817133,0.5314119049817133,0.0,A
V3,38,A,0,2,2,5,1,7,0,1,1,3,1,7,1,0.32150196199607983,0.1048392634275505,0.21317061271181517,0.10833134928426466,A
V3,39,B,1,0,2,5,0,8,2,4,1,0,3,7,3,0.7337479156441002,-0.44625879673774105,0.1437445594531796,0.5900033561909206,B
V3,40,B,1,1,0,4,1,4,2,4,0,0,1,10,2,0.4249408583444362,-0.4249408583444362,0.0,0.4249408583444362,B
V3,41,A,1,3,0,0,0,8,1,1,0,4,0,12,2,0.4227279700608987,0.4227279700608987,0.4227279700608987,0.0,A
V3,42,B,1,3,1,1,2,1,2,4,2,1,3,9,2,0.15978103771862262,-0.15978103771862262,0.0,0.15978103771862262,B
V3,43,A,1,3,0,0,6,2,3,1,1,1,4,5,3,0.2971963556012961,0.1441335666451331,0.2206649611232146,0.0765313944780815,A
V3,44,A,1,0,1,4,0,0,1,1,1,5,0,1,3,0.2580180578509641,0.1191659513336929,0.1885920045923285,0.0694260532586356,A
V3,45,B,0,1,0,0,7,4,2,3,0,2,2,12,1,0.38351457068616157,-0.02861597229857704,0.17744929919379226,0.2060652714923693,B
V5,1,A,1,0,2,4,0,5,0,4,1,5,1,7,3,0.43401659383487173,0.04271346671696637,0.23836503027591904,0.1956515635589527,A
V5,2,B,1,1,1,4,1,12,1,4,0,0,5,2,2,0.6783029671116556,-0.4108010016945078,0.1337509827085739,0.5445519844030817,B
V5,3,B,1,0,2,4,1,11,1,4,0,1,3,8,3,0.7388205035655302,-0.20381657273123446,0.2675019654171479,0.4713185381483823,B
V5,4,B,1,2,2,3,1,2,2,0,1,0,5,6,3,0.5467098420530813,-0.09934275426722124,0.22368354389293002,0.32302629816015127,B
V5,5,A,0,4,2,1,3,1,2,1,1,0,4,6,1,0.3710631101417449,0.14824933572752236,0.25965622293463364,0.11140688720711128,A
V5,6,A,1,0,0,0,4,8,0,2,2,3,0,0,2,0.6804608247616553,0.0015661777605448443,0.3410135012611,0.33944732350055523,A
V5,7,A,1,1,2,1,2,9,3,2,1,1,4,12,2,0.21029014568123308,0.039224616634966014,0.12475738115809955,0.08553276452313353,A
V5,8,A,0,4,2,2,1,2,3,2,1,2,1,12,1,0.2326771454434044,0.19670273924150683,0.21468994234245561,0.017987203100948784,A
V5,9,A,1,2,2,2,0,6,3,2,0,2,0,8,2,0.2585083638666735,0.24052116076572472,0.2495147623161991,0.008993601550474378,A
V5,10,A,0,3,1,3,0,6,1,2,0,3,0,8,1,0.1697236617502776,0.1697236617502776,0.1697236617502776,0.0,A
V5,11,A,0,4,2,4,0,1,0,2,2,4,0,6,1,0.09892616273483046,0.09892616273483046,0.09892616273483046,0.0,A
V5,12,A,0,4,1,3,0,4,0,2,0,4,1,4,0,0.3171032279990925,0.28553034561861146,0.301316786808852,0.01578644119024053,A
V5,13,A,0,4,1,5,1,3,2,1,0,3,1,2,1,0.44190351341790074,0.07740893245136655,0.25965622293463364,0.1822472904832671,A
V5,14,B,0,1,0,5,0,2,0,4,2,4,1,6,0,0.48682688974937005,-0.48682688974937005,0.0,0.48682688974937005,B
V5,15,B,1,1,1,5,1,1,0,0,1,2,0,8,1,0.32962685673208203,-0.19013421006629608,0.06974632333289298,0.25988053339918904,B
V5,16,A,1,0,1,2,1,1,2,4,1,3,1,4,2,0.26649196683510845,-0.0932382779023158,0.08662684446639632,0.17986512236871213,B
V5,17,A,0,3,2,2,3,4,2,0,1,4,0,12,1,0.4892628369886224,0.4712756338876736,0.480269235438148,0.008993601550474406,A
V5,18,B,0,0,1,0,6,1,3,1,1,1,3,6,3,0.17895244862929602,0.08901988744493995,0.133986168037118,0.04496628059217803,A
V5,19,A,0,3,1,3,0,6,3,2,2,5,0,5,2,0.3519709522335447,0.0844689868163968,0.21821996952497075,0.13375098270857394,A
V5,20,B,0,3,2,3,0,2,2,1,2,1,1,8,2,0.2789726913073893,-0.09910756893867717,0.08993256118435605,0.18904013012303322,B
V5,21,B,1,4,0,3,0,1,3,3,1,0,2,2,1,0.4791642806308965,-0.38923171944654045,0.044966280592178026,0.43419800003871845,B
V5,22,B,0,1,1,5,0,10,3,2,0,3,1,8,2,0.3677573934237852,-0.11824263110758614,0.12475738115809953,0.24300001226568568,B
V5,23,B,1,3,0,3,0,9,1,4,2,3,1,1,3,0.3282546871995664,-0.2922802809976689,0.017987203100948757,0.31026748409861765,B
V5,24,A,1,3,2,0,4,8,3,3,0,3,0,12,2,0.5815346620268247,0.563547458925876,0.5725410604763503,0.00899360155047435,A
V5,25,B,0,0,1,2,2,6,3,0,2,5,1,11,0,0.42740516039895227,0.1239287887799069,0.27566697458942957,0.1517381858095227,A
V5,26,A,0,1,2,1,4,9,3,3,0,5,1,5,2,0.7423076264873366,0.5444553010176758,0.6433814637525062,0.0989261627348304,A
V5,27,A,1,0,2,2,0,3,1,0,2,4,0,8,2,0.18224729048326707,0.18224729048326707,0.18224729048326707,0.0,A
V5,28,B,1,2,0,5,0,0,1,2,2,2,1,12,3,0.5431689400065774,-0.5071945338046798,0.017987203100948812,0.5251817369056286,B
V5,29,A,0,0,0,0,1,3,3,3,1,4,1,3,2,0.6151572023506934,0.07785755338047735,0.3465073778655854,0.268649824485108,A
V5,30,B,1,1,0,4,0,10,1,4,1,3,0,1,1,0.34628306740103,-0.34628306740103,0.0,0.34628306740103,B
V5,31,A,1,4,0,2,2,4,2,0,0,3,0,0,0,0.3160520523165383,0.2800776461146408,0.29806484921558957,0.017987203100948757,A
V5,32,B,0,3,0,5,1,4,1,4,0,4,1,12,0,0.14058672660904875,-0.14058672660904875,0.0,0.14058672660904875,B
V5,33,A,0,1,2,5,1,11,3,0,1,4,1,5,2,0.26534410776714834,0.07410321573340686,0.1697236617502776,0.09562044601687074,A
V5,34,A,1,3,1,3,1,10,3,1,2,3,1,7,0,0.24167074699387878,-0.06180562462516665,0.08993256118435607,0.15173818580952272,B
V5,35,B,0,4,1,0,1,3,3,2,2,0,5,1,3,0.2778357071034178,-0.09797058473470568,0.08993256118435607,0.18790314591906176,B
V5,36,B,0,1,2,4,0,9,2,2,2,0,0,9,0,0.4094608615587122,-0.4094608615587122,0.0,0.4094608615587122,B
V5,37,A,1,1,1,1,2,5,3,3,2,5,1,1,2,0.5859773629487559,0.13861027516289595,0.3622938190558259,0.22368354389293,A
V5,38,A,0,3,1,0,7,9,2,1,1,1,4,10,2,0.22391872922147404,0.22391872922147404,0.22391872922147404,0.0,A
V5,39,B,1,0,2,1,2,6,1,4,2,4,0,0,1,0.47131853814838237,0.11158829341095806,0.2914534157796702,0.17986512236871216,A
V5,40,A,1,1,0,1,3,3,3,2,1,3,1,6,0,0.40153103771497456,0.008122104911573037,0.2048265713132738,0.19670446640170075,A
V5,41,B,1,0,2,1,0,11,3,0,2,2,2,11,2,0.12719332839735187,0.04606036053544088,0.08662684446639637,0.040566483930955494,A
V5,42,A,0,2,1,3,0,7,1,3,0,4,1,2,3,0.2901241505078633,0.1686187069430261,0.2293714287254447,0.060752721782418584,A
V5,43,B,1,2,1,3,1,11,1,3,1,0,2,3,2,0.32962685673208203,-0.3116396536311332,0.008993601550474406,0.3206332551816076,B
V5,44,A,0,2,2,2,3,5,3,2,0,4,1,3,1,0.47232853673042163,0.4363541305285241,0.4543413336294729,0.017987203100948757,A
V5,45,B,0,4,0,2,2,5,2,0,1,0,4,10,0,0.5274362779410343,-0.16770603320361,0.17986512236871216,0.34757115557232215,B
V5,46,A,1,1,2,2,0,4,0,1,2,5,0,2,3,0.2868613380506122,0.2868613380506122,0.2868613380506122,0.0,A
V6,1,A,1,3,2,4,0,6,1,3,0,2,2,4,1,0.1934384748345575,-0.07263210366533654,0.06040318558461048,0.133035289249947,B
V6,2,A,1,4,2,2,0,0,0,0,1,2,3,9,0,0.5567896167791275,0.35877250269781996,0.4577810597384737,0.09900855704065378,A
V6,3,A,0,1,0,2,3,3,2,0,0,4,0,3,2,0.27293300833337375,0.27293300833337375,0.27293300833337375,0.0,A
V6,4,B,1,2,2,0,6,6,1,3,2,5,1,2,1,0.4394830898614097,0.22569335638832544,0.3325882231248676,0.10689486673654214,A
V6,5,A,1,2,2,4,0,11,2,4,2,3,0,0,3,0.28511233230136795,-0.2094967192009784,0.03780780655019478,0.24730452575117318,B
V6,6,A,0,2,2,1,4,0,0,0,1,2,2,11,3,0.4569352428878319,0.4569352428878319,0.4569352428878319,0.0,A
V6,7,B,1,0,0,0,4,7,2,3,0,2,2,5,1,0.4915276960097682,-0.2254571175098741,0.13303528924994706,0.35849240675982114,B
V6,8,A,1,3,0,1,4,4,2,2,0,1,1,7,0,0.2815190368775854,0.13028781067680636,0.2059034237771959,0.07561561310038951,A
V6,9,B,0,1,2,1,3,6,2,4,1,1,2,11,3,0.42169685189901096,-0.21967234852024176,0.1010122516893846,0.32068460020962636,B
V6,10,A,1,0,2,3,0,12,0,3,1,4,0,6,0,0.38440098528002054,-0.2569682151392322,0.06371638507039418,0.32068460020962636,B
V6,11,A,1,3,2,5,0,2,3,4,2,3,0,2,3,0.17392445129271997,-0.17392445129271997,0.0,0.17392445129271997,B
V6,12,A,0,3,1,2,2,6,1,0,2,4,1,0,0,0.4887264364551888,0.3527076377701888,0.4207170371126888,0.0680093993425,A
V6,13,B,1,4,0,4,1,6,1,0,2,0,4,10,1,0.7210503786837885,0.13410855520854853,0.42757946694616855,0.29347091173761997,A
V6,14,B,0,3,1,1,3,7,2,4,0,3,1,5,3,0.3079395553289892,0.0941498218559049,0.20104468859244706,0.10689486673654215,A
V6,15,A,1,3,1,4,1,5,2,1,0,5,1,1,3,0.3153139250936732,0.3153139250936732,0.3153139250936732,0.0,A
V6,16,A,1,2,2,2,3,10,2,2,1,4,0,12,0,0.27185534748952633,0.1206241212887473,0.19623973438913683,0.07561561310038951,A
V6,17,A,1,4,1,0,2,12,0,0,1,0,3,9,1,0.4983901258432479,0.43238442114947867,0.4653872734963633,0.033002852346884604,A
V6,18,A,1,4,0,1,1,10,1,3,2,3,1,3,1,0.23432763687733044,0.1135212657081095,0.17392445129271997,0.06040318558461047,A
V6,19,B,0,3,2,5,1,0,0,0,0,0,0,1,2,0.6572802126319557,0.32213228985106634,0.489706251241511,0.16757396139044467,A
V6,20,A,1,4,2,4,1,7,0,1,2,3,1,0,0,0.3541993924877153,0.2871698079315374,0.32068460020962636,0.033514792278088956,A
V6,21,A,0,0,2,2,3,5,0,0,2,3,0,12,3,0.245946768969327,0.245946768969327,0.245946768969327,0.0,A
V6,22,A,1,2,0,5,1,3,1,1,2,5,0,5,2,0.23810871121823196,0.11730234004901102,0.1777055256336215,0.06040318558461047,A
V6,23,B,1,0,2,3,0,6,0,3,2,4,0,8,3,0.4676228121382996,-0.17374638828095312,0.14693821192867323,0.32068460020962636,B
V6,24,A,1,2,1,3,1,9,0,1,0,2,2,9,1,0.2414219107040156,0.1083866214540686,0.1749042660790421,0.0665176446249735,A
V6,25,A,0,4,2,4,1,7,0,1,0,2,1,5,0,0.4481173703504147,0.314058201238059,0.38108778579423686,0.06702958455617786,A
V6,26,A,0,3,0,0,5,9,3,3,2,0,3,8,2,0.16421669682857445,-0.032205287441036054,0.06600570469376921,0.09821099213480525,B
V6,27,B,1,3,0,5,0,2,1,4,2,1,1,1,2,0.3721678803305877,-0.2965522672301981,0.03780780655019478,0.3343600737803929,B
V6,28,B,1,3,1,4,1,3,2,1,0,2,2,7,0,0.4196393762688415,0.06834327626193751,0.2439913262653895,0.17564805000345202,A
V6,29,A,1,4,2,5,0,6,2,0,2,1,3,2,1,0.6984549996493727,0.1567039342429643,0.42757946694616855,0.2708755327032042,A
V6,30,B,0,4,1,3,0,2,0,2,0,0,6,2,1,0.5803606237311586,-0.016762358099990042,0.2817991328155843,0.2985614909155743,B
V6,31,A,1,2,2,3,0,12,3,1,2,2,1,12,3,0.17341251136151564,0.04037722211156862,0.10689486673654214,0.0665176446249735,A
V6,32,B,0,4,1,2,3,4,3,4,2,4,1,4,0,0.27666030169283656,-0.010589723192942505,0.13303528924994704,0.14362501244288953,B
V6,33,B,1,0,2,5,1,1,1,3,0,3,1,9,0,0.4859251769006095,-0.3651188057313885,0.0604031855846105,0.425521991315999,B
V6,34,A,1,3,2,1,3,6,0,1,2,2,3,2,2,0.3229201388515627,0.3229201388515627,0.3229201388515627,0.0,A
V6,35,B,1,0,2,0,1,1,3,0,1,3,0,9,2,0.20155662852365136,0.1259410154232618,0.16374882197345658,0.03780780655019478,A
V6,36,A,1,2,1,2,2,10,2,0,2,1,2,6,3,0.31531392509367323,0.18788115495288485,0.25159754002327905,0.06371638507039419,A
V6,37,B,1,2,0,2,2,2,1,3,1,2,2,1,1,0.13709645952884736,-0.13709645952884736,0.0,0.13709645952884736,B
V6,38,B,0,0,1,2,3,12,1,1,2,1,4,11,1,0.20361410415382086,-0.20361410415382086,0.0,0.20361410415382086,B
V6,39,B,1,1,1,0,5,8,1,4,0,0,3,7,2,0.45469970424589556,-0.18666949617335715,0.1340151040362692,0.32068460020962636,B
V6,40,A,1,3,2,0,0,1,0,2,0,4,0,2,2,0.37697283453389785,0.37697283453389785,0.37697283453389785,0.0,A
V6,41,B,1,2,1,1,1,12,3,4,1,0,6,8,0,0.5257422071361805,-0.5257422071361805,0.0,0.5257422071361805,B
V6,42,B,1,2,0,3,1,2,0,3,1,3,0,10,2,0.2457149249761215,-0.02847799408157324,0.10861846544727413,0.13709645952884736,B
V6,43,A,0,1,0,4,0,9,3,1,0,0,0,5,2,0.17186697566255046,-0.17186697566255046,0.0,0.17186697566255046,B
V6,44,A,0,0,0,0,0,5,0,0,0,3,0,10,2,0.1761599899346563,0.1761599899346563,0.1761599899346563,0.0,A
V6,45,B,1,2,0,5,1,10,2,2,1,1,4,5,3,0.30107712549550947,-0.2254615123951199,0.03780780655019478,0.2632693189453147,B
V7,1,A,0,3,2,2,3,0,0,4,2,2,0,12,0,0.37936557651244185,0.33357640043569003,0.35647098847406594,0.022894588038375907,A
V7,2,B,1,2,0,4,0,1,0,0,1,5,1,7,0,0.3324810436316026,-0.02981327611288989,0.15133388375935636,0.18114715987224622,B
V7,3,A,0,1,1,3,0,4,1,0,0,4,1,12,1,0.3398872200371458,0.22344295216344473,0.2816650861002953,0.05822213393685052,A
V7,4,A,0,4,1,2,0,6,2,1,1,3,1,2,0,0.20214984129066374,-0.03549748435871357,0.08332617846597509,0.11882366282468865,B
V7,5,B,0,2,2,5,1,4,1,3,1,2,3,8,2,0.36679265378785286,0.00026045585861478315,0.18352655482323382,0.18326609896461904,A
V7,6,B,1,0,0,1,2,2,0,3,1,5,0,0,1,0.39692347977153297,-0.04689562921735199,0.17501392527709048,0.2219095544944425,B
V7,7,B,0,3,1,3,1,7,1,4,0,2,0,5,2,0.24898492670538858,0.11330939303910392,0.18114715987224625,0.06783776683314233,A
V7,8,A,1,2,1,3,1,10,3,1,0,4,0,12,1,0.24898492670538858,0.24898492670538858,0.24898492670538858,0.0,A
V7,9,B,0,2,2,1,0,1,0,3,2,3,1,6,1,0.1861534617867188,0.023920017836265905,0.10503673981149235,0.08111672197522644,A
V7,10,A,1,2,1,1,2,1,0,0,0,5,0,6,2,0.4194800383990357,0.4194800383990357,0.4194800383990357,0.0,A
V7,11,B,1,1,2,4,0,2,1,3,1,1,3,4,0,0.41760861131916027,-0.11115703056053078,0.15322579037931475,0.26438282093984555,B
V7,12,B,1,2,0,4,1,7,1,3,2,1,4,4,1,0.5327894314381396,-0.5327894314381396,0.0,0.5327894314381396,B
V7,13,B,0,1,0,1,1,2,0,0,0,3,0,0,1,0.14070231512084022,0.08010078623300211,0.11040155067692117,0.030300764443919055,A
V7,14,A,0,1,2,1,0,1,2,4,0,3,0,7,3,0.43472093801937106,0.29735340978911556,0.3660371739042433,0.06868376411512775,A
V7,15,A,0,2,1,1,2,6,2,2,1,5,1,11,3,0.1925437024500376,0.1925437024500376,0.1925437024500376,0.0,A
V7,16,A,1,0,0,3,1,7,3,1,0,4,0,6,1,0.11090951854803334,0.03481957802736245,0.0728645482876979,0.038044970260335445,A
V7,17,B,0,1,1,4,0,11,2,0,1,2,1,2,0,0.24675499067455692,-0.2009658145978051,0.022894588038375907,0.223860402636181,B
V7,18,A,1,3,2,1,2,1,3,4,0,4,1,12,0,0.5375482213401148,0.49175904526336295,0.5146536333017389,0.022894588038375935,A
V7,19,A,1,2,0,0,6,5,3,4,0,4,1,1,3,0.4560710320522321,0.2432896221230522,0.34968032708764213,0.10639070496458995,A
V7,20,A,0,4,2,2,2,12,1,3,2,2,3,12,0,0.08111672197522644,-0.03532754589847463,0.022894588038375907,0.05822213393685054,B
V7,21,A,1,0,2,2,0,10,2,3,1,1,1,4,0,0.35537563166997854,-0.10952557979918712,0.12292502593539571,0.23245060573458282,B
V7,22,A,1,3,2,2,3,7,2,2,2,1,0,10,0,0.2576545508656535,0.22836972216395873,0.2430121365148061,0.014642414350847371,A
V7,23,B,1,0,2,5,0,2,3,2,2,3,1,5,2,0.17874728538117565,-0.08784499204941845,0.0454511466658786,0.13329613871529705,B
V7,24,B,0,0,0,2,2,11,0,0,0,0,5,9,1,0.23425199495616542,-0.23425199495616542,0.0,0.23425199495616542,B
V7,25,A,1,2,1,2,1,6,1,3,0,4,0,2,2,0.293928105500155,0.12693587164772693,0.21043198857394096,0.08349611692621405,A
V7,26,A,1,1,2,0,5,11,3,2,0,0,2,1,1,0.5949148639393143,0.24611804342337193,0.4205164536813431,0.17439841025797115,A
V7,27,A,0,1,2,4,1,8,0,1,0,4,0,7,3,0.3192225680296015,0.2889218035856824,0.30407218580764195,0.015150382221959524,A
V7,28,A,1,2,2,5,0,7,1,0,0,3,1,9,1,0.40944695503000755,0.23443302975291708,0.3219399923914623,0.08750696263854524,A
V7,29,A,0,4,1,4,0,0,1,1,0,4,1,9,1,0.38618436398500977,0.26974009611130867,0.3279622300481592,0.05822213393685055,A
V7,30,B,1,0,0,1,1,1,2,0,1,1,4,9,0,0.41879448552162357,-0.1763883699702711,0.12120305777567623,0.2975914277459473,B
V7,31,B,0,1,1,1,3,7,3,4,1,2,2,0,0,0.24760098795654234,-0.10187189138114655,0.0728645482876979,0.17473643966884445,B
V7,32,B,1,1,1,2,2,10,0,0,1,2,3,6,0,0.14171825086306455,-0.09592907478631275,0.0228945880383759,0.11882366282468865,B
V7,33,B,1,4,0,4,1,0,0,0,1,2,1,0,3,0.24378820679059407,-0.060631502483586786,0.09157835215350364,0.1522098546370904,B
V7,34,B,1,3,2,2,1,8,0,4,1,0,1,5,2,0.22055558934134492,0.025294462529446525,0.12292502593539573,0.0976305634059492,A
V7,35,A,0,2,0,1,4,1,2,4,0,1,0,1,2,0.27867771182415396,0.18709935967065033,0.23288853574740215,0.045789176076751814,A
V7,36,A,0,2,1,5,1,12,0,0,0,3,0,11,3,0.2713715468726523,0.18250112502534382,0.22693633594899806,0.04443521092365424,A
V7,37,A,1,1,2,1,1,0,0,4,2,1,0,6,3,0.21780819138373544,0.08044066315347997,0.1491244272686077,0.06868376411512774,A
V7,38,B,0,1,1,5,0,3,3,3,2,5,1,12,0,0.36328977594663386,-0.09058289595136232,0.13635343999763577,0.2269363359489981,B
V7,39,B,1,4,1,4,1,0,0,3,2,2,3,10,0,0.4430525327687627,-0.09425571225282028,0.1743984102579712,0.2686541225107915,B
V7,40,A,1,2,2,4,1,4,2,1,1,4,0,12,1,0.32524480568629843,0.32524480568629843,0.32524480568629843,0.0,A
V7,41,A,1,0,2,2,2,11,2,1,1,3,0,11,0,0.2769062961983201,0.23111712012156824,0.25401170815994417,0.02289458803837592,A
V7,42,B,1,0,0,2,3,11,1,2,0,0,5,10,3,0.20666865487410715,-0.20666865487410715,0.0,0.20666865487410715,B
V7,43,B,1,3,1,2,2,9,1,1,0,3,0,0,1,0.4361543242343317,0.16344744423906016,0.29980088423669593,0.13635343999763577,A
V7,44,A,1,4,0,0,3,5,1,1,0,5,0,0,0,0.3923141487897138,0.24081032657011847,0.31656223767991615,0.07575191110979768,A
V7,45,B,1,0,1,4,1,7,2,0,0,0,6,11,2,0.533206881910876,-0.1661537722644083,0.18352655482323382,0.34968032708764213,B
