personID,food,size_A,access_A,income_A,poverty_A,last_donation_A,total_donation_A,dist_A,size_B,access_B,income_B,poverty_B,last_donation_B,total_donation_B,dist_B,num_Q,AorB
D1,1,0,2,1,4,10,76,0,1,2,4,0,10,44,3,1,A
D1,1,4,2,3,1,11,1,3,1,2,5,1,2,26,0,2,A
D1,1,2,0,0,7,5,52,3,0,0,3,1,12,21,0,3,A
D1,0,3,2,1,3,1,58,3,1,1,2,1,9,5,0,4,A
D1,1,2,0,4,0,3,41,1,2,0,0,6,5,32,3,5,B
D1,0,1,2,5,0,6,36,0,4,0,4,0,11,55,2,6,A
D1,1,3,2,3,1,9,76,2,1,0,5,0,0,0,3,7,A
D1,0,2,1,3,0,3,51,3,3,2,5,1,0,0,3,8,B
D1,0,3,1,4,0,11,13,1,3,1,3,1,1,84,2,9,A
D1,0,1,2,5,0,6,5,0,1,2,3,1,7,53,2,10,A
D1,0,1,2,3,1,5,33,3,2,1,0,4,8,67,2,11,B
D1,1,4,2,3,1,12,73,0,3,2,2,1,9,35,0,12,A
D1,0,4,1,3,1,2,32,1,0,0,0,6,3,37,3,13,B
D1,1,2,2,5,1,3,84,3,1,0,1,0,1,38,1,14,A
D1,1,1,0,0,1,1,3,0,1,2,3,0,0,0,1,15,B
D1,1,2,1,5,1,9,84,0,1,0,5,0,0,0,3,16,A
D1,0,0,1,5,1,2,35,3,0,1,4,1,10,90,2,17,B
D1,0,4,1,0,5,12,90,2,4,1,1,1,0,0,2,18,A
D1,0,2,0,1,1,9,12,2,3,1,4,1,7,34,2,19,B
D1,0,1,1,4,1,11,84,2,3,2,4,0,5,19,2,20,B
D1,0,2,1,4,0,10,6,0,4,2,4,0,3,6,2,21,B
D1,1,2,2,5,0,3,27,2,3,1,2,2,12,72,0,22,B
D1,1,4,2,2,1,12,39,3,2,0,5,1,9,52,3,23,A
D1,0,1,0,0,4,6,21,2,3,2,1,1,11,72,3,24,B
D1,0,3,1,1,3,4,47,2,0,2,5,1,6,48,1,25,A
D1,1,3,1,1,2,9,52,0,3,1,4,1,3,45,3,26,A
D1,1,3,0,5,1,12,72,1,3,2,0,2,3,2,1,27,B
D1,1,1,0,1,0,4,34,2,4,1,4,0,8,63,2,28,B
D1,0,1,2,1,0,11,87,1,2,0,5,0,3,60,0,29,A
D1,1,4,2,4,0,6,6,3,1,2,1,3,8,40,3,30,A
D1,1,1,2,0,7,0,0,3,0,1,4,1,7,86,1,31,B
D1,0,4,2,0,5,4,4,1,1,0,4,1,8,8,1,32,A
D1,1,4,0,4,0,7,37,3,4,2,3,1,2,40,3,33,B
D1,1,4,0,2,3,2,42,1,4,2,3,0,8,56,3,34,B
D1,1,4,0,2,2,2,7,0,0,1,1,1,10,22,1,35,B
D1,0,0,0,3,1,9,79,1,0,2,1,4,5,77,0,36,B
D1,1,4,2,5,1,2,59,0,1,1,2,1,2,15,1,37,A
D1,0,4,0,2,3,1,1,0,4,1,0,0,1,79,2,38,B
D1,0,0,0,4,1,0,0,3,3,1,5,0,6,15,3,39,B
D1,1,1,0,1,2,4,21,2,0,0,1,1,6,64,0,40,A
D1,0,0,2,0,3,6,2,2,4,0,0,0,7,66,3,41,A
D1,0,2,2,4,1,3,38,2,2,0,3,1,9,82,0,42,A
D1,0,0,0,1,4,7,89,0,1,1,4,1,2,37,0,43,A
D1,0,4,0,3,0,2,9,0,1,1,1,3,3,35,1,44,B
D1,1,3,1,4,1,2,33,1,0,1,1,1,0,0,0,45,A
D1,1,2,0,5,0,8,16,1,3,0,4,0,7,29,0,46,B
D1,0,0,2,0,5,12,11,0,2,2,2,0,12,62,3,47,A
D2,1,4,0,5,0,6,17,2,4,0,0,6,2,12,3,1,A
D2,0,0,2,5,1,9,69,2,4,0,5,0,12,41,0,2,B
D2,0,3,0,2,0,10,87,0,1,1,1,1,2,90,2,3,B
D2,0,1,1,1,2,2,64,3,0,1,4,1,6,70,3,4,A
D2,0,1,0,1,2,1,63,1,1,2,4,0,11,53,3,5,B
D2,0,0,2,3,0,11,10,0,4,2,3,1,0,0,2,6,B
D2,0,0,1,4,1,3,86,3,3,1,3,1,0,0,2,7,B
D2,1,3,0,4,1,2,2,1,4,1,1,1,6,47,0,8,B
D2,0,3,0,3,0,2,68,3,3,0,2,0,1,46,2,9,B
D2,1,1,1,2,1,0,0,2,2,1,3,1,12,4,3,10,A
D2,0,1,0,4,1,7,24,1,2,1,1,3,0,0,0,11,B
D2,0,2,0,5,0,7,67,2,1,0,5,1,7,77,1,12,A
D2,0,0,2,2,1,11,22,3,1,0,3,0,6,32,0,13,A
D2,0,4,1,1,3,3,64,2,3,0,0,1,12,87,0,14,A
D2,1,2,0,1,2,1,41,1,1,2,3,1,3,13,1,15,B
D2,1,3,0,1,3,4,21,2,2,2,5,0,1,74,3,16,B
D2,1,2,0,4,0,11,66,3,0,2,1,3,9,87,3,17,B
D2,1,2,2,4,0,6,81,2,3,1,0,4,0,0,2,18,B
D2,1,2,1,3,1,11,49,1,2,0,4,1,5,50,1,19,A
D2,1,3,2,0,2,11,5,0,1,1,3,0,7,84,0,20,A
D2,1,0,1,2,0,11,78,2,3,2,0,6,0,0,0,21,B
D2,1,0,2,2,3,10,46,2,4,0,0,2,2,8,0,22,A
D2,0,4,2,3,0,8,43,1,0,1,1,4,3,21,1,23,A
D2,1,3,2,3,0,6,90,1,4,2,2,2,6,39,3,24,B
D2,1,4,1,2,2,4,88,0,3,2,5,1,8,36,1,25,A
D2,0,1,0,4,1,8,76,1,2,2,0,1,6,48,1,26,B
D2,0,2,1,2,2,5,50,3,4,1,1,1,11,45,1,27,B
D2,0,4,0,0,7,7,49,1,2,1,1,2,7,5,0,28,A
D2,1,3,0,2,3,3,58,2,1,0,2,0,4,89,0,29,A
D2,0,4,2,5,0,0,0,2,4,0,1,3,9,13,0,30,A
D2,1,1,0,4,0,10,82,0,1,1,1,1,12,85,3,31,B
D2,1,4,0,4,1,5,45,2,4,1,3,0,6,41,0,32,B
D2,0,2,2,1,0,10,2,3,0,1,5,0,10,62,2,33,A
D2,1,3,0,4,1,10,77,0,4,2,3,0,8,32,2,34,A
D2,1,4,1,0,0,12,3,2,2,0,5,1,6,60,0,35,B
D2,0,4,2,0,6,9,43,3,2,1,5,0,9,46,0,36,A
D2,1,4,0,4,0,0,0,2,3,0,5,1,4,76,3,37,B
D2,0,2,2,4,1,8,8,1,2,0,3,1,2,73,3,38,A
D2,0,2,0,4,0,10,67,2,0,0,3,1,8,20,1,39,A
D2,1,1,0,4,1,5,15,2,2,1,4,1,0,0,1,40,B
D2,0,4,0,5,1,5,66,2,1,0,2,3,9,46,1,41,B
D2,0,3,2,1,0,4,18,1,1,2,1,0,6,31,3,42,A
D2,1,4,2,2,1,11,23,2,1,2,3,1,8,15,1,43,B
D2,1,4,0,1,0,3,54,1,1,2,5,1,4,55,3,44,B
D2,0,4,1,4,1,12,84,0,2,1,3,0,6,50,0,45,A
D5,0,4,2,4,0,7,1,1,0,2,2,3,4,18,3,1,B
D5,1,2,0,3,1,12,3,1,3,1,1,2,4,45,3,2,B
D5,1,3,2,2,1,7,2,2,2,2,3,1,6,52,0,3,A
D5,0,3,2,1,3,2,52,3,2,2,3,1,1,36,2,4,A
D5,0,4,2,5,0,2,55,3,3,2,4,1,4,40,3,5,B
D5,1,3,0,4,1,11,69,3,2,0,3,0,4,10,1,6,B
D5,0,4,0,2,2,7,88,1,4,0,1,4,11,66,3,7,A
D5,0,1,2,4,1,10,74,2,1,1,3,0,7,49,3,8,B
D5,1,3,0,4,0,9,31,0,3,1,1,2,9,56,0,9,B
D5,1,3,1,0,3,10,20,2,1,2,0,0,7,8,1,10,A
D5,0,0,0,3,1,1,39,1,4,0,0,2,0,0,3,11,B
D5,0,3,1,0,5,3,77,0,0,1,5,1,8,25,2,12,A
D5,1,2,1,1,4,9,73,0,2,1,5,1,9,22,2,13,A
D5,1,2,0,3,0,9,66,0,1,2,2,0,11,60,0,14,B
D5,0,0,1,1,3,2,61,1,3,2,4,0,4,83,3,15,A
D5,0,1,1,0,1,2,3,0,2,2,1,1,1,28,1,16,A
D5,1,2,0,2,0,0,0,1,3,1,0,2,2,74,0,17,B
D5,0,0,2,1,3,5,30,2,2,1,2,2,4,29,0,18,A
D5,1,4,0,4,0,0,0,3,4,0,1,4,11,58,2,19,B
D5,0,0,0,2,1,8,76,1,1,2,0,0,9,25,3,20,B
D5,0,0,0,0,6,8,26,2,1,2,3,1,3,22,1,21,A
D5,1,4,1,2,0,2,75,1,1,0,2,1,8,90,0,22,B
D5,0,0,2,3,1,5,2,2,1,1,2,2,3,6,0,23,B
D5,1,3,0,2,3,7,69,3,2,0,0,2,9,54,1,24,B
D5,0,0,2,5,1,3,82,0,0,2,0,5,3,67,3,25,B
D5,1,0,1,3,0,5,71,3,4,0,4,0,3,70,1,26,B
D5,1,0,2,4,1,10,37,1,0,2,2,1,6,59,3,27,B
D5,1,2,1,5,0,12,68,1,2,1,1,3,3,81,3,28,B
D5,0,2,2,5,0,0,0,3,4,1,3,1,8,67,3,29,B
D5,1,0,2,3,1,4,43,2,3,1,2,3,12,68,1,30,B
D5,0,2,2,3,0,8,65,1,2,2,3,1,10,46,3,31,A
D5,0,3,0,5,1,0,0,2,4,2,1,0,9,51,3,32,B
D5,0,4,1,3,0,0,0,3,3,2,0,1,10,47,2,33,B
D5,1,1,2,3,1,11,31,3,4,2,0,1,8,18,2,34,B
D5,1,0,2,5,1,12,68,1,3,1,1,0,0,0,2,35,B
D5,1,3,1,1,4,12,67,1,3,1,5,1,12,23,0,36,A
D5,1,0,0,0,0,3,38,1,4,1,2,0,7,18,2,37,A
D5,0,1,1,3,0,11,6,0,0,1,2,2,11,27,1,38,B
D5,0,4,1,0,5,3,21,2,2,2,0,2,4,41,1,39,A
D5,0,1,0,1,0,3,48,3,0,1,5,1,4,71,3,40,A
D5,0,4,0,1,3,5,42,1,2,2,3,1,11,82,1,41,A
D5,1,1,0,1,4,3,46,3,1,2,0,5,7,31,2,42,B
D5,0,0,0,2,3,5,8,3,1,1,5,0,8,90,3,43,A
D5,1,0,1,0,2,10,79,3,2,2,1,2,6,1,3,44,A
D5,1,2,2,4,1,6,3,2,0,0,2,1,6,32,0,45,B
D5,1,1,2,0,3,8,22,0,2,2,5,0,11,5,1,46,A
D5,0,4,2,4,1,10,75,3,4,0,2,1,6,28,3,47,B
D5,0,2,1,1,0,6,85,0,2,2,2,0,5,44,0,48,A
D5,1,3,0,4,0,10,29,1,0,0,5,1,0,0,0,49,A
F1,0,2,0,0,6,11,78,2,2,0,0,3,5,25,1,1,A
F1,0,4,0,1,2,3,7,1,0,0,1,2,12,55,1,2,B
F1,1,3,1,3,1,5,31,3,3,2,1,0,5,72,1,3,A
F1,1,4,1,1,1,3,19,2,4,1,3,1,3,3,3,4,A
F1,0,4,1,5,0,11,67,0,2,2,2,1,4,56,1,5,B
F1,1,1,0,4,1,10,6,1,4,0,1,2,4,51,1,6,A
F1,0,3,0,2,1,12,90,1,2,1,1,4,7,74,2,7,B
F1,1,4,0,5,0,7,64,2,2,2,2,1,2,78,3,8,A
F1,1,3,1,3,1,5,61,3,4,1,1,4,3,14,1,9,B
F1,1,1,0,0,5,7,10,0,3,1,3,0,5,64,2,10,A
F1,1,2,1,5,1,9,89,2,3,0,2,3,9,6,0,11,B
F1,0,0,2,2,3,4,51,3,2,1,0,5,7,43,0,12,B
F1,1,2,1,0,0,4,45,3,4,0,2,1,10,87,1,13,B
F1,1,0,1,3,1,11,67,0,1,1,2,3,3,21,0,14,A
F1,0,2,2,4,1,12,83,1,1,2,4,0,9,70,2,15,A
F1,0,4,0,3,1,10,1,0,1,2,4,1,12,85,2,16,A
F1,1,1,0,5,1,8,14,2,0,2,5,0,2,11,0,17,A
F1,1,0,2,5,1,0,0,2,3,2,1,2,2,33,1,18,A
F1,1,2,1,4,1,6,28,0,1,2,3,1,7,86,2,19,A
F1,0,2,1,1,1,3,63,0,1,2,2,1,9,66,0,20,B
F1,1,0,0,0,2,12,62,3,3,2,5,1,12,56,2,21,B
F1,1,0,1,3,1,4,57,3,0,2,3,0,3,3,1,22,B
F1,1,4,0,4,1,12,64,2,3,2,0,3,5,45,2,23,B
F1,0,4,0,4,1,3,78,2,2,2,1,1,1,21,3,24,A
F1,0,4,2,0,1,10,50,1,2,1,2,1,8,51,1,25,B
F1,0,4,2,2,1,8,84,3,2,2,0,0,12,3,1,26,B
F1,0,3,0,1,2,10,5,0,3,0,4,0,1,25,1,27,A
F1,0,4,1,3,1,3,5,3,1,1,0,1,11,82,2,28,B
F1,0,1,1,4,0,6,5,1,2,2,2,2,1,61,2,29,A
F1,1,4,0,3,1,7,47,3,2,2,2,3,0,0,1,30,B
F1,1,3,0,3,1,0,0,1,1,0,5,1,3,63,2,31,A
F1,1,4,0,2,2,5,69,1,0,2,1,4,3,16,1,32,B
F1,0,0,0,5,1,7,38,2,1,2,3,1,4,30,2,33,B
F1,1,4,2,0,0,4,66,2,0,1,1,4,8,82,0,34,B
F1,1,3,0,0,2,5,61,0,1,2,4,1,12,31,3,35,A
F1,1,1,0,4,0,1,58,0,0,0,4,1,8,82,2,36,A
F1,1,2,2,3,1,8,29,0,4,2,1,4,9,4,3,37,A
F1,1,4,0,0,5,9,90,0,3,1,3,0,1,34,1,38,A
F1,1,0,2,2,0,12,44,3,1,0,5,0,10,63,3,39,A
F1,0,3,1,5,0,7,10,1,1,0,2,2,11,17,1,40,B
F1,0,2,2,4,1,9,68,0,2,0,1,1,7,24,1,41,A
F1,1,0,1,2,3,6,68,0,0,1,2,2,1,21,1,42,A
F1,0,2,1,4,0,4,15,3,0,1,5,1,0,0,3,43,B
F1,1,2,0,4,1,12,66,0,4,1,3,1,5,55,0,44,A
F1,0,2,0,2,3,0,0,1,3,1,5,1,12,69,2,45,A
F2,0,3,2,0,4,7,19,0,4,1,3,1,11,67,1,1,A
F2,1,1,0,5,0,7,45,3,0,1,3,1,4,69,1,2,B
F2,1,1,0,3,1,3,64,1,2,0,4,0,10,2,2,3,A
F2,1,3,1,5,1,12,16,1,1,0,4,1,6,55,1,4,A
F2,1,1,1,4,0,4,76,0,3,1,0,6,10,2,2,5,B
F2,0,2,1,2,3,5,24,1,0,2,1,2,8,90,0,6,A
F2,0,4,2,3,1,8,2,0,1,0,5,0,9,63,2,7,A
F2,0,4,0,0,0,3,29,3,2,2,3,1,9,21,1,8,B
F2,1,1,2,1,1,5,15,2,1,1,3,1,6,9,3,9,A
F2,1,3,0,1,2,6,2,2,4,2,5,0,1,83,2,10,A
F2,1,1,1,5,1,3,66,0,1,2,4,1,1,52,3,11,A
F2,1,0,1,3,0,5,87,2,1,2,0,1,11,66,2,12,B
F2,1,4,2,3,0,1,7,1,0,2,0,5,1,53,1,13,A
F2,1,1,0,1,0,8,90,2,4,1,2,3,10,52,3,14,A
F2,1,0,2,3,0,6,77,2,3,2,5,1,8,9,3,15,B
F2,0,3,1,5,0,8,6,0,1,2,5,1,2,78,1,16,A
F2,0,3,0,1,0,4,44,0,0,0,4,0,2,65,2,17,A
F2,1,4,1,1,4,7,72,2,0,0,2,2,6,58,0,18,A
F2,1,0,2,5,0,4,18,3,3,2,1,3,1,17,2,19,B
F2,1,0,0,4,0,11,67,3,1,2,1,4,1,86,3,20,B
F2,0,2,0,0,4,0,0,1,0,2,3,0,11,69,0,21,A
F2,0,0,1,1,1,12,90,1,2,2,1,4,9,46,2,22,B
F2,1,1,1,2,3,8,43,1,0,1,2,3,3,49,0,23,A
F2,0,1,1,1,3,0,0,2,2,0,5,0,11,73,0,24,B
F2,1,3,0,5,0,1,84,1,3,0,3,1,2,68,1,25,B
F2,0,0,2,2,2,11,36,2,2,0,1,1,4,89,0,26,B
F2,0,2,0,5,0,1,30,0,1,2,2,2,2,45,2,27,A
F2,1,3,0,2,2,12,36,2,3,2,4,1,9,53,0,28,B
F2,0,4,2,0,4,4,35,0,2,1,4,0,1,72,2,29,A
F2,1,1,1,2,1,4,66,2,3,1,2,0,6,47,0,30,B
F2,1,3,0,2,0,9,22,0,4,1,3,1,3,50,2,31,A
F2,1,3,0,0,3,2,11,0,4,0,1,1,3,78,1,32,A
F2,0,1,2,0,2,8,51,1,1,1,0,5,6,33,2,33,A
F2,1,2,2,4,0,3,77,0,2,1,4,1,4,26,3,34,A
F2,1,2,0,5,0,4,76,3,2,1,1,4,7,84,2,35,B
F2,1,4,1,5,1,10,17,1,4,2,0,1,4,61,0,36,B
F2,1,2,1,2,2,7,53,0,3,0,2,0,1,33,0,37,A
F2,0,1,2,5,0,11,4,0,4,1,4,0,4,43,0,38,A
F2,1,2,2,1,2,1,22,2,2,2,5,1,4,73,1,39,B
F2,0,0,1,2,3,9,84,1,4,1,5,1,1,58,1,40,A
F2,0,3,2,5,1,4,72,2,2,1,5,1,2,48,2,41,A
F2,0,4,1,4,0,1,38,3,4,2,5,0,0,0,0,42,B
F2,1,0,0,1,4,9,60,1,1,2,3,0,6,4,1,43,B
F2,1,1,1,2,0,12,65,0,3,0,2,1,0,0,3,44,A
F2,0,3,0,5,0,9,71,1,2,1,1,0,3,3,1,45,A
R1,0,3,1,1,4,5,51,0,0,0,5,0,3,76,2,1,A
R1,1,1,0,5,1,9,3,2,3,0,3,1,4,55,1,2,B
R1,1,1,0,5,0,0,0,2,0,2,5,0,11,81,1,3,A
R1,1,2,2,5,1,4,86,1,3,1,5,1,11,70,0,4,A
R1,0,0,2,0,6,11,50,1,2,0,2,3,9,17,1,5,A
R1,0,0,2,0,4,1,69,0,2,0,3,1,6,52,2,6,A
R1,0,0,0,1,0,6,42,1,4,0,4,1,6,50,1,7,B
R1,0,1,1,5,0,10,89,3,0,2,3,1,2,70,0,8,B
R1,1,0,1,3,1,1,19,1,1,1,1,4,3,20,3,9,B
R1,0,3,2,1,2,8,32,1,4,2,2,1,5,23,2,10,A
R1,1,2,0,3,0,10,21,1,1,1,4,1,8,28,3,11,B
R1,1,3,1,4,1,10,76,3,4,2,2,2,7,85,3,12,B
R1,1,4,1,2,0,11,4,0,2,2,0,0,10,32,2,13,B
R1,1,2,0,4,1,8,81,2,3,0,0,4,11,49,1,14,B
R1,1,3,2,5,0,11,84,1,4,1,2,1,8,47,2,15,B
R1,1,4,2,3,0,11,17,2,0,2,5,0,0,0,2,16,B
R1,1,1,2,5,0,9,62,1,0,1,5,0,3,44,3,17,A
R1,1,3,0,3,1,11,3,2,4,1,3,0,0,0,1,18,A
R1,1,0,0,2,3,7,3,2,4,2,2,2,9,3,3,19,B
R1,0,2,2,2,2,10,31,0,4,0,0,3,2,88,2,20,B
R1,0,4,0,3,1,7,58,3,4,2,4,1,9,86,2,21,B
R1,1,2,1,5,1,0,0,3,1,0,3,0,7,2,0,22,A
R1,0,0,2,3,0,8,13,2,0,0,0,1,10,18,3,23,B
R1,0,0,2,5,1,5,19,3,3,2,2,1,1,1,2,24,B
R1,1,0,1,4,0,4,69,2,4,0,1,0,11,21,0,25,B
R1,1,1,1,3,1,9,26,0,1,0,4,0,2,59,2,26,A
R1,0,0,0,1,3,10,86,1,4,0,1,2,3,8,2,27,B
R1,0,3,0,2,0,0,0,0,2,2,2,3,12,83,2,28,B
R1,1,1,2,3,1,10,55,2,2,0,1,0,7,63,3,29,A
R1,0,4,0,4,1,4,30,2,1,2,3,0,2,39,0,30,B
R1,0,3,1,3,1,10,83,2,4,0,5,0,1,14,3,31,A
R1,1,0,2,2,0,3,77,1,1,2,2,0,11,47,2,32,A
R1,1,0,0,1,1,9,38,3,3,0,4,0,11,78,1,33,A
R1,0,1,1,5,0,11,63,3,0,0,5,1,9,9,0,34,B
R1,1,1,0,0,6,1,55,1,4,1,1,4,9,57,1,35,A
R1,0,0,0,2,3,10,51,2,2,1,0,2,10,43,3,36,B
R1,0,3,0,5,1,2,52,1,0,2,4,0,3,27,2,37,B
R1,1,1,2,0,4,4,57,2,4,1,5,0,3,41,2,38,A
R1,0,3,1,1,1,0,0,3,0,2,2,3,6,10,2,39,B
R1,0,0,0,2,1,2,72,3,2,2,0,4,5,85,2,40,B
R2,0,4,1,1,4,0,0,0,3,0,0,5,7,64,2,1,A
R2,0,3,1,3,0,7,62,0,3,2,0,3,1,16,0,2,B
R2,1,1,1,4,1,6,38,1,0,1,2,2,5,85,0,3,B
R2,0,3,1,0,6,3,54,0,1,2,5,0,7,65,2,4,A
R2,1,0,1,5,0,1,27,0,4,1,0,4,10,78,0,5,B
R2,0,1,0,2,1,9,26,1,2,1,3,1,9,4,3,6,B
R2,0,2,0,0,6,7,89,3,4,2,2,1,11,28,3,7,B
R2,1,2,1,3,1,11,37,1,0,0,0,6,4,60,0,8,A
R2,0,2,0,4,1,12,88,3,1,0,5,0,1,31,1,9,A
R2,1,3,0,1,3,2,86,3,2,0,1,0,1,68,2,10,A
R2,1,2,1,2,1,6,64,2,2,0,0,5,9,9,0,11,A
R2,1,4,0,3,0,11,62,1,2,0,2,2,8,47,3,12,A
R2,0,3,1,5,0,6,4,0,2,2,5,1,9,75,0,13,B
R2,0,1,0,2,0,5,7,1,2,0,3,0,0,0,2,14,B
R2,1,0,2,3,0,11,46,1,2,0,0,3,8,42,3,15,A
R2,1,1,1,5,1,8,40,0,2,1,4,1,4,12,1,16,B
R2,1,0,0,2,3,2,82,1,4,1,4,1,12,89,0,17,B
R2,1,4,0,5,1,1,75,3,0,1,5,1,4,14,0,18,A
R2,0,2,2,0,0,6,60,0,2,1,1,4,10,22,0,19,A
R2,0,1,0,1,1,7,11,3,2,0,3,1,6,26,2,20,B
R2,0,1,0,1,2,1,77,3,4,2,1,4,5,3,3,21,B
R2,0,0,2,0,5,2,86,2,1,1,1,2,6,23,1,22,A
R2,0,2,1,1,0,0,0,3,2,1,3,0,9,73,2,23,B
R2,1,3,1,4,1,10,42,0,3,0,1,4,9,36,0,24,A
R2,0,4,2,1,3,3,45,1,2,1,4,1,2,59,1,25,A
R2,0,3,1,3,1,12,55,2,1,2,2,1,1,8,1,26,B
R2,0,3,2,1,4,3,24,0,1,2,3,0,0,0,1,27,A
R2,1,2,2,1,0,8,71,2,1,0,4,1,7,32,1,28,A
R2,1,1,2,2,1,10,22,3,3,0,3,0,7,46,0,29,B
R2,0,3,1,0,7,9,76,3,1,1,2,2,12,48,1,30,A
R2,1,2,2,1,0,5,71,0,0,2,1,1,9,53,2,31,A
R2,1,2,0,4,0,10,68,0,2,0,4,1,11,7,3,32,A
R2,1,3,0,4,1,5,13,3,0,0,2,0,1,29,0,33,A
R2,0,0,2,1,2,4,69,1,4,1,0,0,6,68,1,34,B
R2,1,1,2,1,3,3,56,2,2,1,5,1,7,58,3,35,B
R2,1,3,1,5,1,2,71,0,0,0,4,0,9,85,2,36,A
R2,1,1,0,4,1,1,11,1,1,0,3,1,11,18,1,37,A
R2,0,0,1,0,0,6,13,3,0,0,3,0,12,89,2,38,A
R2,1,0,1,4,0,11,73,0,2,1,5,0,1,77,1,39,B
R2,0,4,0,0,7,8,32,3,2,1,5,0,1,43,1,40,A
R2,0,0,2,0,0,5,8,2,2,0,2,3,9,76,3,41,A
R2,1,3,1,2,0,6,37,3,2,2,4,0,6,38,2,42,A
R2,1,4,2,2,1,9,75,1,2,2,3,0,8,86,3,43,A
R2,1,2,1,5,0,11,75,1,1,0,2,3,6,81,0,44,A
R2,0,1,0,1,3,3,15,1,1,2,1,0,12,52,0,45,B
R3,0,1,2,2,0,11,15,1,1,2,0,0,12,33,2,1,B
R3,1,3,0,0,1,0,0,2,3,1,4,0,6,20,3,2,A
R3,1,0,2,0,0,0,0,2,4,2,4,0,9,52,0,3,B
R3,1,2,0,4,1,1,41,3,2,1,3,0,2,85,0,4,B
R3,0,4,1,0,3,3,26,0,4,0,1,1,11,44,2,5,B
R3,0,3,1,3,0,1,82,0,4,1,0,0,4,31,0,6,B
R3,0,3,2,1,1,5,31,0,0,1,5,0,0,0,1,7,A
R3,0,3,1,2,0,12,75,3,4,1,3,1,0,0,0,8,B
R3,0,1,2,2,0,0,0,1,1,0,3,0,4,17,2,9,A
R3,0,3,2,1,0,8,90,0,3,0,0,6,6,52,0,10,A
R3,1,1,2,1,1,10,38,1,2,1,5,0,8,81,3,11,A
R3,1,3,2,3,1,11,81,0,2,0,3,1,0,0,1,12,A
R3,0,4,0,5,0,3,90,0,2,0,5,1,7,2,2,13,A
R3,1,2,2,5,0,1,62,1,2,1,4,1,1,46,0,14,A
R3,1,0,1,1,2,5,59,2,3,1,0,4,9,21,0,15,B
R3,1,4,1,2,3,1,11,1,0,0,2,3,8,22,0,16,A
R3,1,1,2,1,4,7,86,0,2,0,3,0,10,72,3,17,A
R3,1,2,2,5,1,10,16,2,3,2,2,2,3,29,2,18,B
R3,0,0,2,5,1,11,24,1,0,0,2,2,6,84,0,19,A
R3,0,1,1,2,0,7,2,2,0,0,3,0,9,46,0,20,B
R3,1,4,1,1,0,12,62,3,3,1,0,1,9,8,2,21,A
R3,0,0,0,1,1,5,29,0,3,1,0,6,6,40,2,22,B
R3,0,3,0,5,0,12,57,2,0,1,2,1,4,41,1,23,B
R3,0,0,0,4,1,7,49,0,1,1,0,1,4,20,0,24,B
R3,0,2,2,2,0,8,49,2,2,2,5,1,5,77,0,25,B
R3,1,0,1,5,0,4,58,2,0,1,2,2,1,12,1,26,B
R3,1,4,1,5,1,11,58,2,1,2,2,3,2,30,0,27,B
R3,0,1,0,3,1,11,45,2,1,1,5,1,4,21,2,28,B
R3,0,0,0,5,0,3,39,2,2,2,5,0,5,18,3,29,B
R3,1,4,2,1,0,8,53,3,1,2,2,3,9,67,2,30,A
R3,0,4,0,3,1,1,25,0,4,2,2,0,1,53,0,31,B
R3,0,1,1,4,1,3,45,3,1,2,3,1,10,27,3,32,B
R3,1,1,2,1,2,2,71,1,3,1,1,2,8,89,2,33,A
R3,1,4,2,4,0,0,0,2,4,0,4,0,12,48,3,34,A
R3,0,2,0,3,1,2,35,0,0,1,3,1,10,87,1,35,A
R3,0,3,1,4,0,0,0,2,0,1,3,1,7,15,2,36,A
R3,0,1,2,1,1,8,6,3,2,0,1,2,1,80,3,37,B
R3,1,2,0,3,1,6,26,2,3,2,3,0,2,7,3,38,B
R3,1,0,0,2,3,0,0,1,1,0,1,2,2,23,1,39,B
R3,0,4,0,1,3,11,85,3,2,2,2,3,6,84,1,40,B
R3,1,3,0,0,6,0,0,3,3,2,2,3,5,54,0,41,B
R3,1,2,1,0,2,11,58,2,0,1,4,0,5,16,1,42,A
R3,1,3,2,3,0,3,19,0,2,1,5,0,12,44,2,43,A
R3,1,3,1,2,2,6,25,1,2,2,5,0,5,59,2,44,A
R3,0,2,0,2,3,2,66,0,4,0,5,1,11,40,0,45,B
R3,0,4,2,4,1,4,89,3,1,0,2,2,1,11,1,46,A
R3,0,1,2,2,0,4,41,1,4,0,2,1,2,3,1,47,B
R4,1,3,1,4,1,11,11,3,1,2,0,1,3,14,2,1,B
R4,1,2,1,1,1,11,22,0,2,1,3,0,5,54,1,2,A
R4,0,4,1,3,0,10,31,2,4,1,1,2,10,52,0,3,B
R4,1,4,2,3,0,2,69,2,1,0,3,1,7,48,3,4,B
R4,1,4,0,3,0,1,14,1,0,2,3,1,12,72,0,5,B
R4,1,4,0,0,2,2,71,1,0,0,5,0,9,19,2,6,A
R4,0,1,2,0,0,1,1,3,0,0,3,1,11,83,3,7,A
R4,0,0,0,2,3,11,67,1,3,1,2,0,1,11,3,8,A
R4,1,1,0,4,0,6,90,3,3,1,4,0,2,3,2,9,B
R4,0,2,2,0,1,8,8,0,4,1,4,1,7,63,2,10,A
R4,1,4,0,3,1,3,20,3,3,0,1,0,12,51,2,11,B
R4,1,2,1,5,0,4,39,1,2,1,1,2,5,76,0,12,B
R4,1,1,1,5,1,7,84,0,0,1,2,2,0,0,2,13,B
R4,1,0,1,5,0,12,70,1,2,1,0,1,1,71,3,14,B
R4,0,1,0,2,3,12,38,0,0,0,0,2,0,0,3,15,B
R4,1,0,2,5,0,11,39,2,0,0,1,0,11,63,0,16,A
R4,1,0,0,5,0,12,61,1,0,2,5,1,7,52,0,17,B
R4,1,2,2,2,0,11,10,3,1,1,1,4,2,81,3,18,A
R4,0,1,1,1,2,12,24,2,3,1,0,4,9,62,3,19,B
R4,1,4,0,3,0,1,4,0,2,0,1,3,7,34,2,20,B
R4,1,4,0,2,2,11,58,1,3,0,4,0,11,86,2,21,A
R4,1,4,2,2,0,6,42,0,2,0,1,0,1,83,3,22,A
R4,0,4,0,1,4,3,25,1,2,1,5,1,10,14,3,23,A
R4,1,2,2,3,0,8,89,1,2,0,0,2,12,68,3,24,B
R4,1,3,1,5,1,3,87,2,3,0,2,3,9,87,2,25,B
R4,0,3,0,3,1,3,77,3,2,2,2,2,4,30,3,26,B
R4,1,3,1,2,3,6,50,2,0,1,1,2,4,74,0,27,A
R4,1,0,0,3,0,5,52,2,0,0,3,1,7,90,0,28,B
R4,1,2,1,3,0,6,30,1,2,0,1,4,1,20,2,29,B
R4,0,1,1,1,1,6,8,0,3,0,3,1,7,28,2,30,A
R4,1,3,2,2,1,6,30,0,2,0,5,0,5,48,1,31,A
R4,0,4,2,4,0,0,0,3,4,1,3,1,6,64,0,32,A
R4,1,4,1,1,2,8,88,2,2,0,0,4,7,24,1,33,B
R4,1,4,1,1,3,12,50,1,4,2,3,1,6,22,2,34,A
R4,0,4,2,5,1,12,17,1,1,0,2,1,3,30,1,35,A
R4,0,2,0,0,1,4,62,1,2,1,4,0,6,84,1,36,A
R4,1,0,2,5,0,2,60,0,4,2,3,1,10,47,1,37,B
R4,1,3,1,3,1,12,66,1,1,1,3,0,12,68,3,38,A
R4,0,1,2,2,1,8,19,0,2,0,3,1,9,21,2,39,A
R4,1,2,1,2,0,8,85,0,2,1,0,1,6,59,2,40,B
R4,0,3,0,4,1,0,0,1,3,1,4,0,10,72,0,41,A
R4,0,2,0,0,6,6,24,3,3,0,4,1,0,0,3,42,A
R4,0,2,1,4,0,2,70,1,2,2,0,3,2,15,0,43,B
R4,0,0,0,2,0,5,63,2,2,1,2,0,6,48,0,44,B
R4,1,2,0,2,0,0,0,3,2,2,5,1,11,46,0,45,B
R5,0,2,1,1,0,7,34,2,2,1,4,0,6,50,3,1,A
R5,0,4,1,1,3,0,0,0,0,2,1,0,0,0,1,2,A
R5,0,4,0,0,2,9,2,2,1,0,1,4,3,14,1,3,A
R5,1,1,1,1,1,7,29,0,4,0,4,1,7,21,3,4,A
R5,0,4,1,3,1,0,0,2,1,0,4,0,2,90,3,5,A
R5,1,4,2,1,2,3,8,2,4,0,1,0,2,37,3,6,A
R5,0,0,1,4,1,8,48,1,4,0,1,2,5,84,2,7,A
R5,0,4,1,0,5,12,3,3,1,2,4,0,5,22,1,8,A
R5,1,2,2,3,0,11,60,1,0,1,3,1,2,79,0,9,A
R5,0,4,1,5,0,8,24,0,3,1,5,1,3,5,3,10,A
R5,0,3,0,2,2,3,79,0,2,2,5,1,11,86,3,11,A
R5,0,1,0,2,0,8,82,1,3,1,3,0,12,19,3,12,B
R5,1,2,2,1,0,7,22,3,2,1,4,1,4,82,0,13,B
R5,1,4,1,0,1,1,83,1,1,0,4,1,4,11,1,14,B
R5,1,0,1,4,1,1,65,0,1,1,3,1,2,61,3,15,A
R5,1,1,1,4,1,6,60,3,2,0,3,0,2,82,2,16,A
R5,1,2,2,4,0,9,21,2,1,2,2,1,9,13,1,17,B
R5,0,3,0,5,1,0,0,0,2,1,0,3,8,42,3,18,A
R5,1,3,1,1,2,0,0,2,1,2,5,1,4,5,1,19,A
R5,0,1,0,1,3,0,0,2,1,0,2,0,9,35,2,20,A
R5,0,1,0,2,0,0,0,3,4,2,1,3,12,49,2,21,B
R5,1,4,0,1,1,11,79,1,2,0,5,1,7,33,2,22,A
R5,1,0,1,0,2,3,51,2,0,2,1,4,6,30,1,23,B
R5,1,2,0,3,1,10,71,0,4,0,3,1,9,63,1,24,A
R5,0,2,1,0,0,3,36,2,2,2,4,0,7,58,3,25,A
R5,1,2,0,1,3,12,10,3,1,0,5,0,7,16,2,26,B
R5,0,0,0,3,1,7,77,2,2,2,2,3,6,36,2,27,B
R5,0,3,2,5,1,1,36,3,0,2,1,3,1,9,2,28,A
R5,1,4,1,3,1,0,0,2,3,0,1,3,11,61,0,29,A
R5,0,2,0,5,1,6,46,3,2,2,3,0,2,84,0,30,B
R5,1,3,0,0,2,0,0,0,1,1,1,4,5,22,1,31,A
R5,0,1,1,3,1,0,0,2,4,1,0,3,12,80,3,32,A
R5,1,2,0,1,4,12,16,0,4,2,4,0,5,87,2,33,A
R5,1,0,1,0,6,2,57,2,4,2,5,1,7,29,0,34,B
R5,1,0,2,2,0,3,5,1,1,0,3,0,1,54,1,35,A
R5,1,1,2,0,3,9,41,2,3,1,2,2,1,28,1,36,A
R5,0,3,0,3,0,5,45,1,4,1,0,2,2,53,0,37,A
R5,1,1,1,2,2,5,64,0,1,2,2,2,9,36,3,38,A
R5,0,3,0,0,4,12,15,1,0,1,2,1,0,0,0,39,B
R5,0,4,1,4,0,9,59,3,2,0,5,1,0,0,1,40,B
R5,1,0,1,1,4,2,60,1,0,0,1,1,11,20,1,41,B
R5,0,0,2,0,4,6,38,2,3,1,3,0,4,37,0,42,B
R5,0,1,0,5,0,9,85,2,1,2,5,0,9,46,3,43,A
R5,0,1,2,5,0,3,29,1,4,1,4,0,2,50,3,44,B
R5,0,4,2,0,5,4,85,2,3,1,0,6,9,74,1,45,B
R6,0,1,1,1,4,6,9,1,3,2,4,0,1,89,3,1,A
R6,0,0,1,3,1,2,17,1,4,0,5,0,0,0,2,2,A
R6,1,2,1,3,0,4,18,3,3,0,2,1,0,0,2,3,A
R6,0,3,0,2,3,2,33,2,3,2,1,1,12,34,3,4,B
R6,0,1,0,3,1,12,31,3,0,2,3,1,0,0,0,5,B
R6,1,1,2,3,1,8,44,3,0,0,2,1,10,43,2,6,B
R6,0,2,2,2,0,10,76,0,3,0,4,0,12,7,1,7,A
R6,1,2,1,1,2,1,49,1,2,2,1,2,12,62,1,8,B
R6,0,2,2,1,1,11,65,1,1,2,4,0,10,36,0,9,A
R6,1,1,1,0,5,8,82,0,1,2,0,2,10,81,0,10,B
R6,0,2,1,0,6,3,4,1,4,2,3,0,1,24,3,11,A
R6,0,3,0,4,0,12,30,2,3,1,2,0,5,22,0,12,B
R6,0,3,2,1,3,8,1,2,0,1,2,1,9,48,1,13,A
R6,1,2,1,3,1,9,48,3,1,2,4,0,5,60,0,14,A
R6,0,0,2,3,1,1,69,0,1,1,1,4,5,37,0,15,B
R6,0,3,2,2,3,12,16,2,2,0,1,1,1,84,0,16,A
R6,1,3,0,5,0,0,0,2,3,2,3,1,6,87,0,17,B
R6,1,0,0,1,3,10,68,2,2,2,5,0,6,25,0,18,A
R6,1,1,0,1,0,1,87,0,2,0,2,3,2,57,2,19,A
R6,1,2,1,4,0,3,55,0,1,2,1,0,1,58,0,20,B
R6,0,1,0,2,3,1,26,2,0,1,1,3,7,13,3,21,B
R6,0,3,2,5,0,1,45,3,4,1,0,4,0,0,3,22,B
R6,1,2,1,0,2,7,9,0,3,2,5,1,11,65,2,23,A
R6,1,2,1,1,4,1,60,0,2,1,5,1,1,25,2,24,A
R6,0,0,1,2,1,0,0,1,2,2,1,2,10,88,2,25,B
R6,1,1,2,4,1,4,60,0,4,2,4,1,12,3,1,26,A
R6,1,3,2,3,0,0,0,3,3,2,3,0,2,15,1,27,A
R6,1,1,2,5,0,3,55,2,0,2,3,1,4,38,2,28,B
R6,1,4,0,2,0,3,40,1,2,1,1,1,11,32,3,29,B
R6,0,0,0,2,1,9,59,0,4,1,1,3,7,57,0,30,B
R6,1,3,1,4,0,8,61,2,1,2,1,3,1,63,1,31,B
R6,1,4,0,0,3,4,65,0,3,1,0,6,11,13,3,32,B
R6,0,2,2,5,0,0,0,1,0,2,1,1,4,63,3,33,B
R6,1,4,2,4,1,4,74,3,4,0,0,4,10,82,0,34,B
R6,1,1,2,3,1,0,0,3,0,0,3,0,10,90,3,35,A
R6,0,4,0,2,0,0,0,1,0,2,4,0,6,52,0,36,A
R6,0,1,0,5,1,2,35,3,3,1,2,3,8,60,3,37,B
R6,0,0,1,3,1,4,26,3,4,2,1,4,0,0,1,38,B
R6,1,3,1,5,1,5,76,1,4,0,1,3,7,69,3,39,B
R6,1,1,2,2,3,10,74,2,3,1,3,0,3,18,2,40,A
R6,0,2,1,3,0,10,15,3,3,1,3,1,0,0,1,41,B
R6,0,2,0,3,0,12,16,3,1,2,5,0,8,35,3,42,A
R6,1,1,2,0,4,2,34,2,3,2,4,0,8,49,1,43,A
R6,1,4,2,2,0,10,6,1,2,0,4,1,11,47,2,44,A
R6,0,1,1,4,0,3,37,0,0,1,1,2,11,67,1,45,B
R6,1,2,1,4,0,12,6,3,2,0,2,0,12,1,0,46,B
R6,0,4,1,2,3,2,15,1,1,0,0,7,7,65,0,47,B
R6,0,4,0,2,0,10,85,3,0,2,2,3,1,2,2,48,A
R7,1,4,0,3,1,2,29,0,1,2,1,1,7,22,3,1,A
R7,0,4,0,1,0,0,0,2,2,2,2,0,6,48,2,2,A
R7,1,1,0,4,0,6,53,2,2,2,5,1,1,47,0,3,B
R7,1,4,0,5,0,6,42,3,1,2,3,1,10,1,0,4,B
R7,1,4,0,4,1,0,0,0,2,1,1,1,12,42,3,5,A
R7,0,2,2,3,0,12,10,0,4,2,2,0,0,0,1,6,B
R7,0,0,1,3,0,7,48,0,3,0,3,1,2,88,0,7,A
R7,0,2,0,2,3,6,57,0,1,1,2,0,3,62,2,8,A
R7,0,4,1,1,2,5,67,0,3,1,0,4,7,35,0,9,B
R7,0,0,2,2,1,4,17,0,2,0,0,4,7,50,1,10,A
R7,0,0,0,1,1,0,0,0,2,1,1,2,4,59,2,11,A
R7,1,2,0,3,0,3,25,2,2,1,4,0,0,0,2,12,B
R7,1,4,0,1,1,11,36,0,1,0,1,4,5,1,0,13,B
R7,1,2,0,4,1,2,39,2,2,2,4,1,10,59,1,14,B
R7,1,1,1,1,1,11,60,1,4,2,4,0,5,39,1,15,B
R7,1,0,0,5,0,11,69,2,1,1,5,1,11,25,2,16,B
R7,0,3,0,1,4,1,47,1,3,1,4,0,6,18,2,17,A
R7,1,4,2,3,1,1,52,2,4,0,1,3,9,23,0,18,B
R7,1,1,0,2,1,8,10,0,3,1,4,1,5,24,2,19,A
R7,1,4,0,4,0,9,90,2,2,1,4,0,5,62,1,20,B
R7,1,2,1,5,1,4,29,0,0,1,5,1,2,52,1,21,B
R7,0,2,2,3,0,9,63,0,2,1,2,3,3,87,0,22,B
R7,0,1,2,3,1,7,77,1,2,1,1,2,6,89,1,23,A
R7,0,0,1,5,0,11,43,1,1,2,5,1,5,20,2,24,B
R7,1,3,1,2,1,3,10,2,2,1,0,6,11,18,1,25,B
R7,1,2,2,3,1,8,7,2,4,0,2,2,2,67,1,26,A
R7,1,1,0,0,3,1,59,1,1,1,1,2,6,31,0,27,B
R7,0,1,1,5,0,7,50,1,3,2,1,4,6,33,1,28,B
R7,1,3,2,2,3,1,71,0,4,0,4,1,6,47,0,29,A
R7,1,0,1,1,3,9,42,2,1,2,3,1,11,28,1,30,A
R7,1,2,1,1,2,10,37,1,2,2,2,1,10,33,0,31,B
R7,0,4,1,5,0,12,34,1,0,2,1,3,6,35,1,32,B
R7,1,3,1,2,1,1,79,2,1,0,3,0,3,87,2,33,A
R7,0,0,0,1,4,11,16,2,2,1,5,0,2,25,1,34,A
R7,1,2,0,1,0,9,25,2,2,1,5,0,8,57,2,35,B
R7,1,3,0,5,1,4,66,0,0,1,3,0,4,66,2,36,A
R7,1,1,2,3,1,9,78,0,2,0,5,1,10,15,1,37,A
R7,0,4,0,2,0,2,68,2,4,2,3,1,7,29,2,38,B
R7,1,4,0,5,1,11,5,0,2,1,1,1,10,75,0,39,B
R7,1,4,1,5,0,0,0,2,0,0,0,2,8,37,1,40,A
R7,1,3,1,0,1,12,26,2,3,0,4,1,3,75,0,41,B
R7,0,3,0,4,1,1,86,0,0,1,5,0,2,81,2,42,A
R7,1,0,0,0,5,4,14,2,2,0,0,1,9,19,2,43,A
R7,0,1,2,3,1,7,40,1,4,0,0,0,0,0,2,44,A
R7,1,4,1,5,0,4,81,0,4,2,4,0,7,81,0,45,B
R7,0,2,2,1,4,2,81,0,0,0,3,0,11,83,0,46,A
R7,1,2,1,2,1,11,87,2,2,1,3,0,2,67,1,47,A
R8,0,2,0,4,0,4,84,2,2,2,4,0,7,20,2,1,B
R8,0,0,0,4,0,7,50,0,2,2,1,2,6,70,3,2,A
R8,1,0,2,5,1,8,3,2,1,2,4,1,4,52,2,3,A
R8,1,0,1,1,2,0,0,3,4,1,4,0,6,51,3,4,A
R8,0,2,2,1,1,6,71,2,0,0,2,1,12,42,1,5,B
R8,0,3,2,4,1,7,37,1,1,1,5,1,11,86,3,6,A
R8,1,3,0,0,5,9,35,1,4,2,5,0,4,84,0,7,B
R8,1,1,1,4,1,0,0,3,4,0,5,1,5,89,2,8,A
R8,0,3,0,3,1,8,25,2,2,1,5,1,4,42,1,9,B
R8,1,2,2,5,1,5,24,0,0,1,5,0,8,35,3,10,A
R8,0,2,2,4,0,0,0,2,2,2,2,1,0,0,2,11,A
R8,0,0,1,0,5,2,17,0,0,1,4,1,1,41,3,12,A
R8,1,4,0,4,0,5,76,2,1,1,1,3,7,90,0,13,B
R8,1,2,1,2,1,11,75,3,2,1,5,0,0,0,2,14,B
R8,0,3,1,2,2,8,48,2,3,2,4,1,12,28,1,15,B
R8,0,0,0,3,1,7,1,3,0,1,0,2,10,79,3,16,A
R8,0,1,2,1,3,3,44,3,0,2,5,0,0,0,0,17,B
R8,0,2,2,0,4,7,46,0,4,0,2,3,6,22,1,18,A
R8,1,4,0,1,0,12,43,3,2,1,4,0,11,49,0,19,B
R8,1,0,0,5,0,10,33,0,3,1,2,1,2,11,1,20,A
R8,1,0,2,3,0,0,0,2,1,0,2,2,7,3,2,21,A
R8,1,2,1,1,4,6,24,3,1,2,4,1,11,34,0,22,B
R8,0,3,0,4,0,8,9,1,4,1,3,1,6,5,0,23,B
R8,0,0,0,1,4,4,38,2,1,0,2,3,1,64,1,24,A
R8,1,0,0,5,1,11,36,2,1,2,3,0,0,0,1,25,B
R8,0,4,1,4,1,5,71,1,4,2,4,1,2,74,1,26,B
R8,1,2,0,4,1,7,89,0,4,1,1,2,9,59,1,27,A
R8,0,4,1,1,2,9,46,0,3,0,5,1,12,4,2,28,A
R8,1,2,2,2,1,6,33,3,1,2,1,1,12,87,3,29,B
R8,1,2,1,0,6,0,0,3,3,1,2,3,7,67,0,30,A
R8,1,0,1,3,0,10,84,1,4,1,5,1,0,0,1,31,A
R8,1,3,2,2,3,9,73,0,3,0,2,1,10,26,0,32,A
R8,1,3,1,4,1,11,15,2,4,1,2,0,1,89,3,33,A
R8,1,0,0,1,1,12,76,1,1,0,1,2,7,13,2,34,A
R8,1,3,2,3,0,4,22,2,3,2,4,0,12,10,2,35,B
R8,1,0,2,5,0,3,50,3,2,0,0,7,0,0,1,36,A
R8,1,0,2,5,1,8,16,2,2,2,4,0,6,85,1,37,A
R8,1,0,0,3,0,0,0,2,4,0,5,0,12,36,0,38,A
R8,1,0,0,5,1,7,41,0,1,1,3,0,4,63,3,39,A
R8,1,0,2,0,3,1,38,3,1,1,5,0,3,56,1,40,A
R8,1,2,2,5,1,9,13,1,1,1,5,1,9,14,0,41,B
R8,1,4,1,3,1,12,72,3,0,0,4,0,3,5,2,42,B
R8,0,4,2,4,1,2,29,1,4,2,1,2,7,61,2,43,A
R8,0,4,2,4,1,6,32,0,1,2,5,0,8,59,3,44,B
R8,0,3,0,3,1,0,0,1,2,0,4,1,0,0,3,45,A
R8,1,0,1,2,3,6,17,2,4,2,2,0,8,87,0,46,A
R8,1,1,1,3,1,12,70,2,2,0,0,7,4,19,3,47,B
V1,0,1,1,5,0,1,20,3,0,1,2,2,9,85,1,1,B
V1,1,1,2,2,0,10,12,2,4,1,0,5,9,31,3,2,A
V1,1,4,1,1,3,11,4,0,3,0,0,2,2,63,2,3,A
V1,1,3,2,0,3,1,17,1,3,2,3,1,4,55,3,4,B
V1,1,1,2,4,0,9,76,3,2,2,3,0,12,14,2,5,B
V1,1,3,2,4,1,4,6,0,1,2,5,0,8,87,2,6,A
V1,0,1,0,0,2,10,48,2,0,0,1,4,10,78,0,7,B
V1,0,2,1,4,0,2,77,3,0,1,4,1,0,0,3,8,B
V1,0,2,2,1,2,11,73,1,2,1,0,2,9,23,1,9,A
V1,0,2,1,1,4,4,73,3,0,0,4,1,6,39,1,10,A
V1,0,1,0,2,3,1,89,1,4,0,3,0,6,59,1,11,B
V1,1,0,1,3,0,1,83,0,0,1,4,0,5,72,0,12,B
V1,0,1,1,3,0,12,87,2,1,0,4,0,0,0,2,13,B
V1,1,0,1,0,3,8,77,2,0,1,5,0,7,54,3,14,A
V1,1,4,1,3,1,2,27,0,3,0,2,1,2,11,3,15,A
V1,1,3,0,3,1,10,79,1,0,1,1,4,3,64,1,16,B
V1,1,2,0,4,0,6,38,0,3,2,1,4,4,47,2,17,B
V1,0,1,2,1,3,6,83,0,0,2,0,1,9,14,2,18,B
V1,0,4,1,4,0,9,84,2,2,1,5,1,0,0,0,19,B
V1,0,0,0,4,0,2,42,1,2,1,4,0,11,29,1,20,B
V1,0,3,2,1,4,7,59,2,1,1,4,0,3,51,3,21,A
V1,1,2,0,1,0,5,78,3,3,1,0,1,0,0,2,22,B
V1,1,1,2,2,2,8,41,1,3,2,3,0,2,87,1,23,A
V1,0,1,0,1,1,3,73,3,3,0,1,1,0,0,2,24,B
V1,1,4,1,1,3,2,64,0,2,2,0,4,1,32,2,25,B
V1,1,3,0,2,3,2,3,1,2,0,2,2,10,45,1,26,B
V1,1,3,1,2,0,4,71,0,4,1,0,6,5,63,0,27,B
V1,0,1,2,1,4,11,44,1,0,0,4,1,9,90,3,1,A
V1,1,2,0,0,6,3,21,1,3,0,0,3,10,6,2,2,A
V1,0,0,1,1,1,8,80,2,0,2,0,6,12,48,3,3,A
V1,1,4,1,1,1,10,2,0,3,2,2,1,4,76,0,1,B
V1,1,0,0,0,1,6,21,1,1,2,0,3,11,40,2,2,B
V1,0,4,1,2,1,2,30,3,3,0,3,1,2,61,3,3,A
V1,1,2,0,3,0,12,20,1,3,2,0,3,1,41,2,4,B
V1,1,2,2,1,0,8,27,0,2,0,3,1,12,16,0,5,B
V1,0,2,1,5,0,0,0,0,2,0,2,2,9,14,3,6,B
V1,1,4,1,4,0,0,0,2,2,1,4,1,9,42,1,7,B
V1,0,0,0,5,1,12,6,0,2,0,4,1,2,20,1,8,B
V1,1,1,0,3,1,10,10,2,0,0,4,0,2,41,2,9,A
V1,1,1,2,0,2,12,74,0,1,2,4,0,7,53,0,10,A
V1,1,4,0,5,0,9,22,0,2,2,4,0,8,42,3,11,B
V1,0,4,1,3,0,4,45,3,2,0,3,1,3,44,0,12,B
V1,0,2,1,2,1,1,28,0,2,2,2,1,1,45,0,13,B
V1,0,2,1,0,6,0,0,3,3,2,2,0,0,0,0,14,B
V2,1,1,0,4,0,8,36,1,4,2,0,0,2,51,2,1,B
V2,0,0,2,3,0,11,81,2,4,0,5,1,1,55,0,2,A
V2,0,4,2,5,1,5,48,2,1,1,5,1,7,23,2,3,A
V2,1,2,2,2,0,2,81,1,1,1,0,5,3,18,3,4,A
V2,0,3,0,1,3,7,70,0,3,2,4,0,9,8,3,5,A
V2,1,1,2,0,0,5,58,1,1,2,5,0,10,43,2,6,A
V2,1,1,1,4,1,0,0,1,0,0,4,0,0,0,0,7,A
V2,1,4,2,0,0,0,0,0,0,2,1,0,0,0,2,8,A
V2,0,2,0,1,0,11,82,2,0,0,2,1,11,79,3,9,A
V2,0,0,0,5,0,5,34,1,4,0,1,2,11,27,0,10,B
V2,0,2,2,2,3,4,21,0,3,0,3,1,11,59,3,11,A
V2,0,2,0,4,1,9,9,2,1,0,2,1,1,56,3,12,B
V2,0,0,1,5,0,4,73,3,3,0,0,0,0,0,3,13,B
V2,1,1,1,3,0,7,42,3,1,1,1,0,3,46,1,14,B
V2,1,2,0,5,0,11,45,2,3,1,0,1,10,49,1,15,B
V2,1,0,0,0,3,2,38,1,0,1,0,5,8,32,2,16,B
V2,1,0,1,5,1,5,3,2,1,0,3,0,8,52,1,17,A
V2,0,4,1,0,3,6,80,1,3,1,2,2,10,24,3,18,A
V2,0,2,0,2,0,7,57,0,3,2,5,0,10,36,1,19,B
V2,0,2,0,5,1,5,86,3,0,1,3,1,11,38,2,20,B
V2,1,1,2,4,1,6,32,3,3,0,3,0,10,8,2,21,A
V2,0,3,2,1,0,7,20,3,1,1,1,4,12,32,2,22,A
V2,0,3,1,2,1,8,56,3,1,0,5,1,8,88,0,23,A
V2,1,4,1,3,1,6,52,0,0,0,4,1,5,60,1,24,A
V2,1,3,0,1,3,0,0,3,3,1,1,4,2,52,3,25,B
V2,0,2,1,1,1,10,35,2,3,1,5,0,0,0,0,26,A
V2,1,3,0,2,0,12,82,3,3,1,0,4,6,15,2,27,B
V2,0,0,0,1,3,6,75,2,0,1,2,3,0,0,0,28,B
V2,1,0,0,0,5,8,71,3,4,2,4,1,2,53,2,29,B
V2,1,3,0,4,1,8,46,0,1,0,4,1,11,11,1,30,A
V2,0,0,2,3,0,9,33,0,3,1,0,2,11,53,2,31,B
V2,1,2,2,3,0,10,44,1,2,0,2,1,9,48,1,32,A
V2,0,1,0,0,6,6,51,3,0,1,1,0,4,77,2,33,A
V2,1,3,0,2,3,2,58,1,2,2,4,0,3,19,3,34,A
V2,0,0,2,0,3,11,78,2,0,0,0,4,9,68,2,35,A
V2,0,1,2,5,0,10,3,2,2,0,4,1,7,32,2,36,B
V2,1,0,2,2,0,7,36,3,0,2,0,1,3,1,1,37,B
V2,1,0,0,2,2,0,0,0,2,0,1,2,9,87,1,38,B
V2,0,4,2,2,3,11,89,3,4,2,5,1,7,28,3,39,A
V2,1,2,0,3,0,0,0,1,0,1,1,4,5,44,2,40,B
V2,1,4,0,0,3,4,78,3,0,0,4,1,3,38,1,41,A
V2,0,0,1,4,1,3,15,1,3,1,1,3,4,51,2,42,B
V2,0,3,1,4,1,4,69,3,0,1,5,0,0,0,2,43,A
V2,1,3,2,4,0,2,51,2,0,1,1,4,11,31,2,44,A
V2,0,1,2,4,1,7,73,0,2,0,0,5,6,45,1,45,B
V2,0,0,1,4,0,6,26,2,2,0,1,4,3,68,2,46,B
V2,0,3,2,0,2,9,78,0,3,1,2,3,7,10,1,47,
V3,1,4,2,2,2,11,84,0,0,0,1,3,3,28,2,2,A
V3,1,4,0,5,1,7,14,3,1,2,0,6,7,5,1,3,B
V3,0,2,0,3,1,2,35,1,3,0,2,2,0,0,1,4,B
V3,0,2,1,3,1,6,52,3,2,0,2,3,10,79,0,5,B
V3,1,3,0,3,0,8,34,0,3,2,5,1,8,73,1,6,B
V3,1,1,2,2,2,2,16,3,2,0,4,0,9,11,0,7,B
V3,1,0,1,5,1,5,6,1,1,0,3,1,0,0,3,8,B
V3,0,3,0,0,6,5,7,0,1,2,2,2,5,59,2,9,A
V3,0,0,2,4,1,0,0,0,3,0,3,1,10,42,1,10,B
V3,1,3,1,4,1,0,0,0,1,2,4,0,5,17,3,11,A
V3,1,2,1,3,0,10,77,3,3,2,3,0,11,85,3,12,B
V3,0,2,1,4,1,3,72,3,4,1,2,1,5,35,3,13,B
V3,0,0,2,2,3,10,2,3,1,1,4,1,1,33,0,14,B
V3,0,1,2,5,1,3,14,1,4,1,0,3,3,70,1,15,B
V3,1,2,1,5,0,9,39,2,4,0,3,1,8,25,0,16,B
V3,1,1,1,1,1,6,71,0,4,1,4,0,12,86,2,17,A
V3,0,1,1,1,0,1,8,1,3,0,3,1,6,19,0,18,B
V3,1,1,2,5,1,12,49,3,2,0,0,4,1,27,3,19,B
V3,0,2,0,4,0,11,33,3,4,2,2,3,3,88,0,20,B
V3,1,4,2,3,0,3,12,0,0,0,4,0,2,70,1,21,A
V3,0,3,0,2,0,3,22,0,3,0,4,1,1,11,3,22,A
V3,1,2,0,5,0,10,31,2,2,2,2,3,1,33,2,23,B
V3,1,4,1,5,0,0,0,0,1,2,4,1,4,18,2,24,B
V3,0,0,0,1,4,11,30,2,4,1,4,1,6,70,2,25,B
V3,1,2,1,2,2,11,30,3,0,0,4,0,11,47,2,26,A
V3,1,3,0,2,2,7,77,2,0,2,5,1,10,11,2,27,A
V3,0,1,2,1,0,10,31,1,3,2,1,4,4,41,1,28,B
V3,1,2,1,0,2,9,51,0,2,1,1,2,2,28,1,29,A
V3,0,0,0,3,1,12,4,2,0,0,3,0,3,82,3,30,A
V3,1,0,1,2,1,10,86,3,4,2,3,1,8,90,2,31,B
V3,0,2,0,5,0,5,66,2,3,2,0,5,6,67,2,32,B
V3,0,0,2,1,4,2,40,2,4,1,4,1,7,51,3,33,A
V3,0,1,1,4,1,11,35,3,4,1,3,0,7,34,0,34,B
V3,1,3,2,2,2,0,0,0,2,1,1,4,8,77,0,35,A
V3,1,2,0,5,1,0,0,1,2,1,1,3,10,9,3,36,B
V3,1,4,1,1,4,4,35,1,2,1,5,1,7,87,3,37,A
V3,0,2,2,5,1,7,70,0,1,1,3,1,7,57,1,38,A
V3,1,0,2,5,0,8,7,2,4,1,0,3,7,83,3,39,B
V3,1,1,0,4,1,4,52,2,4,0,0,1,10,60,2,40,B
V3,1,3,0,0,0,8,20,1,1,0,4,0,12,62,2,41,A
V3,1,3,1,1,2,1,2,2,4,2,1,3,9,11,2,42,B
V3,1,3,0,0,6,2,49,3,1,1,1,4,5,44,3,43,A
V3,1,0,1,4,0,0,0,1,1,1,5,0,1,79,3,44,A
V5,1,0,2,4,0,5,23,0,4,1,5,1,7,30,3,1,A
V5,1,1,1,4,1,12,61,1,4,0,0,5,2,78,2,2,B
V5,1,0,2,4,1,11,6,1,4,0,1,3,8,50,3,3,B
V5,1,2,2,3,1,2,66,2,0,1,0,5,6,55,3,4,B
V5,0,4,2,1,3,1,28,2,1,1,0,4,6,44,1,5,A
V5,1,0,0,0,4,8,28,0,2,2,3,0,0,0,2,6,A
V5,1,1,2,1,2,9,28,3,2,1,1,4,12,26,2,7,A
V5,0,4,2,2,1,2,22,3,2,1,2,1,12,51,1,8,A
V5,1,2,2,2,0,6,54,3,2,0,2,0,8,76,2,9,A
V5,0,3,1,3,0,6,47,1,2,0,3,0,8,81,1,10,A
V5,0,4,2,4,0,1,56,0,2,2,4,0,6,21,1,11,A
V5,0,4,1,3,0,4,28,0,2,0,4,1,4,37,0,12,A
V5,0,4,1,5,1,3,90,2,1,0,3,1,2,80,1,13,A
V5,0,1,0,5,0,2,30,0,4,2,4,1,6,21,0,14,B
V5,1,1,1,5,1,1,52,0,0,1,2,0,8,28,1,15,B
V5,1,0,1,2,1,1,5,2,4,1,3,1,4,17,2,16,A
V5,0,3,2,2,3,4,16,2,0,1,4,0,12,28,1,17,A
V5,0,0,1,0,6,1,62,3,1,1,1,3,6,23,3,18,B
V5,0,3,1,3,0,6,66,3,2,2,5,0,5,35,2,19,A
V5,0,3,2,3,0,2,58,2,1,2,1,1,8,52,2,20,B
V5,1,4,0,3,0,1,28,3,3,1,0,2,2,81,1,21,B
V5,0,1,1,5,0,10,83,3,2,0,3,1,8,85,2,22,B
V5,1,3,0,3,0,9,52,1,4,2,3,1,1,29,3,23,B
V5,1,3,2,0,4,8,42,3,3,0,3,0,12,18,2,24,A
V5,0,0,1,2,2,6,52,3,0,2,5,1,11,23,0,25,B
V5,0,1,2,1,4,9,11,3,3,0,5,1,5,68,2,26,A
V5,1,0,2,2,0,3,55,1,0,2,4,0,8,51,2,27,A
V5,1,2,0,5,0,0,0,1,2,2,2,1,12,28,3,28,B
V5,0,0,0,0,1,3,79,3,3,1,4,1,3,7,2,29,A
V5,1,1,0,4,0,10,14,1,4,1,3,0,1,63,1,30,B
V5,1,4,0,2,2,4,66,2,0,0,3,0,0,0,0,31,A
V5,0,3,0,5,1,4,57,1,4,0,4,1,12,50,0,32,B
V5,0,1,2,5,1,11,83,3,0,1,4,1,5,70,2,33,A
V5,1,3,1,3,1,10,25,3,1,2,3,1,7,65,0,34,A
V5,0,4,1,0,1,3,1,3,2,2,0,5,1,49,3,35,B
V5,0,1,2,4,0,9,75,2,2,2,0,0,9,47,0,36,B
V5,1,1,1,1,2,5,49,3,3,2,5,1,1,8,2,37,A
V5,0,3,1,0,7,9,61,2,1,1,1,4,10,9,2,38,A
V5,1,0,2,1,2,6,24,1,4,2,4,0,0,0,1,39,B
V5,1,1,0,1,3,3,1,3,2,1,3,1,6,73,0,40,A
V5,1,0,2,1,0,11,38,3,0,2,2,2,11,31,2,41,B
V5,0,2,1,3,0,7,69,1,3,0,4,1,2,33,3,42,A
V5,1,2,1,3,1,11,20,1,3,1,0,2,3,48,2,43,B
V5,0,2,2,2,3,5,11,3,2,0,4,1,3,18,1,44,A
V5,0,4,0,2,2,5,44,2,0,1,0,4,10,76,0,45,B
V5,1,1,2,2,0,4,41,0,1,2,5,0,2,19,3,46,A
V6,1,3,2,4,0,6,53,1,3,0,2,2,4,26,1,1,A
V6,1,4,2,2,0,0,0,0,0,1,2,3,9,20,0,2,A
V6,0,1,0,2,3,3,22,2,0,0,4,0,3,62,2,3,A
V6,1,2,2,0,6,6,72,1,3,2,5,1,2,13,1,4,B
V6,1,2,2,4,0,11,31,2,4,2,3,0,0,0,3,5,A
V6,0,2,2,1,4,0,0,0,0,1,2,2,11,43,3,6,A
V6,1,0,0,0,4,7,14,2,3,0,2,2,5,39,1,7,B
V6,1,3,0,1,4,4,2,2,2,0,1,1,7,31,0,8,A
V6,0,1,2,1,3,6,72,2,4,1,1,2,11,68,3,9,B
V6,1,0,2,3,0,12,30,0,3,1,4,0,6,61,0,10,A
V6,1,3,2,5,0,2,76,3,4,2,3,0,2,74,3,11,A
V6,0,3,1,2,2,6,87,1,0,2,4,1,0,0,0,12,A
V6,1,4,0,4,1,6,84,1,0,2,0,4,10,61,1,13,B
V6,0,3,1,1,3,7,40,2,4,0,3,1,5,2,3,14,B
V6,1,3,1,4,1,5,43,2,1,0,5,1,1,71,3,15,A
V6,1,2,2,2,3,10,6,2,2,1,4,0,12,58,0,16,A
V6,1,4,1,0,2,12,34,0,0,1,0,3,9,82,1,17,A
V6,1,4,0,1,1,10,84,1,3,2,3,1,3,69,1,18,A
V6,0,3,2,5,1,0,0,0,0,0,0,0,1,55,2,19,B
V6,1,4,2,4,1,7,60,0,1,2,3,1,0,0,0,20,A
V6,0,0,2,2,3,5,58,0,0,2,3,0,12,18,3,21,A
V6,1,2,0,5,1,3,75,1,1,2,5,0,5,67,2,22,A
V6,1,0,2,3,0,6,52,0,3,2,4,0,8,17,3,23,B
V6,1,2,1,3,1,9,18,0,1,0,2,2,9,52,1,24,A
V6,0,4,2,4,1,7,12,0,1,0,2,1,5,78,0,25,A
V6,0,3,0,0,5,9,45,3,3,2,0,3,8,43,2,26,A
V6,1,3,0,5,0,2,47,1,4,2,1,1,1,46,2,27,B
V6,1,3,1,4,1,3,35,2,1,0,2,2,7,31,0,28,B
V6,1,4,2,5,0,6,90,2,0,2,1,3,2,38,1,29,A
V6,0,4,1,3,0,2,73,0,2,0,0,6,2,59,1,30,B
V6,1,2,2,3,0,12,16,3,1,2,2,1,12,1,3,31,A
V6,0,4,1,2,3,4,86,3,4,2,4,1,4,34,0,32,B
V6,1,0,2,5,1,1,90,1,3,0,3,1,9,11,0,33,B
V6,1,3,2,1,3,6,76,0,1,2,2,3,2,70,2,34,A
V6,1,0,2,0,1,1,86,3,0,1,3,0,9,76,2,35,B
V6,1,2,1,2,2,10,18,2,0,2,1,2,6,16,3,36,A
V6,1,2,0,2,2,2,73,1,3,1,2,2,1,56,1,37,B
V6,0,0,1,2,3,12,50,1,1,2,1,4,11,43,1,38,B
V6,1,1,1,0,5,8,46,1,4,0,0,3,7,8,2,39,B
V6,1,3,2,0,0,1,53,0,2,0,4,0,2,29,2,40,A
V6,1,2,1,1,1,12,65,3,4,1,0,6,8,74,0,41,B
V6,1,2,0,3,1,2,40,0,3,1,3,0,10,2,2,42,B
V6,0,1,0,4,0,9,35,3,1,0,0,0,5,64,2,43,A
V6,0,0,0,0,0,5,1,0,0,0,3,0,10,57,2,44,A
V6,1,2,0,5,1,10,12,2,2,1,1,4,5,43,3,45,B
V7,0,3,2,2,3,0,0,0,4,2,2,0,12,42,0,1,A
V7,1,2,0,4,0,1,55,0,0,1,5,1,7,77,0,2,B
V7,0,1,1,3,0,4,39,1,0,0,4,1,12,41,1,3,A
V7,0,4,1,2,0,6,65,2,1,1,3,1,2,22,0,4,A
V7,0,2,2,5,1,4,87,1,3,1,2,3,8,59,2,5,B
V7,1,0,0,1,2,2,12,0,3,1,5,0,0,0,1,6,B
V7,0,3,1,3,1,7,51,1,4,0,2,0,5,5,2,7,B
V7,1,2,1,3,1,10,43,3,1,0,4,0,12,37,1,8,A
V7,0,2,2,1,0,1,54,0,3,2,3,1,6,29,1,9,B
V7,1,2,1,1,2,1,85,0,0,0,5,0,6,5,2,10,A
V7,1,1,2,4,0,2,85,1,3,1,1,3,4,32,0,11,B
V7,1,2,0,4,1,7,38,1,3,2,1,4,4,81,1,12,B
V7,0,1,0,1,1,2,78,0,0,0,3,0,0,0,1,13,B
V7,0,1,2,1,0,1,21,2,4,0,3,0,7,69,3,14,A
V7,0,2,1,1,2,6,11,2,2,1,5,1,11,62,3,15,A
V7,1,0,0,3,1,7,71,3,1,0,4,0,6,64,1,16,A
V7,0,1,1,4,0,11,71,2,0,1,2,1,2,40,0,17,B
V7,1,3,2,1,2,1,40,3,4,0,4,1,12,50,0,18,A
V7,1,2,0,0,6,5,26,3,4,0,4,1,1,68,3,19,A
V7,0,4,2,2,2,12,74,1,3,2,2,3,12,40,0,20,A
V7,1,0,2,2,0,10,22,2,3,1,1,1,4,60,0,21,A
V7,1,3,2,2,3,7,46,2,2,2,1,0,10,19,0,22,A
V7,1,0,2,5,0,2,43,3,2,2,3,1,5,13,2,23,B
V7,0,0,0,2,2,11,57,0,0,0,0,5,9,84,1,24,B
V7,1,2,1,2,1,6,73,1,3,0,4,0,2,89,2,25,A
V7,1,1,2,0,5,11,60,3,2,0,0,2,1,16,1,26,A
V7,0,1,2,4,1,8,3,0,1,0,4,0,7,9,3,27,A
V7,1,2,2,5,0,7,8,1,0,0,3,1,9,10,1,28,A
V7,0,4,1,4,0,0,0,1,1,0,4,1,9,30,1,29,A
V7,1,0,0,1,1,1,64,2,0,1,1,4,9,69,0,30,B
V7,0,1,1,1,3,7,76,3,4,1,2,2,0,0,0,31,B
V7,1,1,1,2,2,10,24,0,0,1,2,3,6,20,0,32,B
V7,1,4,0,4,1,0,0,0,0,1,2,1,0,0,3,33,B
V7,1,3,2,2,1,8,38,0,4,1,0,1,5,3,2,34,B
V7,0,2,0,1,4,1,30,2,4,0,1,0,1,15,2,35,A
V7,0,2,1,5,1,12,15,0,0,0,3,0,11,20,3,36,A
V7,1,1,2,1,1,0,0,0,4,2,1,0,6,61,3,37,A
V7,0,1,1,5,0,3,60,3,3,2,5,1,12,63,0,38,B
V7,1,4,1,4,1,0,0,0,3,2,2,3,10,58,0,39,B
V7,1,2,2,4,1,4,17,2,1,1,4,0,12,34,1,40,A
V7,1,0,2,2,2,11,29,2,1,1,3,0,11,53,0,41,A
V7,1,0,0,2,3,11,43,1,2,0,0,5,10,28,3,42,B
V7,1,3,1,2,2,9,67,1,1,0,3,0,0,0,1,43,B
V7,1,4,0,0,3,5,73,1,1,0,5,0,0,0,0,44,A
V7,1,0,1,4,1,7,88,2,0,0,0,6,11,16,2,45,B
