personID,food,size_A,access_A,income_A,poverty_A,last_donation_A,total_donation_A,dist_A,size_B,access_B,income_B,poverty_B,last_donation_B,total_donation_B,dist_B,num_Q,AorB,score_size_A,score_size_B,score_access_A,score_access_B,score_income_A,score_income_B,score_poverty_A,score_poverty_B,score_last_donation_A,score_last_donation_B,score_dist_A,score_dist_B,model_score_A,model_score_B,model_prediction,matches_actual
D2,1,4,0,5,0,6,17,2,4,0,0,6,2,12,3,1,A,1.0,1.0,2.0,2.0,2.0,12.0,2.0,10.0,4.0,4.0,4.0,1.0,15.0,30.0,B,False
D2,0,0,2,5,1,9,69,2,4,0,5,0,12,41,0,2,B,4.0,1.0,15.0,2.0,2.0,2.0,2.0,2.0,8.0,8.0,4.0,4.0,35.0,19.0,A,False
D2,0,3,0,2,0,10,87,0,1,1,1,1,2,90,2,3,B,2.0,4.0,2.0,8.0,8.0,12.0,2.0,2.0,8.0,4.0,4.0,4.0,26.0,34.0,B,True
D2,0,1,1,1,2,2,64,3,0,1,4,1,6,70,3,4,A,4.0,4.0,8.0,8.0,12.0,2.0,6.0,2.0,4.0,4.0,1.0,1.0,35.0,21.0,A,True
D2,0,1,0,1,2,1,63,1,1,2,4,0,11,53,3,5,B,4.0,4.0,2.0,15.0,12.0,2.0,6.0,2.0,2.0,8.0,4.0,1.0,30.0,32.0,B,True
D2,0,0,2,3,0,11,10,0,4,2,3,1,0,0,2,6,B,4.0,1.0,15.0,15.0,4.0,4.0,2.0,2.0,8.0,8.0,4.0,4.0,37.0,34.0,A,False
D2,0,0,1,4,1,3,86,3,3,1,3,1,0,0,2,7,B,4.0,2.0,8.0,8.0,2.0,4.0,2.0,2.0,4.0,8.0,1.0,4.0,21.0,28.0,B,True
D2,1,3,0,4,1,2,2,1,4,1,1,1,6,47,0,8,B,2.0,1.0,2.0,8.0,2.0,12.0,2.0,2.0,4.0,4.0,4.0,4.0,16.0,31.0,B,True
D2,0,3,0,3,0,2,68,3,3,0,2,0,1,46,2,9,B,2.0,2.0,2.0,2.0,4.0,8.0,2.0,2.0,4.0,2.0,1.0,4.0,15.0,20.0,B,True
D2,1,1,1,2,1,0,0,2,2,1,3,1,12,4,3,10,A,4.0,2.0,8.0,8.0,8.0,4.0,2.0,2.0,8.0,8.0,4.0,1.0,34.0,25.0,A,True
D2,0,1,0,4,1,7,24,1,2,1,1,3,0,0,0,11,B,4.0,2.0,2.0,8.0,2.0,12.0,2.0,6.0,8.0,8.0,4.0,4.0,22.0,40.0,B,True
D2,0,2,0,5,0,7,67,2,1,0,5,1,7,77,1,12,A,2.0,4.0,2.0,2.0,2.0,2.0,2.0,2.0,8.0,8.0,4.0,4.0,20.0,22.0,B,False
D2,0,0,2,2,1,11,22,3,1,0,3,0,6,32,0,13,A,4.0,4.0,15.0,2.0,8.0,4.0,2.0,2.0,8.0,4.0,1.0,4.0,38.0,20.0,A,True
D2,0,4,1,1,3,3,64,2,3,0,0,1,12,87,0,14,A,1.0,2.0,8.0,2.0,12.0,12.0,6.0,2.0,4.0,8.0,4.0,4.0,35.0,30.0,A,True
D2,1,2,0,1,2,1,41,1,1,2,3,1,3,13,1,15,B,2.0,4.0,2.0,15.0,12.0,4.0,6.0,2.0,2.0,4.0,4.0,4.0,28.0,33.0,B,True
D2,1,3,0,1,3,4,21,2,2,2,5,0,1,74,3,16,B,2.0,2.0,2.0,15.0,12.0,2.0,6.0,2.0,4.0,2.0,4.0,1.0,30.0,24.0,A,False
D2,1,2,0,4,0,11,66,3,0,2,1,3,9,87,3,17,B,2.0,4.0,2.0,15.0,2.0,12.0,2.0,6.0,8.0,8.0,1.0,1.0,17.0,46.0,B,True
D2,1,2,2,4,0,6,81,2,3,1,0,4,0,0,2,18,B,2.0,2.0,15.0,8.0,2.0,12.0,2.0,8.0,4.0,8.0,4.0,4.0,29.0,42.0,B,True
D2,1,2,1,3,1,11,49,1,2,0,4,1,5,50,1,19,A,2.0,2.0,8.0,2.0,4.0,2.0,2.0,2.0,8.0,4.0,4.0,4.0,28.0,16.0,A,True
D2,1,3,2,0,2,11,5,0,1,1,3,0,7,84,0,20,A,2.0,4.0,15.0,8.0,12.0,4.0,6.0,2.0,8.0,8.0,4.0,4.0,47.0,30.0,A,True
D2,1,0,1,2,0,11,78,2,3,2,0,6,0,0,0,21,B,4.0,2.0,8.0,15.0,8.0,12.0,2.0,10.0,8.0,8.0,4.0,4.0,34.0,51.0,B,True
D2,1,0,2,2,3,10,46,2,4,0,0,2,2,8,0,22,A,4.0,1.0,15.0,2.0,8.0,12.0,6.0,6.0,8.0,4.0,4.0,4.0,45.0,29.0,A,True
D2,0,4,2,3,0,8,43,1,0,1,1,4,3,21,1,23,A,1.0,4.0,15.0,8.0,4.0,12.0,2.0,8.0,8.0,4.0,4.0,4.0,34.0,40.0,B,False
D2,1,3,2,3,0,6,90,1,4,2,2,2,6,39,3,24,B,2.0,1.0,15.0,15.0,4.0,8.0,2.0,6.0,4.0,4.0,4.0,1.0,31.0,35.0,B,True
D2,1,4,1,2,2,4,88,0,3,2,5,1,8,36,1,25,A,1.0,2.0,8.0,15.0,8.0,2.0,6.0,2.0,4.0,8.0,4.0,4.0,31.0,33.0,B,False
D2,0,1,0,4,1,8,76,1,2,2,0,1,6,48,1,26,B,4.0,2.0,2.0,15.0,2.0,12.0,2.0,2.0,8.0,4.0,4.0,4.0,22.0,39.0,B,True
D2,0,2,1,2,2,5,50,3,4,1,1,1,11,45,1,27,B,2.0,1.0,8.0,8.0,8.0,12.0,6.0,2.0,4.0,8.0,1.0,4.0,29.0,35.0,B,True
D2,0,4,0,0,7,7,49,1,2,1,1,2,7,5,0,28,A,1.0,2.0,2.0,8.0,12.0,12.0,10.0,6.0,8.0,8.0,4.0,4.0,37.0,40.0,B,False
D2,1,3,0,2,3,3,58,2,1,0,2,0,4,89,0,29,A,2.0,4.0,2.0,2.0,8.0,8.0,6.0,2.0,4.0,4.0,4.0,4.0,26.0,24.0,A,True
D2,0,4,2,5,0,0,0,2,4,0,1,3,9,13,0,30,A,1.0,1.0,15.0,2.0,2.0,12.0,2.0,6.0,8.0,8.0,4.0,4.0,32.0,33.0,B,False
D2,1,1,0,4,0,10,82,0,1,1,1,1,12,85,3,31,B,4.0,4.0,2.0,8.0,2.0,12.0,2.0,2.0,8.0,8.0,4.0,1.0,22.0,35.0,B,True
D2,1,4,0,4,1,5,45,2,4,1,3,0,6,41,0,32,B,1.0,1.0,2.0,8.0,2.0,4.0,2.0,2.0,4.0,4.0,4.0,4.0,15.0,23.0,B,True
D2,0,2,2,1,0,10,2,3,0,1,5,0,10,62,2,33,A,2.0,4.0,15.0,8.0,12.0,2.0,2.0,2.0,8.0,8.0,1.0,4.0,40.0,28.0,A,True
D2,1,3,0,4,1,10,77,0,4,2,3,0,8,32,2,34,A,2.0,1.0,2.0,15.0,2.0,4.0,2.0,2.0,8.0,8.0,4.0,4.0,20.0,34.0,B,False
D2,1,4,1,0,0,12,3,2,2,0,5,1,6,60,0,35,B,1.0,2.0,8.0,2.0,12.0,2.0,2.0,2.0,8.0,4.0,4.0,4.0,35.0,16.0,A,False
D2,0,4,2,0,6,9,43,3,2,1,5,0,9,46,0,36,A,1.0,2.0,15.0,8.0,12.0,2.0,10.0,2.0,8.0,8.0,1.0,4.0,47.0,26.0,A,True
D2,1,4,0,4,0,0,0,2,3,0,5,1,4,76,3,37,B,1.0,2.0,2.0,2.0,2.0,2.0,2.0,2.0,8.0,4.0,4.0,1.0,19.0,13.0,A,False
D2,0,2,2,4,1,8,8,1,2,0,3,1,2,73,3,38,A,2.0,2.0,15.0,2.0,2.0,4.0,2.0,2.0,8.0,4.0,4.0,1.0,33.0,15.0,A,True
D2,0,2,0,4,0,10,67,2,0,0,3,1,8,20,1,39,A,2.0,4.0,2.0,2.0,2.0,4.0,2.0,2.0,8.0,8.0,4.0,4.0,20.0,24.0,B,False
D2,1,1,0,4,1,5,15,2,2,1,4,1,0,0,1,40,B,4.0,2.0,2.0,8.0,2.0,2.0,2.0,2.0,4.0,8.0,4.0,4.0,18.0,26.0,B,True
D2,0,4,0,5,1,5,66,2,1,0,2,3,9,46,1,41,B,1.0,4.0,2.0,2.0,2.0,8.0,2.0,6.0,4.0,8.0,4.0,4.0,15.0,32.0,B,True
D2,0,3,2,1,0,4,18,1,1,2,1,0,6,31,3,42,A,2.0,4.0,15.0,15.0,12.0,12.0,2.0,2.0,4.0,4.0,4.0,1.0,39.0,38.0,A,True
D2,1,4,2,2,1,11,23,2,1,2,3,1,8,15,1,43,B,1.0,4.0,15.0,15.0,8.0,4.0,2.0,2.0,8.0,8.0,4.0,4.0,38.0,37.0,A,False
D2,1,4,0,1,0,3,54,1,1,2,5,1,4,55,3,44,B,1.0,4.0,2.0,15.0,12.0,2.0,2.0,2.0,4.0,4.0,4.0,1.0,25.0,28.0,B,True
D2,0,4,1,4,1,12,84,0,2,1,3,0,6,50,0,45,A,1.0,2.0,8.0,8.0,2.0,4.0,2.0,2.0,8.0,4.0,4.0,4.0,25.0,24.0,A,True
F1,0,2,0,0,6,11,78,2,2,0,0,3,5,25,1,1,A,6.0,6.0,1.0,1.0,30.0,30.0,35.0,20.0,11.0,5.0,2.0,3.0,85.0,65.0,A,True
F1,0,4,0,1,2,3,7,1,0,0,1,2,12,55,1,2,B,2.0,10.0,1.0,1.0,25.0,25.0,15.0,15.0,3.0,12.0,3.0,3.0,49.0,66.0,B,True
F1,1,3,1,3,1,5,31,3,3,2,1,0,5,72,1,3,A,4.0,4.0,3.0,6.0,15.0,25.0,10.0,5.0,5.0,5.0,1.0,3.0,38.0,48.0,B,False
F1,1,4,1,1,1,3,19,2,4,1,3,1,3,3,3,4,A,2.0,2.0,3.0,3.0,25.0,15.0,10.0,10.0,3.0,3.0,2.0,1.0,45.0,34.0,A,True
F1,0,4,1,5,0,11,67,0,2,2,2,1,4,56,1,5,B,2.0,6.0,3.0,6.0,5.0,20.0,5.0,10.0,11.0,4.0,4.0,3.0,30.0,49.0,B,True
F1,1,1,0,4,1,10,6,1,4,0,1,2,4,51,1,6,A,8.0,2.0,1.0,1.0,10.0,25.0,10.0,15.0,10.0,4.0,3.0,3.0,42.0,50.0,B,False
F1,0,3,0,2,1,12,90,1,2,1,1,4,7,74,2,7,B,4.0,6.0,1.0,3.0,20.0,25.0,10.0,25.0,12.0,7.0,3.0,2.0,50.0,68.0,B,True
F1,1,4,0,5,0,7,64,2,2,2,2,1,2,78,3,8,A,2.0,6.0,1.0,6.0,5.0,20.0,5.0,10.0,7.0,2.0,2.0,1.0,22.0,45.0,B,False
F1,1,3,1,3,1,5,61,3,4,1,1,4,3,14,1,9,B,4.0,2.0,3.0,3.0,15.0,25.0,10.0,25.0,5.0,3.0,1.0,3.0,38.0,61.0,B,True
F1,1,1,0,0,5,7,10,0,3,1,3,0,5,64,2,10,A,8.0,4.0,1.0,3.0,30.0,15.0,30.0,5.0,7.0,5.0,4.0,2.0,80.0,34.0,A,True
F1,1,2,1,5,1,9,89,2,3,0,2,3,9,6,0,11,B,6.0,4.0,3.0,1.0,5.0,20.0,10.0,20.0,9.0,9.0,2.0,4.0,35.0,58.0,B,True
F1,0,0,2,2,3,4,51,3,2,1,0,5,7,43,0,12,B,10.0,6.0,6.0,3.0,20.0,30.0,20.0,30.0,4.0,7.0,1.0,4.0,61.0,80.0,B,True
F1,1,2,1,0,0,4,45,3,4,0,2,1,10,87,1,13,B,6.0,2.0,3.0,1.0,30.0,20.0,5.0,10.0,4.0,10.0,1.0,3.0,49.0,46.0,A,False
F1,1,0,1,3,1,11,67,0,1,1,2,3,3,21,0,14,A,10.0,8.0,3.0,3.0,15.0,20.0,10.0,20.0,11.0,3.0,4.0,4.0,53.0,58.0,B,False
F1,0,2,2,4,1,12,83,1,1,2,4,0,9,70,2,15,A,6.0,8.0,6.0,6.0,10.0,10.0,10.0,5.0,12.0,9.0,3.0,2.0,47.0,40.0,A,True
F1,0,4,0,3,1,10,1,0,1,2,4,1,12,85,2,16,A,2.0,8.0,1.0,6.0,15.0,10.0,10.0,10.0,10.0,12.0,4.0,2.0,42.0,48.0,B,False
F1,1,1,0,5,1,8,14,2,0,2,5,0,2,11,0,17,A,8.0,10.0,1.0,6.0,5.0,5.0,10.0,5.0,8.0,2.0,2.0,4.0,34.0,32.0,A,True
F1,1,0,2,5,1,0,0,2,3,2,1,2,2,33,1,18,A,10.0,4.0,6.0,6.0,5.0,25.0,10.0,15.0,13.0,2.0,2.0,3.0,46.0,55.0,B,False
F1,1,2,1,4,1,6,28,0,1,2,3,1,7,86,2,19,A,6.0,8.0,3.0,6.0,10.0,15.0,10.0,10.0,6.0,7.0,4.0,2.0,39.0,48.0,B,False
F1,0,2,1,1,1,3,63,0,1,2,2,1,9,66,0,20,B,6.0,8.0,3.0,6.0,25.0,20.0,10.0,10.0,3.0,9.0,4.0,4.0,51.0,57.0,B,True
F1,1,0,0,0,2,12,62,3,3,2,5,1,12,56,2,21,B,10.0,4.0,1.0,6.0,30.0,5.0,15.0,10.0,12.0,12.0,1.0,2.0,69.0,39.0,A,False
F1,1,0,1,3,1,4,57,3,0,2,3,0,3,3,1,22,B,10.0,10.0,3.0,6.0,15.0,15.0,10.0,5.0,4.0,3.0,1.0,3.0,43.0,42.0,A,False
F1,1,4,0,4,1,12,64,2,3,2,0,3,5,45,2,23,B,2.0,4.0,1.0,6.0,10.0,30.0,10.0,20.0,12.0,5.0,2.0,2.0,37.0,67.0,B,True
F1,0,4,0,4,1,3,78,2,2,2,1,1,1,21,3,24,A,2.0,6.0,1.0,6.0,10.0,25.0,10.0,10.0,3.0,1.0,2.0,1.0,28.0,49.0,B,False
F1,0,4,2,0,1,10,50,1,2,1,2,1,8,51,1,25,B,2.0,6.0,6.0,3.0,30.0,20.0,10.0,10.0,10.0,8.0,3.0,3.0,61.0,50.0,A,False
F1,0,4,2,2,1,8,84,3,2,2,0,0,12,3,1,26,B,2.0,6.0,6.0,6.0,20.0,30.0,10.0,5.0,8.0,12.0,1.0,3.0,47.0,62.0,B,True
F1,0,3,0,1,2,10,5,0,3,0,4,0,1,25,1,27,A,4.0,4.0,1.0,1.0,25.0,10.0,15.0,5.0,10.0,1.0,4.0,3.0,59.0,24.0,A,True
F1,0,4,1,3,1,3,5,3,1,1,0,1,11,82,2,28,B,2.0,8.0,3.0,3.0,15.0,30.0,10.0,10.0,3.0,11.0,1.0,2.0,34.0,64.0,B,True
F1,0,1,1,4,0,6,5,1,2,2,2,2,1,61,2,29,A,8.0,6.0,3.0,6.0,10.0,20.0,5.0,15.0,6.0,1.0,3.0,2.0,35.0,50.0,B,False
F1,1,4,0,3,1,7,47,3,2,2,2,3,0,0,1,30,B,2.0,6.0,1.0,6.0,15.0,20.0,10.0,20.0,7.0,13.0,1.0,3.0,36.0,68.0,B,True
F1,1,3,0,3,1,0,0,1,1,0,5,1,3,63,2,31,A,4.0,8.0,1.0,1.0,15.0,5.0,10.0,10.0,13.0,3.0,3.0,2.0,46.0,29.0,A,True
F1,1,4,0,2,2,5,69,1,0,2,1,4,3,16,1,32,B,2.0,10.0,1.0,6.0,20.0,25.0,15.0,25.0,5.0,3.0,3.0,3.0,46.0,72.0,B,True
F1,0,0,0,5,1,7,38,2,1,2,3,1,4,30,2,33,B,10.0,8.0,1.0,6.0,5.0,15.0,10.0,10.0,7.0,4.0,2.0,2.0,35.0,45.0,B,True
F1,1,4,2,0,0,4,66,2,0,1,1,4,8,82,0,34,B,2.0,10.0,6.0,3.0,30.0,25.0,5.0,25.0,4.0,8.0,2.0,4.0,49.0,75.0,B,True
F1,1,3,0,0,2,5,61,0,1,2,4,1,12,31,3,35,A,4.0,8.0,1.0,6.0,30.0,10.0,15.0,10.0,5.0,12.0,4.0,1.0,59.0,47.0,A,True
F1,1,1,0,4,0,1,58,0,0,0,4,1,8,82,2,36,A,8.0,10.0,1.0,1.0,10.0,10.0,5.0,10.0,1.0,8.0,4.0,2.0,29.0,41.0,B,False
F1,1,2,2,3,1,8,29,0,4,2,1,4,9,4,3,37,A,6.0,2.0,6.0,6.0,15.0,25.0,10.0,25.0,8.0,9.0,4.0,1.0,49.0,68.0,B,False
F1,1,4,0,0,5,9,90,0,3,1,3,0,1,34,1,38,A,2.0,4.0,1.0,3.0,30.0,15.0,30.0,5.0,9.0,1.0,4.0,3.0,76.0,31.0,A,True
F1,1,0,2,2,0,12,44,3,1,0,5,0,10,63,3,39,A,10.0,8.0,6.0,1.0,20.0,5.0,5.0,5.0,12.0,10.0,1.0,1.0,54.0,30.0,A,True
F1,0,3,1,5,0,7,10,1,1,0,2,2,11,17,1,40,B,4.0,8.0,3.0,1.0,5.0,20.0,5.0,15.0,7.0,11.0,3.0,3.0,27.0,58.0,B,True
F1,0,2,2,4,1,9,68,0,2,0,1,1,7,24,1,41,A,6.0,6.0,6.0,1.0,10.0,25.0,10.0,10.0,9.0,7.0,4.0,3.0,45.0,52.0,B,False
F1,1,0,1,2,3,6,68,0,0,1,2,2,1,21,1,42,A,10.0,10.0,3.0,3.0,20.0,20.0,20.0,15.0,6.0,1.0,4.0,3.0,63.0,52.0,A,True
F1,0,2,1,4,0,4,15,3,0,1,5,1,0,0,3,43,B,6.0,10.0,3.0,3.0,10.0,5.0,5.0,10.0,4.0,13.0,1.0,1.0,29.0,42.0,B,True
F1,1,2,0,4,1,12,66,0,4,1,3,1,5,55,0,44,A,6.0,2.0,1.0,3.0,10.0,15.0,10.0,10.0,12.0,5.0,4.0,4.0,43.0,39.0,A,True
F1,0,2,0,2,3,0,0,1,3,1,5,1,12,69,2,45,A,6.0,4.0,1.0,3.0,20.0,5.0,20.0,10.0,13.0,12.0,3.0,2.0,63.0,36.0,A,True
F2,0,3,2,0,4,7,19,0,4,1,3,1,11,67,1,1,A,0.0,0.0,20.0,10.0,20.0,0.0,20.0,0.0,30.0,30.0,30.0,0.0,120.0,40.0,A,True
F2,1,1,0,5,0,7,45,3,0,1,3,1,4,69,1,2,B,30.0,20.0,5.0,10.0,0.0,0.0,0.0,0.0,30.0,25.0,-10.0,0.0,55.0,55.0,tie,
F2,1,1,0,3,1,3,64,1,2,0,4,0,10,2,2,3,A,30.0,10.0,5.0,5.0,0.0,0.0,0.0,0.0,25.0,30.0,0.0,0.0,60.0,45.0,A,True
F2,1,3,1,5,1,12,16,1,1,0,4,1,6,55,1,4,A,0.0,30.0,10.0,5.0,0.0,0.0,0.0,0.0,30.0,30.0,0.0,0.0,40.0,65.0,B,False
F2,1,1,1,4,0,4,76,0,3,1,0,6,10,2,2,5,B,30.0,0.0,10.0,10.0,0.0,20.0,0.0,20.0,25.0,30.0,30.0,0.0,95.0,80.0,A,False
F2,0,2,1,2,3,5,24,1,0,2,1,2,8,90,0,6,A,10.0,20.0,10.0,20.0,0.0,20.0,20.0,20.0,30.0,30.0,0.0,30.0,70.0,140.0,B,False
F2,0,4,2,3,1,8,2,0,1,0,5,0,9,63,2,7,A,0.0,30.0,20.0,5.0,0.0,0.0,0.0,0.0,30.0,30.0,30.0,0.0,80.0,65.0,A,True
F2,0,4,0,0,0,3,29,3,2,2,3,1,9,21,1,8,B,0.0,10.0,5.0,20.0,20.0,0.0,0.0,0.0,25.0,30.0,-10.0,0.0,40.0,60.0,B,True
F2,1,1,2,1,1,5,15,2,1,1,3,1,6,9,3,9,A,30.0,30.0,20.0,10.0,20.0,0.0,0.0,0.0,30.0,30.0,0.0,-10.0,100.0,60.0,A,True
F2,1,3,0,1,2,6,2,2,4,2,5,0,1,83,2,10,A,0.0,0.0,5.0,20.0,20.0,0.0,20.0,0.0,30.0,20.0,0.0,0.0,75.0,40.0,A,True
F2,1,1,1,5,1,3,66,0,1,2,4,1,1,52,3,11,A,30.0,30.0,10.0,20.0,0.0,0.0,0.0,0.0,25.0,20.0,30.0,-10.0,95.0,60.0,A,True
F2,1,0,1,3,0,5,87,2,1,2,0,1,11,66,2,12,B,20.0,30.0,10.0,20.0,0.0,20.0,0.0,0.0,30.0,30.0,0.0,0.0,60.0,100.0,B,True
F2,1,4,2,3,0,1,7,1,0,2,0,5,1,53,1,13,A,0.0,20.0,20.0,20.0,0.0,20.0,0.0,20.0,20.0,20.0,0.0,0.0,40.0,100.0,B,False
F2,1,1,0,1,0,8,90,2,4,1,2,3,10,52,3,14,A,30.0,0.0,5.0,10.0,20.0,0.0,0.0,20.0,30.0,30.0,0.0,-10.0,85.0,50.0,A,True
F2,1,0,2,3,0,6,77,2,3,2,5,1,8,9,3,15,B,20.0,0.0,20.0,20.0,0.0,0.0,0.0,0.0,30.0,30.0,0.0,-10.0,70.0,40.0,A,False
F2,0,3,1,5,0,8,6,0,1,2,5,1,2,78,1,16,A,0.0,30.0,10.0,20.0,0.0,0.0,0.0,0.0,30.0,20.0,30.0,0.0,70.0,70.0,tie,
F2,0,3,0,1,0,4,44,0,0,0,4,0,2,65,2,17,A,0.0,20.0,5.0,5.0,20.0,0.0,0.0,0.0,25.0,20.0,30.0,0.0,80.0,45.0,A,True
F2,1,4,1,1,4,7,72,2,0,0,2,2,6,58,0,18,A,0.0,20.0,10.0,5.0,20.0,0.0,20.0,20.0,30.0,30.0,0.0,30.0,80.0,105.0,B,False
F2,1,0,2,5,0,4,18,3,3,2,1,3,1,17,2,19,B,20.0,0.0,20.0,20.0,0.0,20.0,0.0,20.0,25.0,20.0,-10.0,0.0,55.0,80.0,B,True
F2,1,0,0,4,0,11,67,3,1,2,1,4,1,86,3,20,B,20.0,30.0,5.0,20.0,0.0,20.0,0.0,20.0,30.0,20.0,-10.0,-10.0,45.0,100.0,B,True
F2,0,2,0,0,4,0,0,1,0,2,3,0,11,69,0,21,A,10.0,20.0,5.0,20.0,20.0,0.0,20.0,0.0,30.0,30.0,0.0,30.0,85.0,100.0,B,False
F2,0,0,1,1,1,12,90,1,2,2,1,4,9,46,2,22,B,20.0,10.0,10.0,20.0,20.0,20.0,0.0,20.0,30.0,30.0,0.0,0.0,80.0,100.0,B,True
F2,1,1,1,2,3,8,43,1,0,1,2,3,3,49,0,23,A,30.0,20.0,10.0,10.0,0.0,0.0,20.0,20.0,30.0,25.0,0.0,30.0,90.0,105.0,B,False
F2,0,1,1,1,3,0,0,2,2,0,5,0,11,73,0,24,B,30.0,10.0,10.0,5.0,20.0,0.0,20.0,0.0,30.0,30.0,0.0,30.0,110.0,75.0,A,False
F2,1,3,0,5,0,1,84,1,3,0,3,1,2,68,1,25,B,0.0,0.0,5.0,5.0,0.0,0.0,0.0,0.0,20.0,20.0,0.0,0.0,25.0,25.0,tie,
F2,0,0,2,2,2,11,36,2,2,0,1,1,4,89,0,26,B,20.0,10.0,20.0,5.0,0.0,20.0,20.0,0.0,30.0,25.0,0.0,30.0,90.0,90.0,tie,
F2,0,2,0,5,0,1,30,0,1,2,2,2,2,45,2,27,A,10.0,30.0,5.0,20.0,0.0,0.0,0.0,20.0,20.0,20.0,30.0,0.0,65.0,90.0,B,False
F2,1,3,0,2,2,12,36,2,3,2,4,1,9,53,0,28,B,0.0,0.0,5.0,20.0,0.0,0.0,20.0,0.0,30.0,30.0,0.0,30.0,55.0,80.0,B,True
F2,0,4,2,0,4,4,35,0,2,1,4,0,1,72,2,29,A,0.0,10.0,20.0,10.0,20.0,0.0,20.0,0.0,25.0,20.0,30.0,0.0,115.0,40.0,A,True
F2,1,1,1,2,1,4,66,2,3,1,2,0,6,47,0,30,B,30.0,0.0,10.0,10.0,0.0,0.0,0.0,0.0,25.0,30.0,0.0,30.0,65.0,70.0,B,True
F2,1,3,0,2,0,9,22,0,4,1,3,1,3,50,2,31,A,0.0,0.0,5.0,10.0,0.0,0.0,0.0,0.0,30.0,25.0,30.0,0.0,65.0,35.0,A,True
F2,1,3,0,0,3,2,11,0,4,0,1,1,3,78,1,32,A,0.0,0.0,5.0,5.0,20.0,20.0,20.0,0.0,20.0,25.0,30.0,0.0,95.0,50.0,A,True
F2,0,1,2,0,2,8,51,1,1,1,0,5,6,33,2,33,A,30.0,30.0,20.0,10.0,20.0,20.0,20.0,20.0,30.0,30.0,0.0,0.0,120.0,110.0,A,True
F2,1,2,2,4,0,3,77,0,2,1,4,1,4,26,3,34,A,10.0,10.0,20.0,10.0,0.0,0.0,0.0,0.0,25.0,25.0,30.0,-10.0,85.0,35.0,A,True
F2,1,2,0,5,0,4,76,3,2,1,1,4,7,84,2,35,B,10.0,10.0,5.0,10.0,0.0,20.0,0.0,20.0,25.0,30.0,-10.0,0.0,30.0,90.0,B,True
F2,1,4,1,5,1,10,17,1,4,2,0,1,4,61,0,36,B,0.0,0.0,10.0,20.0,0.0,20.0,0.0,0.0,30.0,25.0,0.0,30.0,40.0,95.0,B,True
F2,1,2,1,2,2,7,53,0,3,0,2,0,1,33,0,37,A,10.0,0.0,10.0,5.0,0.0,0.0,20.0,0.0,30.0,20.0,30.0,30.0,100.0,55.0,A,True
F2,0,1,2,5,0,11,4,0,4,1,4,0,4,43,0,38,A,30.0,0.0,20.0,10.0,0.0,0.0,0.0,0.0,30.0,25.0,30.0,30.0,110.0,65.0,A,True
F2,1,2,2,1,2,1,22,2,2,2,5,1,4,73,1,39,B,10.0,10.0,20.0,20.0,20.0,0.0,20.0,0.0,20.0,25.0,0.0,0.0,90.0,55.0,A,False
F2,0,0,1,2,3,9,84,1,4,1,5,1,1,58,1,40,A,20.0,0.0,10.0,10.0,0.0,0.0,20.0,0.0,30.0,20.0,0.0,0.0,80.0,30.0,A,True
F2,0,3,2,5,1,4,72,2,2,1,5,1,2,48,2,41,A,0.0,10.0,20.0,10.0,0.0,0.0,0.0,0.0,25.0,20.0,0.0,0.0,45.0,40.0,A,True
F2,0,4,1,4,0,1,38,3,4,2,5,0,0,0,0,42,B,0.0,0.0,10.0,20.0,0.0,0.0,0.0,0.0,20.0,30.0,-10.0,30.0,20.0,80.0,B,True
F2,1,0,0,1,4,9,60,1,1,2,3,0,6,4,1,43,B,20.0,30.0,5.0,20.0,20.0,0.0,20.0,0.0,30.0,30.0,0.0,0.0,95.0,80.0,A,False
F2,1,1,1,2,0,12,65,0,3,0,2,1,0,0,3,44,A,30.0,0.0,10.0,5.0,0.0,0.0,0.0,0.0,30.0,30.0,30.0,-10.0,100.0,25.0,A,True
F2,0,3,0,5,0,9,71,1,2,1,1,0,3,3,1,45,A,0.0,10.0,5.0,10.0,0.0,20.0,0.0,0.0,30.0,25.0,0.0,0.0,35.0,65.0,B,False
R1,0,3,1,1,4,5,51,0,0,0,5,0,3,76,2,1,A,30.0,20.0,20.0,10.0,20.0,5.0,20.0,0.0,30.0,15.0,30.0,15.0,150.0,65.0,A,True
R1,1,1,0,5,1,9,3,2,3,0,3,1,4,55,1,2,B,20.0,30.0,10.0,10.0,5.0,15.0,15.0,15.0,30.0,15.0,15.0,30.0,95.0,115.0,B,True
R1,1,1,0,5,0,0,0,2,0,2,5,0,11,81,1,3,A,20.0,20.0,10.0,30.0,5.0,5.0,0.0,0.0,30.0,30.0,15.0,30.0,80.0,115.0,B,False
R1,1,2,2,5,1,4,86,1,3,1,5,1,11,70,0,4,A,25.0,30.0,30.0,20.0,5.0,5.0,15.0,15.0,15.0,30.0,30.0,30.0,120.0,130.0,B,False
R1,0,0,2,0,6,11,50,1,2,0,2,3,9,17,1,5,A,20.0,25.0,30.0,10.0,30.0,15.0,30.0,20.0,30.0,30.0,30.0,30.0,170.0,130.0,A,True
R1,0,0,2,0,4,1,69,0,2,0,3,1,6,52,2,6,A,20.0,25.0,30.0,10.0,30.0,15.0,20.0,15.0,15.0,30.0,30.0,15.0,145.0,110.0,A,True
R1,0,0,0,1,0,6,42,1,4,0,4,1,6,50,1,7,B,20.0,15.0,10.0,10.0,20.0,5.0,0.0,15.0,30.0,30.0,30.0,30.0,110.0,105.0,A,False
R1,0,1,1,5,0,10,89,3,0,2,3,1,2,70,0,8,B,20.0,20.0,20.0,30.0,5.0,15.0,0.0,15.0,30.0,15.0,15.0,30.0,90.0,125.0,B,True
R1,1,0,1,3,1,1,19,1,1,1,1,4,3,20,3,9,B,20.0,20.0,20.0,20.0,15.0,20.0,15.0,20.0,15.0,15.0,30.0,15.0,115.0,110.0,A,False
R1,0,3,2,1,2,8,32,1,4,2,2,1,5,23,2,10,A,30.0,15.0,30.0,30.0,20.0,15.0,20.0,15.0,30.0,30.0,30.0,15.0,160.0,120.0,A,True
R1,1,2,0,3,0,10,21,1,1,1,4,1,8,28,3,11,B,25.0,20.0,10.0,20.0,15.0,5.0,0.0,15.0,30.0,30.0,30.0,15.0,110.0,105.0,A,False
R1,1,3,1,4,1,10,76,3,4,2,2,2,7,85,3,12,B,30.0,15.0,20.0,30.0,5.0,15.0,15.0,20.0,30.0,30.0,15.0,15.0,115.0,125.0,B,True
R1,1,4,1,2,0,11,4,0,2,2,0,0,10,32,2,13,B,15.0,25.0,20.0,30.0,15.0,30.0,0.0,0.0,30.0,30.0,30.0,15.0,110.0,130.0,B,True
R1,1,2,0,4,1,8,81,2,3,0,0,4,11,49,1,14,B,25.0,30.0,10.0,10.0,5.0,30.0,15.0,20.0,30.0,30.0,15.0,30.0,100.0,150.0,B,True
R1,1,3,2,5,0,11,84,1,4,1,2,1,8,47,2,15,B,30.0,15.0,30.0,20.0,5.0,15.0,0.0,15.0,30.0,30.0,30.0,15.0,125.0,110.0,A,False
R1,1,4,2,3,0,11,17,2,0,2,5,0,0,0,2,16,B,15.0,20.0,30.0,30.0,15.0,5.0,0.0,0.0,30.0,30.0,15.0,15.0,105.0,100.0,A,False
R1,1,1,2,5,0,9,62,1,0,1,5,0,3,44,3,17,A,20.0,20.0,30.0,20.0,5.0,5.0,0.0,0.0,30.0,15.0,30.0,15.0,115.0,75.0,A,True
R1,1,3,0,3,1,11,3,2,4,1,3,0,0,0,1,18,A,30.0,15.0,10.0,20.0,15.0,15.0,15.0,0.0,30.0,30.0,15.0,30.0,115.0,110.0,A,True
R1,1,0,0,2,3,7,3,2,4,2,2,2,9,3,3,19,B,20.0,15.0,10.0,30.0,15.0,15.0,20.0,20.0,30.0,30.0,15.0,15.0,110.0,125.0,B,True
R1,0,2,2,2,2,10,31,0,4,0,0,3,2,88,2,20,B,25.0,15.0,30.0,10.0,15.0,30.0,20.0,20.0,30.0,15.0,30.0,15.0,150.0,105.0,A,False
R1,0,4,0,3,1,7,58,3,4,2,4,1,9,86,2,21,B,15.0,15.0,10.0,30.0,15.0,5.0,15.0,15.0,30.0,30.0,15.0,15.0,100.0,110.0,B,True
R1,1,2,1,5,1,0,0,3,1,0,3,0,7,2,0,22,A,25.0,20.0,20.0,10.0,5.0,15.0,15.0,0.0,30.0,30.0,15.0,30.0,110.0,105.0,A,True
R1,0,0,2,3,0,8,13,2,0,0,0,1,10,18,3,23,B,20.0,20.0,30.0,10.0,15.0,30.0,0.0,15.0,30.0,30.0,15.0,15.0,110.0,120.0,B,True
R1,0,0,2,5,1,5,19,3,3,2,2,1,1,1,2,24,B,20.0,30.0,30.0,30.0,5.0,15.0,15.0,15.0,30.0,15.0,15.0,15.0,115.0,120.0,B,True
R1,1,0,1,4,0,4,69,2,4,0,1,0,11,21,0,25,B,20.0,15.0,20.0,10.0,5.0,20.0,0.0,0.0,15.0,30.0,15.0,30.0,75.0,105.0,B,True
R1,1,1,1,3,1,9,26,0,1,0,4,0,2,59,2,26,A,20.0,20.0,20.0,10.0,15.0,5.0,15.0,0.0,30.0,15.0,30.0,15.0,130.0,65.0,A,True
R1,0,0,0,1,3,10,86,1,4,0,1,2,3,8,2,27,B,20.0,15.0,10.0,10.0,20.0,20.0,20.0,20.0,30.0,15.0,30.0,15.0,130.0,95.0,A,False
R1,0,3,0,2,0,0,0,0,2,2,2,3,12,83,2,28,B,30.0,25.0,10.0,30.0,15.0,15.0,0.0,20.0,30.0,30.0,30.0,15.0,115.0,135.0,B,True
R1,1,1,2,3,1,10,55,2,2,0,1,0,7,63,3,29,A,20.0,25.0,30.0,10.0,15.0,20.0,15.0,0.0,30.0,30.0,15.0,15.0,125.0,100.0,A,True
R1,0,4,0,4,1,4,30,2,1,2,3,0,2,39,0,30,B,15.0,20.0,10.0,30.0,5.0,15.0,15.0,0.0,15.0,15.0,15.0,30.0,75.0,110.0,B,True
R1,0,3,1,3,1,10,83,2,4,0,5,0,1,14,3,31,A,30.0,15.0,20.0,10.0,15.0,5.0,15.0,0.0,30.0,15.0,15.0,15.0,125.0,60.0,A,True
R1,1,0,2,2,0,3,77,1,1,2,2,0,11,47,2,32,A,20.0,20.0,30.0,30.0,15.0,15.0,0.0,0.0,15.0,30.0,30.0,15.0,110.0,110.0,tie,
R1,1,0,0,1,1,9,38,3,3,0,4,0,11,78,1,33,A,20.0,30.0,10.0,10.0,20.0,5.0,15.0,0.0,30.0,30.0,15.0,30.0,110.0,105.0,A,True
R1,0,1,1,5,0,11,63,3,0,0,5,1,9,9,0,34,B,20.0,20.0,20.0,10.0,5.0,5.0,0.0,15.0,30.0,30.0,15.0,30.0,90.0,110.0,B,True
R1,1,1,0,0,6,1,55,1,4,1,1,4,9,57,1,35,A,20.0,15.0,10.0,20.0,30.0,20.0,30.0,20.0,15.0,30.0,30.0,30.0,135.0,135.0,tie,
R1,0,0,0,2,3,10,51,2,2,1,0,2,10,43,3,36,B,20.0,25.0,10.0,20.0,15.0,30.0,20.0,20.0,30.0,30.0,15.0,15.0,110.0,140.0,B,True
R1,0,3,0,5,1,2,52,1,0,2,4,0,3,27,2,37,B,30.0,20.0,10.0,30.0,5.0,5.0,15.0,0.0,15.0,15.0,30.0,15.0,105.0,85.0,A,False
R1,1,1,2,0,4,4,57,2,4,1,5,0,3,41,2,38,A,20.0,15.0,30.0,20.0,30.0,5.0,20.0,0.0,15.0,15.0,15.0,15.0,130.0,70.0,A,True
R1,0,3,1,1,1,0,0,3,0,2,2,3,6,10,2,39,B,30.0,20.0,20.0,30.0,20.0,15.0,15.0,20.0,30.0,30.0,15.0,15.0,130.0,130.0,tie,
R1,0,0,0,2,1,2,72,3,2,2,0,4,5,85,2,40,B,20.0,25.0,10.0,30.0,15.0,30.0,15.0,20.0,15.0,30.0,15.0,15.0,90.0,150.0,B,True
R2,0,4,1,1,4,0,0,0,3,0,0,5,7,64,2,1,A,5.0,5.0,5.0,3.0,8.0,5.0,10.0,10.0,0.0,0.0,0.0,0.0,28.0,23.0,A,True
R2,0,3,1,3,0,7,62,0,3,2,0,3,1,16,0,2,B,5.0,5.0,5.0,10.0,10.0,5.0,5.0,8.0,0.0,0.0,0.0,0.0,25.0,28.0,B,True
R2,1,1,1,4,1,6,38,1,0,1,2,2,5,85,0,3,B,4.0,4.0,5.0,5.0,10.0,8.0,5.0,8.0,0.0,0.0,0.0,0.0,24.0,25.0,B,True
R2,0,3,1,0,6,3,54,0,1,2,5,0,7,65,2,4,A,5.0,4.0,5.0,10.0,5.0,5.0,10.0,5.0,0.0,0.0,0.0,0.0,25.0,24.0,A,True
R2,1,0,1,5,0,1,27,0,4,1,0,4,10,78,0,5,B,4.0,5.0,5.0,5.0,5.0,5.0,5.0,10.0,0.0,0.0,0.0,0.0,19.0,25.0,B,True
R2,0,1,0,2,1,9,26,1,2,1,3,1,9,4,3,6,B,4.0,4.0,3.0,5.0,8.0,10.0,5.0,5.0,0.0,0.0,0.0,0.0,20.0,24.0,B,True
R2,0,2,0,0,6,7,89,3,4,2,2,1,11,28,3,7,B,4.0,5.0,3.0,10.0,5.0,8.0,10.0,5.0,0.0,0.0,0.0,0.0,22.0,28.0,B,True
R2,1,2,1,3,1,11,37,1,0,0,0,6,4,60,0,8,A,4.0,4.0,5.0,3.0,10.0,5.0,5.0,10.0,0.0,0.0,0.0,0.0,24.0,22.0,A,True
R2,0,2,0,4,1,12,88,3,1,0,5,0,1,31,1,9,A,4.0,4.0,3.0,3.0,10.0,5.0,5.0,5.0,0.0,0.0,0.0,0.0,22.0,17.0,A,True
R2,1,3,0,1,3,2,86,3,2,0,1,0,1,68,2,10,A,5.0,4.0,3.0,3.0,8.0,8.0,8.0,5.0,0.0,0.0,0.0,0.0,24.0,20.0,A,True
R2,1,2,1,2,1,6,64,2,2,0,0,5,9,9,0,11,A,4.0,4.0,5.0,3.0,8.0,5.0,5.0,10.0,0.0,0.0,0.0,0.0,22.0,22.0,tie,
R2,1,4,0,3,0,11,62,1,2,0,2,2,8,47,3,12,A,5.0,4.0,3.0,3.0,10.0,8.0,5.0,8.0,0.0,0.0,0.0,0.0,23.0,23.0,tie,
R2,0,3,1,5,0,6,4,0,2,2,5,1,9,75,0,13,B,5.0,4.0,5.0,10.0,5.0,5.0,5.0,5.0,0.0,0.0,0.0,0.0,20.0,24.0,B,True
R2,0,1,0,2,0,5,7,1,2,0,3,0,0,0,2,14,B,4.0,4.0,3.0,3.0,8.0,10.0,5.0,5.0,0.0,0.0,0.0,0.0,20.0,22.0,B,True
R2,1,0,2,3,0,11,46,1,2,0,0,3,8,42,3,15,A,4.0,4.0,10.0,3.0,10.0,5.0,5.0,8.0,0.0,0.0,0.0,0.0,29.0,20.0,A,True
R2,1,1,1,5,1,8,40,0,2,1,4,1,4,12,1,16,B,4.0,4.0,5.0,5.0,5.0,10.0,5.0,5.0,0.0,0.0,0.0,0.0,19.0,24.0,B,True
R2,1,0,0,2,3,2,82,1,4,1,4,1,12,89,0,17,B,4.0,5.0,3.0,5.0,8.0,10.0,8.0,5.0,0.0,0.0,0.0,0.0,23.0,25.0,B,True
R2,1,4,0,5,1,1,75,3,0,1,5,1,4,14,0,18,A,5.0,4.0,3.0,5.0,5.0,5.0,5.0,5.0,0.0,0.0,0.0,0.0,18.0,19.0,B,False
R2,0,2,2,0,0,6,60,0,2,1,1,4,10,22,0,19,A,4.0,4.0,10.0,5.0,5.0,8.0,5.0,10.0,0.0,0.0,0.0,0.0,24.0,27.0,B,False
R2,0,1,0,1,1,7,11,3,2,0,3,1,6,26,2,20,B,4.0,4.0,3.0,3.0,8.0,10.0,5.0,5.0,0.0,0.0,0.0,0.0,20.0,22.0,B,True
R2,0,1,0,1,2,1,77,3,4,2,1,4,5,3,3,21,B,4.0,5.0,3.0,10.0,8.0,8.0,8.0,10.0,0.0,0.0,0.0,0.0,23.0,33.0,B,True
R2,0,0,2,0,5,2,86,2,1,1,1,2,6,23,1,22,A,4.0,4.0,10.0,5.0,5.0,8.0,10.0,8.0,0.0,0.0,0.0,0.0,29.0,25.0,A,True
R2,0,2,1,1,0,0,0,3,2,1,3,0,9,73,2,23,B,4.0,4.0,5.0,5.0,8.0,10.0,5.0,5.0,0.0,0.0,0.0,0.0,22.0,24.0,B,True
R2,1,3,1,4,1,10,42,0,3,0,1,4,9,36,0,24,A,5.0,5.0,5.0,3.0,10.0,8.0,5.0,10.0,0.0,0.0,0.0,0.0,25.0,26.0,B,False
R2,0,4,2,1,3,3,45,1,2,1,4,1,2,59,1,25,A,5.0,4.0,10.0,5.0,8.0,10.0,8.0,5.0,0.0,0.0,0.0,0.0,31.0,24.0,A,True
R2,0,3,1,3,1,12,55,2,1,2,2,1,1,8,1,26,B,5.0,4.0,5.0,10.0,10.0,8.0,5.0,5.0,0.0,0.0,0.0,0.0,25.0,27.0,B,True
R2,0,3,2,1,4,3,24,0,1,2,3,0,0,0,1,27,A,5.0,4.0,10.0,10.0,8.0,10.0,10.0,5.0,0.0,0.0,0.0,0.0,33.0,29.0,A,True
R2,1,2,2,1,0,8,71,2,1,0,4,1,7,32,1,28,A,4.0,4.0,10.0,3.0,8.0,10.0,5.0,5.0,0.0,0.0,0.0,0.0,27.0,22.0,A,True
R2,1,1,2,2,1,10,22,3,3,0,3,0,7,46,0,29,B,4.0,5.0,10.0,3.0,8.0,10.0,5.0,5.0,0.0,0.0,0.0,0.0,27.0,23.0,A,False
R2,0,3,1,0,7,9,76,3,1,1,2,2,12,48,1,30,A,5.0,4.0,5.0,5.0,5.0,8.0,10.0,8.0,0.0,0.0,0.0,0.0,25.0,25.0,tie,
R2,1,2,2,1,0,5,71,0,0,2,1,1,9,53,2,31,A,4.0,4.0,10.0,10.0,8.0,8.0,5.0,5.0,0.0,0.0,0.0,0.0,27.0,27.0,tie,
R2,1,2,0,4,0,10,68,0,2,0,4,1,11,7,3,32,A,4.0,4.0,3.0,3.0,10.0,10.0,5.0,5.0,0.0,0.0,0.0,0.0,22.0,22.0,tie,
R2,1,3,0,4,1,5,13,3,0,0,2,0,1,29,0,33,A,5.0,4.0,3.0,3.0,10.0,8.0,5.0,5.0,0.0,0.0,0.0,0.0,23.0,20.0,A,True
R2,0,0,2,1,2,4,69,1,4,1,0,0,6,68,1,34,B,4.0,5.0,10.0,5.0,8.0,5.0,8.0,5.0,0.0,0.0,0.0,0.0,30.0,20.0,A,False
R2,1,1,2,1,3,3,56,2,2,1,5,1,7,58,3,35,B,4.0,4.0,10.0,5.0,8.0,5.0,8.0,5.0,0.0,0.0,0.0,0.0,30.0,19.0,A,False
R2,1,3,1,5,1,2,71,0,0,0,4,0,9,85,2,36,A,5.0,4.0,5.0,3.0,5.0,10.0,5.0,5.0,0.0,0.0,0.0,0.0,20.0,22.0,B,False
R2,1,1,0,4,1,1,11,1,1,0,3,1,11,18,1,37,A,4.0,4.0,3.0,3.0,10.0,10.0,5.0,5.0,0.0,0.0,0.0,0.0,22.0,22.0,tie,
R2,0,0,1,0,0,6,13,3,0,0,3,0,12,89,2,38,A,4.0,4.0,5.0,3.0,5.0,10.0,5.0,5.0,0.0,0.0,0.0,0.0,19.0,22.0,B,False
R2,1,0,1,4,0,11,73,0,2,1,5,0,1,77,1,39,B,4.0,4.0,5.0,5.0,10.0,5.0,5.0,5.0,0.0,0.0,0.0,0.0,24.0,19.0,A,False
R2,0,4,0,0,7,8,32,3,2,1,5,0,1,43,1,40,A,5.0,4.0,3.0,5.0,5.0,5.0,10.0,5.0,0.0,0.0,0.0,0.0,23.0,19.0,A,True
R2,0,0,2,0,0,5,8,2,2,0,2,3,9,76,3,41,A,4.0,4.0,10.0,3.0,5.0,8.0,5.0,8.0,0.0,0.0,0.0,0.0,24.0,23.0,A,True
R2,1,3,1,2,0,6,37,3,2,2,4,0,6,38,2,42,A,5.0,4.0,5.0,10.0,8.0,10.0,5.0,5.0,0.0,0.0,0.0,0.0,23.0,29.0,B,False
R2,1,4,2,2,1,9,75,1,2,2,3,0,8,86,3,43,A,5.0,4.0,10.0,10.0,8.0,10.0,5.0,5.0,0.0,0.0,0.0,0.0,28.0,29.0,B,False
R2,1,2,1,5,0,11,75,1,1,0,2,3,6,81,0,44,A,4.0,4.0,5.0,3.0,5.0,8.0,5.0,8.0,0.0,0.0,0.0,0.0,19.0,23.0,B,False
R2,0,1,0,1,3,3,15,1,1,2,1,0,12,52,0,45,B,4.0,4.0,3.0,10.0,8.0,8.0,8.0,5.0,0.0,0.0,0.0,0.0,23.0,27.0,B,True
R3,0,1,2,2,0,11,15,1,1,2,0,0,12,33,2,1,B,0.0,0.0,30.0,30.0,10.0,30.0,0.0,0.0,0.0,0.0,30.0,15.0,70.0,75.0,B,True
R3,1,3,0,0,1,0,0,2,3,1,4,0,6,20,3,2,A,30.0,30.0,0.0,20.0,30.0,0.0,15.0,0.0,0.0,0.0,15.0,0.0,90.0,50.0,A,True
R3,1,0,2,0,0,0,0,2,4,2,4,0,9,52,0,3,B,0.0,30.0,30.0,30.0,30.0,0.0,0.0,0.0,0.0,0.0,15.0,30.0,75.0,90.0,B,True
R3,1,2,0,4,1,1,41,3,2,1,3,0,2,85,0,4,B,15.0,15.0,0.0,20.0,0.0,10.0,15.0,0.0,0.0,0.0,0.0,30.0,30.0,75.0,B,True
R3,0,4,1,0,3,3,26,0,4,0,1,1,11,44,2,5,B,30.0,30.0,20.0,0.0,30.0,30.0,30.0,15.0,0.0,0.0,30.0,15.0,140.0,90.0,A,False
R3,0,3,1,3,0,1,82,0,4,1,0,0,4,31,0,6,B,30.0,30.0,20.0,20.0,10.0,30.0,0.0,0.0,0.0,0.0,30.0,30.0,90.0,110.0,B,True
R3,0,3,2,1,1,5,31,0,0,1,5,0,0,0,1,7,A,30.0,0.0,30.0,20.0,30.0,0.0,15.0,0.0,0.0,0.0,30.0,30.0,135.0,50.0,A,True
R3,0,3,1,2,0,12,75,3,4,1,3,1,0,0,0,8,B,30.0,30.0,20.0,20.0,10.0,10.0,0.0,15.0,0.0,0.0,0.0,30.0,60.0,105.0,B,True
R3,0,1,2,2,0,0,0,1,1,0,3,0,4,17,2,9,A,0.0,0.0,30.0,0.0,10.0,10.0,0.0,0.0,0.0,0.0,30.0,15.0,70.0,25.0,A,True
R3,0,3,2,1,0,8,90,0,3,0,0,6,6,52,0,10,A,30.0,30.0,30.0,0.0,30.0,30.0,0.0,30.0,0.0,0.0,30.0,30.0,120.0,120.0,tie,
R3,1,1,2,1,1,10,38,1,2,1,5,0,8,81,3,11,A,0.0,15.0,30.0,20.0,30.0,0.0,15.0,0.0,0.0,0.0,30.0,0.0,105.0,35.0,A,True
R3,1,3,2,3,1,11,81,0,2,0,3,1,0,0,1,12,A,30.0,15.0,30.0,0.0,10.0,10.0,15.0,15.0,0.0,0.0,30.0,30.0,115.0,70.0,A,True
R3,0,4,0,5,0,3,90,0,2,0,5,1,7,2,2,13,A,30.0,15.0,0.0,0.0,0.0,0.0,0.0,15.0,0.0,0.0,30.0,15.0,60.0,45.0,A,True
R3,1,2,2,5,0,1,62,1,2,1,4,1,1,46,0,14,A,15.0,15.0,30.0,20.0,0.0,0.0,0.0,15.0,0.0,0.0,30.0,30.0,75.0,80.0,B,False
R3,1,0,1,1,2,5,59,2,3,1,0,4,9,21,0,15,B,0.0,30.0,20.0,20.0,30.0,30.0,15.0,30.0,0.0,0.0,15.0,30.0,80.0,140.0,B,True
R3,1,4,1,2,3,1,11,1,0,0,2,3,8,22,0,16,A,30.0,0.0,20.0,0.0,10.0,10.0,30.0,30.0,0.0,0.0,30.0,30.0,120.0,70.0,A,True
R3,1,1,2,1,4,7,86,0,2,0,3,0,10,72,3,17,A,0.0,15.0,30.0,0.0,30.0,10.0,30.0,0.0,0.0,0.0,30.0,0.0,120.0,25.0,A,True
R3,1,2,2,5,1,10,16,2,3,2,2,2,3,29,2,18,B,15.0,30.0,30.0,30.0,0.0,10.0,15.0,15.0,0.0,0.0,15.0,15.0,75.0,100.0,B,True
R3,0,0,2,5,1,11,24,1,0,0,2,2,6,84,0,19,A,0.0,0.0,30.0,0.0,0.0,10.0,15.0,15.0,0.0,0.0,30.0,30.0,75.0,55.0,A,True
R3,0,1,1,2,0,7,2,2,0,0,3,0,9,46,0,20,B,0.0,0.0,20.0,0.0,10.0,10.0,0.0,0.0,0.0,0.0,15.0,30.0,45.0,40.0,A,False
R3,1,4,1,1,0,12,62,3,3,1,0,1,9,8,2,21,A,30.0,30.0,20.0,20.0,30.0,30.0,0.0,15.0,0.0,0.0,0.0,15.0,80.0,110.0,B,False
R3,0,0,0,1,1,5,29,0,3,1,0,6,6,40,2,22,B,0.0,30.0,0.0,20.0,30.0,30.0,15.0,30.0,0.0,0.0,30.0,15.0,75.0,125.0,B,True
R3,0,3,0,5,0,12,57,2,0,1,2,1,4,41,1,23,B,30.0,0.0,0.0,20.0,0.0,10.0,0.0,15.0,0.0,0.0,15.0,30.0,45.0,75.0,B,True
R3,0,0,0,4,1,7,49,0,1,1,0,1,4,20,0,24,B,0.0,0.0,0.0,20.0,0.0,30.0,15.0,15.0,0.0,0.0,30.0,30.0,45.0,95.0,B,True
R3,0,2,2,2,0,8,49,2,2,2,5,1,5,77,0,25,B,15.0,15.0,30.0,30.0,10.0,0.0,0.0,15.0,0.0,0.0,15.0,30.0,70.0,90.0,B,True
R3,1,0,1,5,0,4,58,2,0,1,2,2,1,12,1,26,B,0.0,0.0,20.0,20.0,0.0,10.0,0.0,15.0,0.0,0.0,15.0,30.0,35.0,75.0,B,True
R3,1,4,1,5,1,11,58,2,1,2,2,3,2,30,0,27,B,30.0,0.0,20.0,30.0,0.0,10.0,15.0,30.0,0.0,0.0,15.0,30.0,80.0,100.0,B,True
R3,0,1,0,3,1,11,45,2,1,1,5,1,4,21,2,28,B,0.0,0.0,0.0,20.0,10.0,0.0,15.0,15.0,0.0,0.0,15.0,15.0,40.0,50.0,B,True
R3,0,0,0,5,0,3,39,2,2,2,5,0,5,18,3,29,B,0.0,15.0,0.0,30.0,0.0,0.0,0.0,0.0,0.0,0.0,15.0,0.0,15.0,45.0,B,True
R3,1,4,2,1,0,8,53,3,1,2,2,3,9,67,2,30,A,30.0,0.0,30.0,30.0,30.0,10.0,0.0,30.0,0.0,0.0,0.0,15.0,90.0,85.0,A,True
R3,0,4,0,3,1,1,25,0,4,2,2,0,1,53,0,31,B,30.0,30.0,0.0,30.0,10.0,10.0,15.0,0.0,0.0,0.0,30.0,30.0,85.0,100.0,B,True
R3,0,1,1,4,1,3,45,3,1,2,3,1,10,27,3,32,B,0.0,0.0,20.0,30.0,0.0,10.0,15.0,15.0,0.0,0.0,0.0,0.0,35.0,55.0,B,True
R3,1,1,2,1,2,2,71,1,3,1,1,2,8,89,2,33,A,0.0,30.0,30.0,20.0,30.0,30.0,15.0,15.0,0.0,0.0,30.0,15.0,105.0,110.0,B,False
R3,1,4,2,4,0,0,0,2,4,0,4,0,12,48,3,34,A,30.0,30.0,30.0,0.0,0.0,0.0,0.0,0.0,0.0,0.0,15.0,0.0,75.0,30.0,A,True
R3,0,2,0,3,1,2,35,0,0,1,3,1,10,87,1,35,A,15.0,0.0,0.0,20.0,10.0,10.0,15.0,15.0,0.0,0.0,30.0,30.0,70.0,75.0,B,False
R3,0,3,1,4,0,0,0,2,0,1,3,1,7,15,2,36,A,30.0,0.0,20.0,20.0,0.0,10.0,0.0,15.0,0.0,0.0,15.0,15.0,65.0,60.0,A,True
R3,0,1,2,1,1,8,6,3,2,0,1,2,1,80,3,37,B,0.0,15.0,30.0,0.0,30.0,30.0,15.0,15.0,0.0,0.0,0.0,0.0,75.0,60.0,A,False
R3,1,2,0,3,1,6,26,2,3,2,3,0,2,7,3,38,B,15.0,30.0,0.0,30.0,10.0,10.0,15.0,0.0,0.0,0.0,15.0,0.0,55.0,70.0,B,True
R3,1,0,0,2,3,0,0,1,1,0,1,2,2,23,1,39,B,0.0,0.0,0.0,0.0,10.0,30.0,30.0,15.0,0.0,0.0,30.0,30.0,70.0,75.0,B,True
R3,0,4,0,1,3,11,85,3,2,2,2,3,6,84,1,40,B,30.0,15.0,0.0,30.0,30.0,10.0,30.0,30.0,0.0,0.0,0.0,30.0,90.0,115.0,B,True
R3,1,3,0,0,6,0,0,3,3,2,2,3,5,54,0,41,B,30.0,30.0,0.0,30.0,30.0,10.0,30.0,30.0,0.0,0.0,0.0,30.0,90.0,130.0,B,True
R3,1,2,1,0,2,11,58,2,0,1,4,0,5,16,1,42,A,15.0,0.0,20.0,20.0,30.0,0.0,15.0,0.0,0.0,0.0,15.0,30.0,95.0,50.0,A,True
R3,1,3,2,3,0,3,19,0,2,1,5,0,12,44,2,43,A,30.0,15.0,30.0,20.0,10.0,0.0,0.0,0.0,0.0,0.0,30.0,15.0,100.0,50.0,A,True
R3,1,3,1,2,2,6,25,1,2,2,5,0,5,59,2,44,A,30.0,15.0,20.0,30.0,10.0,0.0,15.0,0.0,0.0,0.0,30.0,15.0,105.0,60.0,A,True
R3,0,2,0,2,3,2,66,0,4,0,5,1,11,40,0,45,B,15.0,30.0,0.0,0.0,10.0,0.0,30.0,15.0,0.0,0.0,30.0,30.0,85.0,75.0,A,False
R3,0,4,2,4,1,4,89,3,1,0,2,2,1,11,1,46,A,30.0,0.0,30.0,0.0,0.0,10.0,15.0,15.0,0.0,0.0,0.0,30.0,75.0,55.0,A,True
R3,0,1,2,2,0,4,41,1,4,0,2,1,2,3,1,47,B,0.0,30.0,30.0,0.0,10.0,10.0,0.0,15.0,0.0,0.0,30.0,30.0,70.0,85.0,B,True
R5,0,2,1,1,0,7,34,2,2,1,4,0,6,50,3,1,A,9.0,9.0,2.0,2.0,0.0,0.0,0.0,0.0,3.0,2.5,10.0,0.0,24.0,13.5,A,True
R5,0,4,1,1,3,0,0,0,0,2,1,0,0,0,1,2,A,15.0,5.0,2.0,3.0,0.0,0.0,0.0,0.0,9.0,9.0,30.0,20.0,56.0,37.0,A,True
R5,0,4,0,0,2,9,2,2,1,0,1,4,3,14,1,3,A,15.0,6.0,1.0,1.0,0.0,0.0,0.0,0.0,4.0,1.0,10.0,20.0,30.0,28.0,A,True
R5,1,1,1,1,1,7,29,0,4,0,4,1,7,21,3,4,A,6.0,15.0,2.0,1.0,0.0,0.0,0.0,0.0,3.0,3.0,30.0,0.0,41.0,19.0,A,True
R5,0,4,1,3,1,0,0,2,1,0,4,0,2,90,3,5,A,15.0,6.0,2.0,1.0,0.0,0.0,0.0,0.0,9.0,0.5,10.0,0.0,36.0,7.5,A,True
R5,1,4,2,1,2,3,8,2,4,0,1,0,2,37,3,6,A,15.0,15.0,3.0,1.0,0.0,0.0,0.0,0.0,1.0,0.5,10.0,0.0,29.0,16.5,A,True
R5,0,0,1,4,1,8,48,1,4,0,1,2,5,84,2,7,A,5.0,15.0,2.0,1.0,0.0,0.0,0.0,0.0,3.5,2.0,20.0,10.0,30.5,28.0,A,True
R5,0,4,1,0,5,12,3,3,1,2,4,0,5,22,1,8,A,15.0,6.0,2.0,3.0,0.0,0.0,0.0,0.0,5.5,2.0,0.0,20.0,22.5,31.0,B,False
R5,1,2,2,3,0,11,60,1,0,1,3,1,2,79,0,9,A,9.0,5.0,3.0,2.0,0.0,0.0,0.0,0.0,5.0,0.5,20.0,30.0,37.0,37.5,B,False
R5,0,4,1,5,0,8,24,0,3,1,5,1,3,5,3,10,A,15.0,12.0,2.0,2.0,0.0,0.0,0.0,0.0,3.5,1.0,30.0,0.0,50.5,15.0,A,True
R5,0,3,0,2,2,3,79,0,2,2,5,1,11,86,3,11,A,12.0,9.0,1.0,3.0,0.0,0.0,0.0,0.0,1.0,5.0,30.0,0.0,44.0,17.0,A,True
R5,0,1,0,2,0,8,82,1,3,1,3,0,12,19,3,12,B,6.0,12.0,1.0,2.0,0.0,0.0,0.0,0.0,3.5,5.5,20.0,0.0,30.5,19.5,A,False
R5,1,2,2,1,0,7,22,3,2,1,4,1,4,82,0,13,B,9.0,9.0,3.0,2.0,0.0,0.0,0.0,0.0,3.0,1.5,0.0,30.0,15.0,42.5,B,True
R5,1,4,1,0,1,1,83,1,1,0,4,1,4,11,1,14,B,15.0,6.0,2.0,1.0,0.0,0.0,0.0,0.0,0.0,1.5,20.0,20.0,37.0,28.5,A,False
R5,1,0,1,4,1,1,65,0,1,1,3,1,2,61,3,15,A,5.0,6.0,2.0,2.0,0.0,0.0,0.0,0.0,0.0,0.5,30.0,0.0,37.0,8.5,A,True
R5,1,1,1,4,1,6,60,3,2,0,3,0,2,82,2,16,A,6.0,9.0,2.0,1.0,0.0,0.0,0.0,0.0,2.5,0.5,0.0,10.0,10.5,20.5,B,False
R5,1,2,2,4,0,9,21,2,1,2,2,1,9,13,1,17,B,9.0,6.0,3.0,3.0,0.0,0.0,0.0,0.0,4.0,4.0,10.0,20.0,26.0,33.0,B,True
R5,0,3,0,5,1,0,0,0,2,1,0,3,8,42,3,18,A,12.0,9.0,1.0,2.0,0.0,0.0,0.0,0.0,9.0,3.5,30.0,0.0,52.0,14.5,A,True
R5,1,3,1,1,2,0,0,2,1,2,5,1,4,5,1,19,A,12.0,6.0,2.0,3.0,0.0,0.0,0.0,0.0,9.0,1.5,10.0,20.0,33.0,30.5,A,True
R5,0,1,0,1,3,0,0,2,1,0,2,0,9,35,2,20,A,6.0,6.0,1.0,1.0,0.0,0.0,0.0,0.0,9.0,4.0,10.0,10.0,26.0,21.0,A,True
R5,0,1,0,2,0,0,0,3,4,2,1,3,12,49,2,21,B,6.0,15.0,1.0,3.0,0.0,0.0,0.0,0.0,9.0,5.5,0.0,10.0,16.0,33.5,B,True
R5,1,4,0,1,1,11,79,1,2,0,5,1,7,33,2,22,A,15.0,9.0,1.0,1.0,0.0,0.0,0.0,0.0,5.0,3.0,20.0,10.0,41.0,23.0,A,True
R5,1,0,1,0,2,3,51,2,0,2,1,4,6,30,1,23,B,5.0,5.0,2.0,3.0,0.0,0.0,0.0,0.0,1.0,2.5,10.0,20.0,18.0,30.5,B,True
R5,1,2,0,3,1,10,71,0,4,0,3,1,9,63,1,24,A,9.0,15.0,1.0,1.0,0.0,0.0,0.0,0.0,4.5,4.0,30.0,20.0,44.5,40.0,A,True
R5,0,2,1,0,0,3,36,2,2,2,4,0,7,58,3,25,A,9.0,9.0,2.0,3.0,0.0,0.0,0.0,0.0,1.0,3.0,10.0,0.0,22.0,15.0,A,True
R5,1,2,0,1,3,12,10,3,1,0,5,0,7,16,2,26,B,9.0,6.0,1.0,1.0,0.0,0.0,0.0,0.0,5.5,3.0,0.0,10.0,15.5,20.0,B,True
R5,0,0,0,3,1,7,77,2,2,2,2,3,6,36,2,27,B,5.0,9.0,1.0,3.0,0.0,0.0,0.0,0.0,3.0,2.5,10.0,10.0,19.0,24.5,B,True
R5,0,3,2,5,1,1,36,3,0,2,1,3,1,9,2,28,A,12.0,5.0,3.0,3.0,0.0,0.0,0.0,0.0,0.0,0.0,0.0,10.0,15.0,18.0,B,False
R5,1,4,1,3,1,0,0,2,3,0,1,3,11,61,0,29,A,15.0,12.0,2.0,1.0,0.0,0.0,0.0,0.0,9.0,5.0,10.0,30.0,36.0,48.0,B,False
R5,0,2,0,5,1,6,46,3,2,2,3,0,2,84,0,30,B,9.0,9.0,1.0,3.0,0.0,0.0,0.0,0.0,2.5,0.5,0.0,30.0,12.5,42.5,B,True
R5,1,3,0,0,2,0,0,0,1,1,1,4,5,22,1,31,A,12.0,6.0,1.0,2.0,0.0,0.0,0.0,0.0,9.0,2.0,30.0,20.0,52.0,30.0,A,True
R5,0,1,1,3,1,0,0,2,4,1,0,3,12,80,3,32,A,6.0,15.0,2.0,2.0,0.0,0.0,0.0,0.0,9.0,5.5,10.0,0.0,27.0,22.5,A,True
R5,1,2,0,1,4,12,16,0,4,2,4,0,5,87,2,33,A,9.0,15.0,1.0,3.0,0.0,0.0,0.0,0.0,5.5,2.0,30.0,10.0,45.5,30.0,A,True
R5,1,0,1,0,6,2,57,2,4,2,5,1,7,29,0,34,B,5.0,15.0,2.0,3.0,0.0,0.0,0.0,0.0,0.5,3.0,10.0,30.0,17.5,51.0,B,True
R5,1,0,2,2,0,3,5,1,1,0,3,0,1,54,1,35,A,5.0,6.0,3.0,1.0,0.0,0.0,0.0,0.0,1.0,0.0,20.0,20.0,29.0,27.0,A,True
R5,1,1,2,0,3,9,41,2,3,1,2,2,1,28,1,36,A,6.0,12.0,3.0,2.0,0.0,0.0,0.0,0.0,4.0,0.0,10.0,20.0,23.0,34.0,B,False
R5,0,3,0,3,0,5,45,1,4,1,0,2,2,53,0,37,A,12.0,15.0,1.0,2.0,0.0,0.0,0.0,0.0,2.0,0.5,20.0,30.0,35.0,47.5,B,False
R5,1,1,1,2,2,5,64,0,1,2,2,2,9,36,3,38,A,6.0,6.0,2.0,3.0,0.0,0.0,0.0,0.0,2.0,4.0,30.0,0.0,40.0,13.0,A,True
R5,0,3,0,0,4,12,15,1,0,1,2,1,0,0,0,39,B,12.0,5.0,1.0,2.0,0.0,0.0,0.0,0.0,5.5,9.0,20.0,30.0,38.5,46.0,B,True
R5,0,4,1,4,0,9,59,3,2,0,5,1,0,0,1,40,B,15.0,9.0,2.0,1.0,0.0,0.0,0.0,0.0,4.0,9.0,0.0,20.0,21.0,39.0,B,True
R5,1,0,1,1,4,2,60,1,0,0,1,1,11,20,1,41,B,5.0,5.0,2.0,1.0,0.0,0.0,0.0,0.0,0.5,5.0,20.0,20.0,27.5,31.0,B,True
R5,0,0,2,0,4,6,38,2,3,1,3,0,4,37,0,42,B,5.0,12.0,3.0,2.0,0.0,0.0,0.0,0.0,2.5,1.5,10.0,30.0,20.5,45.5,B,True
R5,0,1,0,5,0,9,85,2,1,2,5,0,9,46,3,43,A,6.0,6.0,1.0,3.0,0.0,0.0,0.0,0.0,4.0,4.0,10.0,0.0,21.0,13.0,A,True
R5,0,1,2,5,0,3,29,1,4,1,4,0,2,50,3,44,B,6.0,15.0,3.0,2.0,0.0,0.0,0.0,0.0,1.0,0.5,20.0,0.0,30.0,17.5,A,False
R5,0,4,2,0,5,4,85,2,3,1,0,6,9,74,1,45,B,15.0,12.0,3.0,2.0,0.0,0.0,0.0,0.0,1.5,4.0,10.0,20.0,29.5,38.0,B,True
R7,1,4,0,3,1,2,29,0,1,2,1,1,7,22,3,1,A,35.0,15.0,0.0,0.0,20.0,35.0,20.0,20.0,0.0,20.0,52.0,-20.0,127.0,70.0,A,True
R7,0,4,0,1,0,0,0,2,2,2,2,0,6,48,2,2,A,35.0,25.0,0.0,0.0,35.0,20.0,0.0,0.0,35.0,20.0,30.0,30.0,135.0,95.0,A,True
R7,1,1,0,4,0,6,53,2,2,2,5,1,1,47,0,3,B,15.0,25.0,0.0,0.0,10.0,10.0,0.0,20.0,20.0,0.0,30.0,52.0,75.0,107.0,B,True
R7,1,4,0,5,0,6,42,3,1,2,3,1,10,1,0,4,B,35.0,15.0,0.0,0.0,10.0,20.0,0.0,20.0,20.0,30.0,-20.0,52.0,45.0,137.0,B,True
R7,1,4,0,4,1,0,0,0,2,1,1,1,12,42,3,5,A,35.0,25.0,0.0,0.0,10.0,35.0,20.0,20.0,35.0,35.0,52.0,-20.0,152.0,95.0,A,True
R7,0,2,2,3,0,12,10,0,4,2,2,0,0,0,1,6,B,25.0,35.0,0.0,0.0,20.0,20.0,0.0,0.0,35.0,35.0,52.0,51.0,132.0,141.0,B,True
R7,0,0,1,3,0,7,48,0,3,0,3,1,2,88,0,7,A,15.0,30.0,0.0,0.0,20.0,20.0,0.0,20.0,20.0,0.0,52.0,52.0,107.0,122.0,B,False
R7,0,2,0,2,3,6,57,0,1,1,2,0,3,62,2,8,A,25.0,15.0,0.0,0.0,20.0,20.0,30.0,0.0,20.0,0.0,52.0,30.0,147.0,65.0,A,True
R7,0,4,1,1,2,5,67,0,3,1,0,4,7,35,0,9,B,35.0,30.0,0.0,0.0,35.0,35.0,20.0,30.0,20.0,20.0,52.0,52.0,162.0,167.0,B,True
R7,0,0,2,2,1,4,17,0,2,0,0,4,7,50,1,10,A,15.0,25.0,0.0,0.0,20.0,35.0,20.0,30.0,0.0,20.0,52.0,51.0,107.0,161.0,B,False
R7,0,0,0,1,1,0,0,0,2,1,1,2,4,59,2,11,A,15.0,25.0,0.0,0.0,35.0,35.0,20.0,20.0,35.0,0.0,52.0,30.0,157.0,110.0,A,True
R7,1,2,0,3,0,3,25,2,2,1,4,0,0,0,2,12,B,25.0,25.0,0.0,0.0,20.0,10.0,0.0,0.0,0.0,35.0,30.0,30.0,75.0,100.0,B,True
R7,1,4,0,1,1,11,36,0,1,0,1,4,5,1,0,13,B,35.0,15.0,0.0,0.0,35.0,35.0,20.0,30.0,35.0,20.0,52.0,52.0,177.0,152.0,A,False
R7,1,2,0,4,1,2,39,2,2,2,4,1,10,59,1,14,B,25.0,25.0,0.0,0.0,10.0,10.0,20.0,20.0,0.0,30.0,30.0,51.0,85.0,136.0,B,True
R7,1,1,1,1,1,11,60,1,4,2,4,0,5,39,1,15,B,15.0,35.0,0.0,0.0,35.0,10.0,20.0,0.0,35.0,20.0,51.0,51.0,156.0,116.0,A,False
R7,1,0,0,5,0,11,69,2,1,1,5,1,11,25,2,16,B,15.0,15.0,0.0,0.0,10.0,10.0,0.0,20.0,35.0,35.0,30.0,30.0,90.0,110.0,B,True
R7,0,3,0,1,4,1,47,1,3,1,4,0,6,18,2,17,A,30.0,30.0,0.0,0.0,35.0,10.0,30.0,0.0,0.0,20.0,51.0,30.0,146.0,90.0,A,True
R7,1,4,2,3,1,1,52,2,4,0,1,3,9,23,0,18,B,35.0,35.0,0.0,0.0,20.0,35.0,20.0,30.0,0.0,30.0,30.0,52.0,105.0,182.0,B,True
R7,1,1,0,2,1,8,10,0,3,1,4,1,5,24,2,19,A,15.0,30.0,0.0,0.0,20.0,10.0,20.0,20.0,30.0,20.0,52.0,30.0,137.0,110.0,A,True
R7,1,4,0,4,0,9,90,2,2,1,4,0,5,62,1,20,B,35.0,25.0,0.0,0.0,10.0,10.0,0.0,0.0,30.0,20.0,30.0,51.0,105.0,106.0,B,True
R7,1,2,1,5,1,4,29,0,0,1,5,1,2,52,1,21,B,25.0,15.0,0.0,0.0,10.0,10.0,20.0,20.0,0.0,0.0,52.0,51.0,107.0,96.0,A,False
R7,0,2,2,3,0,9,63,0,2,1,2,3,3,87,0,22,B,25.0,25.0,0.0,0.0,20.0,20.0,0.0,30.0,30.0,0.0,52.0,52.0,127.0,127.0,tie,
R7,0,1,2,3,1,7,77,1,2,1,1,2,6,89,1,23,A,15.0,25.0,0.0,0.0,20.0,35.0,20.0,20.0,20.0,20.0,51.0,51.0,126.0,151.0,B,False
R7,0,0,1,5,0,11,43,1,1,2,5,1,5,20,2,24,B,15.0,15.0,0.0,0.0,10.0,10.0,0.0,20.0,35.0,20.0,51.0,30.0,111.0,95.0,A,False
R7,1,3,1,2,1,3,10,2,2,1,0,6,11,18,1,25,B,30.0,25.0,0.0,0.0,20.0,35.0,20.0,35.0,0.0,35.0,30.0,51.0,100.0,181.0,B,True
R7,1,2,2,3,1,8,7,2,4,0,2,2,2,67,1,26,A,25.0,35.0,0.0,0.0,20.0,20.0,20.0,20.0,30.0,0.0,30.0,51.0,125.0,126.0,B,False
R7,1,1,0,0,3,1,59,1,1,1,1,2,6,31,0,27,B,15.0,15.0,0.0,0.0,35.0,35.0,30.0,20.0,0.0,20.0,51.0,52.0,131.0,142.0,B,True
R7,0,1,1,5,0,7,50,1,3,2,1,4,6,33,1,28,B,15.0,30.0,0.0,0.0,10.0,35.0,0.0,30.0,20.0,20.0,51.0,51.0,96.0,166.0,B,True
R7,1,3,2,2,3,1,71,0,4,0,4,1,6,47,0,29,A,30.0,35.0,0.0,0.0,20.0,10.0,30.0,20.0,0.0,20.0,52.0,52.0,132.0,137.0,B,False
R7,1,0,1,1,3,9,42,2,1,2,3,1,11,28,1,30,A,15.0,15.0,0.0,0.0,35.0,20.0,30.0,20.0,30.0,35.0,30.0,51.0,140.0,141.0,B,False
R7,1,2,1,1,2,10,37,1,2,2,2,1,10,33,0,31,B,25.0,25.0,0.0,0.0,35.0,20.0,20.0,20.0,30.0,30.0,51.0,52.0,161.0,147.0,A,False
R7,0,4,1,5,0,12,34,1,0,2,1,3,6,35,1,32,B,35.0,15.0,0.0,0.0,10.0,35.0,0.0,30.0,35.0,20.0,51.0,51.0,131.0,151.0,B,True
R7,1,3,1,2,1,1,79,2,1,0,3,0,3,87,2,33,A,30.0,15.0,0.0,0.0,20.0,20.0,20.0,0.0,0.0,0.0,30.0,30.0,100.0,65.0,A,True
R7,0,0,0,1,4,11,16,2,2,1,5,0,2,25,1,34,A,15.0,25.0,0.0,0.0,35.0,10.0,30.0,0.0,35.0,0.0,30.0,51.0,145.0,86.0,A,True
R7,1,2,0,1,0,9,25,2,2,1,5,0,8,57,2,35,B,25.0,25.0,0.0,0.0,35.0,10.0,0.0,0.0,30.0,30.0,30.0,30.0,120.0,95.0,A,False
R7,1,3,0,5,1,4,66,0,0,1,3,0,4,66,2,36,A,30.0,15.0,0.0,0.0,10.0,20.0,20.0,0.0,0.0,0.0,52.0,30.0,112.0,65.0,A,True
R7,1,1,2,3,1,9,78,0,2,0,5,1,10,15,1,37,A,15.0,25.0,0.0,0.0,20.0,10.0,20.0,20.0,30.0,30.0,52.0,51.0,137.0,136.0,A,True
R7,0,4,0,2,0,2,68,2,4,2,3,1,7,29,2,38,B,35.0,35.0,0.0,0.0,20.0,20.0,0.0,20.0,0.0,20.0,30.0,30.0,85.0,125.0,B,True
R7,1,4,0,5,1,11,5,0,2,1,1,1,10,75,0,39,B,35.0,25.0,0.0,0.0,10.0,35.0,20.0,20.0,35.0,30.0,52.0,52.0,152.0,162.0,B,True
R7,1,4,1,5,0,0,0,2,0,0,0,2,8,37,1,40,A,35.0,15.0,0.0,0.0,10.0,35.0,0.0,20.0,35.0,30.0,30.0,51.0,110.0,151.0,B,False
R7,1,3,1,0,1,12,26,2,3,0,4,1,3,75,0,41,B,30.0,30.0,0.0,0.0,35.0,10.0,20.0,20.0,35.0,0.0,30.0,52.0,150.0,112.0,A,False
R7,0,3,0,4,1,1,86,0,0,1,5,0,2,81,2,42,A,30.0,15.0,0.0,0.0,10.0,10.0,20.0,0.0,0.0,0.0,52.0,30.0,112.0,55.0,A,True
R7,1,0,0,0,5,4,14,2,2,0,0,1,9,19,2,43,A,15.0,25.0,0.0,0.0,35.0,35.0,35.0,20.0,0.0,30.0,30.0,30.0,115.0,140.0,B,False
R7,0,1,2,3,1,7,40,1,4,0,0,0,0,0,2,44,A,15.0,35.0,0.0,0.0,20.0,35.0,20.0,0.0,20.0,35.0,51.0,30.0,126.0,135.0,B,False
R7,1,4,1,5,0,4,81,0,4,2,4,0,7,81,0,45,B,35.0,35.0,0.0,0.0,10.0,10.0,0.0,0.0,0.0,20.0,52.0,52.0,97.0,117.0,B,True
R7,0,2,2,1,4,2,81,0,0,0,3,0,11,83,0,46,A,25.0,15.0,0.0,0.0,35.0,20.0,30.0,0.0,0.0,35.0,52.0,52.0,142.0,122.0,A,True
R7,1,2,1,2,1,11,87,2,2,1,3,0,2,67,1,47,A,25.0,25.0,0.0,0.0,20.0,20.0,20.0,0.0,35.0,0.0,30.0,51.0,130.0,96.0,A,True
R8,0,2,0,4,0,4,84,2,2,2,4,0,7,20,2,1,B,30.0,30.0,20.0,60.0,60.0,60.0,60.0,60.0,10.0,10.0,10.0,10.0,190.0,230.0,B,True
R8,0,0,0,4,0,7,50,0,2,2,1,2,6,70,3,2,A,40.0,30.0,20.0,60.0,60.0,20.0,60.0,20.0,10.0,10.0,10.0,30.0,200.0,170.0,A,True
R8,1,0,2,5,1,8,3,2,1,2,4,1,4,52,2,3,A,40.0,30.0,60.0,60.0,60.0,60.0,20.0,20.0,10.0,10.0,10.0,10.0,200.0,190.0,A,True
R8,1,0,1,1,2,0,0,3,4,1,4,0,6,51,3,4,A,40.0,10.0,20.0,20.0,20.0,60.0,20.0,60.0,20.0,10.0,30.0,30.0,150.0,190.0,B,False
R8,0,2,2,1,1,6,71,2,0,0,2,1,12,42,1,5,B,30.0,40.0,60.0,20.0,20.0,20.0,20.0,20.0,10.0,50.0,10.0,10.0,150.0,160.0,B,True
R8,0,3,2,4,1,7,37,1,1,1,5,1,11,86,3,6,A,10.0,30.0,60.0,20.0,60.0,60.0,20.0,20.0,10.0,30.0,10.0,30.0,170.0,190.0,B,False
R8,1,3,0,0,5,9,35,1,4,2,5,0,4,84,0,7,B,10.0,10.0,20.0,60.0,20.0,60.0,20.0,60.0,10.0,10.0,10.0,10.0,90.0,210.0,B,True
R8,1,1,1,4,1,0,0,3,4,0,5,1,5,89,2,8,A,30.0,10.0,20.0,20.0,60.0,60.0,20.0,20.0,20.0,10.0,30.0,10.0,180.0,130.0,A,True
R8,0,3,0,3,1,8,25,2,2,1,5,1,4,42,1,9,B,10.0,30.0,20.0,20.0,20.0,60.0,20.0,20.0,10.0,10.0,10.0,10.0,90.0,150.0,B,True
R8,1,2,2,5,1,5,24,0,0,1,5,0,8,35,3,10,A,30.0,40.0,60.0,20.0,60.0,60.0,20.0,60.0,10.0,10.0,10.0,30.0,190.0,220.0,B,False
R8,0,2,2,4,0,0,0,2,2,2,2,1,0,0,2,11,A,30.0,30.0,60.0,60.0,60.0,20.0,60.0,20.0,20.0,20.0,10.0,10.0,240.0,160.0,A,True
R8,0,0,1,0,5,2,17,0,0,1,4,1,1,41,3,12,A,40.0,40.0,20.0,20.0,20.0,60.0,20.0,20.0,10.0,10.0,10.0,30.0,120.0,180.0,B,False
R8,1,4,0,4,0,5,76,2,1,1,1,3,7,90,0,13,B,10.0,30.0,20.0,20.0,60.0,20.0,60.0,20.0,10.0,10.0,10.0,10.0,170.0,110.0,A,False
R8,1,2,1,2,1,11,75,3,2,1,5,0,0,0,2,14,B,30.0,30.0,20.0,20.0,20.0,60.0,20.0,60.0,30.0,20.0,30.0,10.0,150.0,200.0,B,True
R8,0,3,1,2,2,8,48,2,3,2,4,1,12,28,1,15,B,10.0,10.0,20.0,60.0,20.0,60.0,20.0,20.0,10.0,50.0,10.0,10.0,90.0,210.0,B,True
R8,0,0,0,3,1,7,1,3,0,1,0,2,10,79,3,16,A,40.0,40.0,20.0,20.0,20.0,20.0,20.0,20.0,10.0,20.0,30.0,30.0,140.0,150.0,B,False
R8,0,1,2,1,3,3,44,3,0,2,5,0,0,0,0,17,B,30.0,40.0,60.0,60.0,20.0,60.0,20.0,60.0,10.0,20.0,30.0,10.0,170.0,250.0,B,True
R8,0,2,2,0,4,7,46,0,4,0,2,3,6,22,1,18,A,30.0,10.0,60.0,20.0,20.0,20.0,20.0,20.0,10.0,10.0,10.0,10.0,150.0,90.0,A,True
R8,1,4,0,1,0,12,43,3,2,1,4,0,11,49,0,19,B,10.0,30.0,20.0,20.0,20.0,60.0,60.0,60.0,50.0,30.0,30.0,10.0,190.0,210.0,B,True
R8,1,0,0,5,0,10,33,0,3,1,2,1,2,11,1,20,A,40.0,10.0,20.0,20.0,60.0,20.0,60.0,20.0,20.0,10.0,10.0,10.0,210.0,90.0,A,True
R8,1,0,2,3,0,0,0,2,1,0,2,2,7,3,2,21,A,40.0,30.0,60.0,20.0,20.0,20.0,60.0,20.0,20.0,10.0,10.0,10.0,210.0,110.0,A,True
R8,1,2,1,1,4,6,24,3,1,2,4,1,11,34,0,22,B,30.0,30.0,20.0,60.0,20.0,60.0,20.0,20.0,10.0,30.0,30.0,10.0,130.0,210.0,B,True
R8,0,3,0,4,0,8,9,1,4,1,3,1,6,5,0,23,B,10.0,10.0,20.0,20.0,60.0,20.0,60.0,20.0,10.0,10.0,10.0,10.0,170.0,90.0,A,False
R8,0,0,0,1,4,4,38,2,1,0,2,3,1,64,1,24,A,40.0,30.0,20.0,20.0,20.0,20.0,20.0,20.0,10.0,10.0,10.0,10.0,120.0,110.0,A,True
R8,1,0,0,5,1,11,36,2,1,2,3,0,0,0,1,25,B,40.0,30.0,20.0,60.0,60.0,20.0,20.0,60.0,30.0,20.0,10.0,10.0,180.0,200.0,B,True
R8,0,4,1,4,1,5,71,1,4,2,4,1,2,74,1,26,B,10.0,10.0,20.0,60.0,60.0,60.0,20.0,20.0,10.0,10.0,10.0,10.0,130.0,170.0,B,True
R8,1,2,0,4,1,7,89,0,4,1,1,2,9,59,1,27,A,30.0,10.0,20.0,20.0,60.0,20.0,20.0,20.0,10.0,10.0,10.0,10.0,150.0,90.0,A,True
R8,0,4,1,1,2,9,46,0,3,0,5,1,12,4,2,28,A,10.0,10.0,20.0,20.0,20.0,60.0,20.0,20.0,10.0,50.0,10.0,10.0,90.0,170.0,B,False
R8,1,2,2,2,1,6,33,3,1,2,1,1,12,87,3,29,B,30.0,30.0,60.0,60.0,20.0,20.0,20.0,20.0,10.0,50.0,30.0,30.0,170.0,210.0,B,True
R8,1,2,1,0,6,0,0,3,3,1,2,3,7,67,0,30,A,30.0,10.0,20.0,20.0,20.0,20.0,60.0,20.0,20.0,10.0,30.0,10.0,180.0,90.0,A,True
R8,1,0,1,3,0,10,84,1,4,1,5,1,0,0,1,31,A,40.0,10.0,20.0,20.0,20.0,60.0,60.0,20.0,20.0,20.0,10.0,10.0,170.0,140.0,A,True
R8,1,3,2,2,3,9,73,0,3,0,2,1,10,26,0,32,A,10.0,10.0,60.0,20.0,20.0,20.0,20.0,20.0,10.0,20.0,10.0,10.0,130.0,100.0,A,True
R8,1,3,1,4,1,11,15,2,4,1,2,0,1,89,3,33,A,10.0,10.0,20.0,20.0,60.0,20.0,20.0,60.0,30.0,10.0,10.0,30.0,150.0,150.0,tie,
R8,1,0,0,1,1,12,76,1,1,0,1,2,7,13,2,34,A,40.0,30.0,20.0,20.0,20.0,20.0,20.0,20.0,50.0,10.0,10.0,10.0,160.0,110.0,A,True
R8,1,3,2,3,0,4,22,2,3,2,4,0,12,10,2,35,B,10.0,10.0,60.0,60.0,20.0,60.0,60.0,60.0,10.0,50.0,10.0,10.0,170.0,250.0,B,True
R8,1,0,2,5,0,3,50,3,2,0,0,7,0,0,1,36,A,40.0,30.0,60.0,20.0,60.0,20.0,60.0,60.0,10.0,20.0,30.0,10.0,260.0,160.0,A,True
R8,1,0,2,5,1,8,16,2,2,2,4,0,6,85,1,37,A,40.0,30.0,60.0,60.0,60.0,60.0,20.0,60.0,10.0,10.0,10.0,10.0,200.0,230.0,B,False
R8,1,0,0,3,0,0,0,2,4,0,5,0,12,36,0,38,A,40.0,10.0,20.0,20.0,20.0,60.0,60.0,60.0,20.0,50.0,10.0,10.0,170.0,210.0,B,False
R8,1,0,0,5,1,7,41,0,1,1,3,0,4,63,3,39,A,40.0,30.0,20.0,20.0,60.0,20.0,20.0,60.0,10.0,10.0,10.0,30.0,160.0,170.0,B,False
R8,1,0,2,0,3,1,38,3,1,1,5,0,3,56,1,40,A,40.0,30.0,60.0,20.0,20.0,60.0,20.0,60.0,10.0,10.0,30.0,10.0,180.0,190.0,B,False
R8,1,2,2,5,1,9,13,1,1,1,5,1,9,14,0,41,B,30.0,30.0,60.0,20.0,60.0,60.0,20.0,20.0,10.0,10.0,10.0,10.0,190.0,150.0,A,False
R8,1,4,1,3,1,12,72,3,0,0,4,0,3,5,2,42,B,10.0,40.0,20.0,20.0,20.0,60.0,20.0,60.0,50.0,10.0,30.0,10.0,150.0,200.0,B,True
R8,0,4,2,4,1,2,29,1,4,2,1,2,7,61,2,43,A,10.0,10.0,60.0,60.0,60.0,20.0,20.0,20.0,10.0,10.0,10.0,10.0,170.0,130.0,A,True
R8,0,4,2,4,1,6,32,0,1,2,5,0,8,59,3,44,B,10.0,30.0,60.0,60.0,60.0,60.0,20.0,60.0,10.0,10.0,10.0,30.0,170.0,250.0,B,True
R8,0,3,0,3,1,0,0,1,2,0,4,1,0,0,3,45,A,10.0,30.0,20.0,20.0,20.0,60.0,20.0,20.0,20.0,20.0,10.0,30.0,100.0,180.0,B,False
R8,1,0,1,2,3,6,17,2,4,2,2,0,8,87,0,46,A,40.0,10.0,20.0,60.0,20.0,20.0,20.0,60.0,10.0,10.0,10.0,10.0,120.0,170.0,B,False
R8,1,1,1,3,1,12,70,2,2,0,0,7,4,19,3,47,B,30.0,30.0,20.0,20.0,20.0,20.0,20.0,60.0,50.0,10.0,10.0,30.0,150.0,170.0,B,True
V1,0,1,1,5,0,1,20,3,0,1,2,2,9,85,1,1,B,30.0,30.0,60.0,60.0,0.0,0.0,0.0,0.0,40.0,20.0,30.0,50.0,160.0,160.0,tie,
V1,1,1,2,2,0,10,12,2,4,1,0,5,9,31,3,2,A,30.0,40.0,60.0,60.0,0.0,15.0,0.0,60.0,20.0,20.0,30.0,30.0,140.0,225.0,B,False
V1,1,4,1,1,3,11,4,0,3,0,0,2,2,63,2,3,A,40.0,40.0,60.0,0.0,0.0,15.0,60.0,0.0,20.0,40.0,50.0,30.0,230.0,125.0,A,True
V1,1,3,2,0,3,1,17,1,3,2,3,1,4,55,3,4,B,40.0,40.0,60.0,60.0,15.0,0.0,60.0,0.0,40.0,40.0,50.0,30.0,265.0,170.0,A,False
V1,1,1,2,4,0,9,76,3,2,2,3,0,12,14,2,5,B,30.0,30.0,60.0,60.0,0.0,0.0,0.0,0.0,20.0,20.0,30.0,30.0,140.0,140.0,tie,
V1,1,3,2,4,1,4,6,0,1,2,5,0,8,87,2,6,A,40.0,30.0,60.0,60.0,0.0,0.0,0.0,0.0,40.0,20.0,50.0,30.0,190.0,140.0,A,True
V1,0,1,0,0,2,10,48,2,0,0,1,4,10,78,0,7,B,30.0,30.0,0.0,0.0,15.0,0.0,0.0,60.0,20.0,20.0,30.0,50.0,95.0,160.0,B,True
V1,0,2,1,4,0,2,77,3,0,1,4,1,0,0,3,8,B,30.0,30.0,60.0,60.0,0.0,0.0,0.0,0.0,40.0,60.0,30.0,30.0,160.0,180.0,B,True
V1,0,2,2,1,2,11,73,1,2,1,0,2,9,23,1,9,A,30.0,30.0,60.0,60.0,0.0,15.0,0.0,0.0,20.0,20.0,50.0,50.0,160.0,175.0,B,False
V1,0,2,1,1,4,4,73,3,0,0,4,1,6,39,1,10,A,30.0,30.0,60.0,0.0,0.0,0.0,60.0,0.0,40.0,20.0,30.0,50.0,220.0,100.0,A,True
V1,0,1,0,2,3,1,89,1,4,0,3,0,6,59,1,11,B,30.0,40.0,0.0,0.0,0.0,0.0,60.0,0.0,40.0,20.0,50.0,50.0,180.0,110.0,A,False
V1,1,0,1,3,0,1,83,0,0,1,4,0,5,72,0,12,B,30.0,30.0,60.0,60.0,0.0,0.0,0.0,0.0,40.0,40.0,50.0,50.0,180.0,180.0,tie,
V1,0,1,1,3,0,12,87,2,1,0,4,0,0,0,2,13,B,30.0,30.0,60.0,0.0,0.0,0.0,0.0,0.0,20.0,60.0,30.0,30.0,140.0,120.0,A,False
V1,1,0,1,0,3,8,77,2,0,1,5,0,7,54,3,14,A,30.0,30.0,60.0,60.0,15.0,0.0,60.0,0.0,20.0,20.0,30.0,30.0,215.0,140.0,A,True
V1,1,4,1,3,1,2,27,0,3,0,2,1,2,11,3,15,A,40.0,40.0,60.0,0.0,0.0,0.0,0.0,0.0,40.0,40.0,50.0,30.0,190.0,110.0,A,True
V1,1,3,0,3,1,10,79,1,0,1,1,4,3,64,1,16,B,40.0,30.0,0.0,60.0,0.0,0.0,0.0,60.0,20.0,40.0,50.0,50.0,110.0,240.0,B,True
V1,1,2,0,4,0,6,38,0,3,2,1,4,4,47,2,17,B,30.0,40.0,0.0,60.0,0.0,0.0,0.0,60.0,20.0,40.0,50.0,30.0,100.0,230.0,B,True
V1,0,1,2,1,3,6,83,0,0,2,0,1,9,14,2,18,B,30.0,30.0,60.0,60.0,0.0,15.0,60.0,0.0,20.0,20.0,50.0,30.0,220.0,155.0,A,False
V1,0,4,1,4,0,9,84,2,2,1,5,1,0,0,0,19,B,40.0,30.0,60.0,60.0,0.0,0.0,0.0,0.0,20.0,60.0,30.0,50.0,150.0,200.0,B,True
V1,0,0,0,4,0,2,42,1,2,1,4,0,11,29,1,20,B,30.0,30.0,0.0,60.0,0.0,0.0,0.0,0.0,40.0,20.0,50.0,50.0,120.0,160.0,B,True
V1,0,3,2,1,4,7,59,2,1,1,4,0,3,51,3,21,A,40.0,30.0,60.0,60.0,0.0,0.0,60.0,0.0,20.0,40.0,30.0,30.0,210.0,160.0,A,True
V1,1,2,0,1,0,5,78,3,3,1,0,1,0,0,2,22,B,30.0,40.0,0.0,60.0,0.0,15.0,0.0,0.0,40.0,60.0,30.0,30.0,100.0,205.0,B,True
V1,1,1,2,2,2,8,41,1,3,2,3,0,2,87,1,23,A,30.0,40.0,60.0,60.0,0.0,0.0,0.0,0.0,20.0,40.0,50.0,50.0,160.0,190.0,B,False
V1,0,1,0,1,1,3,73,3,3,0,1,1,0,0,2,24,B,30.0,40.0,0.0,0.0,0.0,0.0,0.0,0.0,40.0,60.0,30.0,30.0,100.0,130.0,B,True
V1,1,4,1,1,3,2,64,0,2,2,0,4,1,32,2,25,B,40.0,30.0,60.0,60.0,0.0,15.0,60.0,60.0,40.0,40.0,50.0,30.0,250.0,235.0,A,False
V1,1,3,0,2,3,2,3,1,2,0,2,2,10,45,1,26,B,40.0,30.0,0.0,0.0,0.0,0.0,60.0,0.0,40.0,20.0,50.0,50.0,190.0,100.0,A,False
V1,1,3,1,2,0,4,71,0,4,1,0,6,5,63,0,27,B,40.0,40.0,60.0,60.0,0.0,15.0,0.0,60.0,40.0,40.0,50.0,50.0,190.0,265.0,B,True
V1,0,1,2,1,4,11,44,1,0,0,4,1,9,90,3,1,A,30.0,30.0,60.0,0.0,0.0,0.0,60.0,0.0,20.0,20.0,50.0,30.0,220.0,80.0,A,True
V1,1,2,0,0,6,3,21,1,3,0,0,3,10,6,2,2,A,30.0,40.0,0.0,0.0,15.0,15.0,60.0,60.0,40.0,20.0,50.0,30.0,195.0,165.0,A,True
V1,0,0,1,1,1,8,80,2,0,2,0,6,12,48,3,3,A,30.0,30.0,60.0,60.0,0.0,15.0,0.0,60.0,20.0,20.0,30.0,30.0,140.0,215.0,B,False
V1,1,4,1,1,1,10,2,0,3,2,2,1,4,76,0,1,B,40.0,40.0,60.0,60.0,0.0,0.0,0.0,0.0,20.0,40.0,50.0,50.0,170.0,190.0,B,True
V1,1,0,0,0,1,6,21,1,1,2,0,3,11,40,2,2,B,30.0,30.0,0.0,60.0,15.0,15.0,0.0,60.0,20.0,20.0,50.0,30.0,115.0,215.0,B,True
V1,0,4,1,2,1,2,30,3,3,0,3,1,2,61,3,3,A,40.0,40.0,60.0,0.0,0.0,0.0,0.0,0.0,40.0,40.0,30.0,30.0,170.0,110.0,A,True
V1,1,2,0,3,0,12,20,1,3,2,0,3,1,41,2,4,B,30.0,40.0,0.0,60.0,0.0,15.0,0.0,60.0,20.0,40.0,50.0,30.0,100.0,245.0,B,True
V1,1,2,2,1,0,8,27,0,2,0,3,1,12,16,0,5,B,30.0,30.0,60.0,0.0,0.0,0.0,0.0,0.0,20.0,20.0,50.0,50.0,160.0,100.0,A,False
V1,0,2,1,5,0,0,0,0,2,0,2,2,9,14,3,6,B,30.0,30.0,60.0,0.0,0.0,0.0,0.0,0.0,60.0,20.0,50.0,30.0,200.0,80.0,A,False
V1,1,4,1,4,0,0,0,2,2,1,4,1,9,42,1,7,B,40.0,30.0,60.0,60.0,0.0,0.0,0.0,0.0,60.0,20.0,30.0,50.0,190.0,160.0,A,False
V1,0,0,0,5,1,12,6,0,2,0,4,1,2,20,1,8,B,30.0,30.0,0.0,0.0,0.0,0.0,0.0,0.0,20.0,40.0,50.0,50.0,100.0,120.0,B,True
V1,1,1,0,3,1,10,10,2,0,0,4,0,2,41,2,9,A,30.0,30.0,0.0,0.0,0.0,0.0,0.0,0.0,20.0,40.0,30.0,30.0,80.0,100.0,B,False
V1,1,1,2,0,2,12,74,0,1,2,4,0,7,53,0,10,A,30.0,30.0,60.0,60.0,15.0,0.0,0.0,0.0,20.0,20.0,50.0,50.0,175.0,160.0,A,True
V1,1,4,0,5,0,9,22,0,2,2,4,0,8,42,3,11,B,40.0,30.0,0.0,60.0,0.0,0.0,0.0,0.0,20.0,20.0,50.0,30.0,110.0,140.0,B,True
V1,0,4,1,3,0,4,45,3,2,0,3,1,3,44,0,12,B,40.0,30.0,60.0,0.0,0.0,0.0,0.0,0.0,40.0,40.0,30.0,50.0,170.0,120.0,A,False
V1,0,2,1,2,1,1,28,0,2,2,2,1,1,45,0,13,B,30.0,30.0,60.0,60.0,0.0,0.0,0.0,0.0,40.0,40.0,50.0,50.0,180.0,180.0,tie,
V1,0,2,1,0,6,0,0,3,3,2,2,0,0,0,0,14,B,30.0,40.0,60.0,60.0,15.0,0.0,60.0,0.0,60.0,60.0,30.0,50.0,255.0,210.0,A,False
V3,0,0,2,0,0,0,0,0,4,0,0,5,2,35,1,1,,10.0,5.0,20.0,0.0,50.0,50.0,0.0,30.0,30.0,2.0,60.0,20.0,170.0,107.0,A,False
V3,1,4,2,2,2,11,84,0,0,0,1,3,3,28,2,2,A,5.0,10.0,20.0,0.0,30.0,40.0,10.0,20.0,11.0,3.0,60.0,0.0,136.0,73.0,A,True
V3,1,4,0,5,1,7,14,3,1,2,0,6,7,5,1,3,B,5.0,20.0,0.0,20.0,0.0,50.0,0.0,40.0,7.0,7.0,-20.0,20.0,-8.0,157.0,B,True
V3,0,2,0,3,1,2,35,1,3,0,2,2,0,0,1,4,B,20.0,10.0,0.0,0.0,25.0,30.0,0.0,10.0,2.0,30.0,20.0,20.0,67.0,100.0,B,True
V3,0,2,1,3,1,6,52,3,2,0,2,3,10,79,0,5,B,20.0,20.0,10.0,0.0,25.0,30.0,0.0,20.0,6.0,10.0,-20.0,60.0,41.0,140.0,B,True
V3,1,3,0,3,0,8,34,0,3,2,5,1,8,73,1,6,B,10.0,10.0,0.0,20.0,25.0,0.0,0.0,0.0,8.0,8.0,60.0,20.0,103.0,58.0,A,False
V3,1,1,2,2,2,2,16,3,2,0,4,0,9,11,0,7,B,20.0,20.0,20.0,0.0,30.0,20.0,10.0,0.0,2.0,9.0,-20.0,60.0,62.0,109.0,B,True
V3,1,0,1,5,1,5,6,1,1,0,3,1,0,0,3,8,B,10.0,20.0,10.0,0.0,0.0,25.0,0.0,0.0,5.0,30.0,20.0,-20.0,45.0,55.0,B,True
V3,0,3,0,0,6,5,7,0,1,2,2,2,5,59,2,9,A,10.0,20.0,0.0,20.0,50.0,30.0,40.0,10.0,5.0,5.0,60.0,0.0,165.0,85.0,A,True
V3,0,0,2,4,1,0,0,0,3,0,3,1,10,42,1,10,B,10.0,10.0,20.0,0.0,20.0,25.0,0.0,0.0,30.0,10.0,60.0,20.0,140.0,65.0,A,False
V3,1,3,1,4,1,0,0,0,1,2,4,0,5,17,3,11,A,10.0,20.0,10.0,20.0,20.0,20.0,0.0,0.0,30.0,5.0,60.0,-20.0,130.0,45.0,A,True
V3,1,2,1,3,0,10,77,3,3,2,3,0,11,85,3,12,B,20.0,10.0,10.0,20.0,25.0,25.0,0.0,0.0,10.0,11.0,-20.0,-20.0,45.0,46.0,B,True
V3,0,2,1,4,1,3,72,3,4,1,2,1,5,35,3,13,B,20.0,5.0,10.0,10.0,20.0,30.0,0.0,0.0,3.0,5.0,-20.0,-20.0,33.0,30.0,A,False
V3,0,0,2,2,3,10,2,3,1,1,4,1,1,33,0,14,B,10.0,20.0,20.0,10.0,30.0,20.0,20.0,0.0,10.0,1.0,-20.0,60.0,70.0,111.0,B,True
V3,0,1,2,5,1,3,14,1,4,1,0,3,3,70,1,15,B,20.0,5.0,20.0,10.0,0.0,50.0,0.0,20.0,3.0,3.0,20.0,20.0,63.0,108.0,B,True
V3,1,2,1,5,0,9,39,2,4,0,3,1,8,25,0,16,B,20.0,5.0,10.0,0.0,0.0,25.0,0.0,0.0,9.0,8.0,0.0,60.0,39.0,98.0,B,True
V3,1,1,1,1,1,6,71,0,4,1,4,0,12,86,2,17,A,20.0,5.0,10.0,10.0,40.0,20.0,0.0,0.0,6.0,12.0,60.0,0.0,136.0,47.0,A,True
V3,0,1,1,1,0,1,8,1,3,0,3,1,6,19,0,18,B,20.0,10.0,10.0,0.0,40.0,25.0,0.0,0.0,1.0,6.0,20.0,60.0,91.0,101.0,B,True
V3,1,1,2,5,1,12,49,3,2,0,0,4,1,27,3,19,B,20.0,20.0,20.0,0.0,0.0,50.0,0.0,25.0,12.0,1.0,-20.0,-20.0,32.0,76.0,B,True
V3,0,2,0,4,0,11,33,3,4,2,2,3,3,88,0,20,B,20.0,5.0,0.0,20.0,20.0,30.0,0.0,20.0,11.0,3.0,-20.0,60.0,31.0,138.0,B,True
V3,1,4,2,3,0,3,12,0,0,0,4,0,2,70,1,21,A,5.0,10.0,20.0,0.0,25.0,20.0,0.0,0.0,3.0,2.0,60.0,20.0,113.0,52.0,A,True
V3,0,3,0,2,0,3,22,0,3,0,4,1,1,11,3,22,A,10.0,10.0,0.0,0.0,30.0,20.0,0.0,0.0,3.0,1.0,60.0,-20.0,103.0,11.0,A,True
V3,1,2,0,5,0,10,31,2,2,2,2,3,1,33,2,23,B,20.0,20.0,0.0,20.0,0.0,30.0,0.0,20.0,10.0,1.0,0.0,0.0,30.0,91.0,B,True
V3,1,4,1,5,0,0,0,0,1,2,4,1,4,18,2,24,B,5.0,20.0,10.0,20.0,0.0,20.0,0.0,0.0,30.0,4.0,60.0,0.0,105.0,64.0,A,False
V3,0,0,0,1,4,11,30,2,4,1,4,1,6,70,2,25,B,10.0,5.0,0.0,10.0,40.0,20.0,25.0,0.0,11.0,6.0,0.0,0.0,86.0,41.0,A,False
V3,1,2,1,2,2,11,30,3,0,0,4,0,11,47,2,26,A,20.0,10.0,10.0,0.0,30.0,20.0,10.0,0.0,11.0,11.0,-20.0,0.0,61.0,41.0,A,True
V3,1,3,0,2,2,7,77,2,0,2,5,1,10,11,2,27,A,10.0,10.0,0.0,20.0,30.0,0.0,10.0,0.0,7.0,10.0,0.0,0.0,57.0,40.0,A,True
V3,0,1,2,1,0,10,31,1,3,2,1,4,4,41,1,28,B,20.0,10.0,20.0,20.0,40.0,40.0,0.0,25.0,10.0,4.0,20.0,20.0,110.0,119.0,B,True
V3,1,2,1,0,2,9,51,0,2,1,1,2,2,28,1,29,A,20.0,20.0,10.0,10.0,50.0,40.0,10.0,10.0,9.0,2.0,60.0,20.0,159.0,102.0,A,True
V3,0,0,0,3,1,12,4,2,0,0,3,0,3,82,3,30,A,10.0,10.0,0.0,0.0,25.0,25.0,0.0,0.0,12.0,3.0,0.0,-20.0,47.0,18.0,A,True
V3,1,0,1,2,1,10,86,3,4,2,3,1,8,90,2,31,B,10.0,5.0,10.0,20.0,30.0,25.0,0.0,0.0,10.0,8.0,-20.0,0.0,40.0,58.0,B,True
V3,0,2,0,5,0,5,66,2,3,2,0,5,6,67,2,32,B,20.0,10.0,0.0,20.0,0.0,50.0,0.0,30.0,5.0,6.0,0.0,0.0,25.0,116.0,B,True
V3,0,0,2,1,4,2,40,2,4,1,4,1,7,51,3,33,A,10.0,5.0,20.0,10.0,40.0,20.0,25.0,0.0,2.0,7.0,0.0,-20.0,97.0,22.0,A,True
V3,0,1,1,4,1,11,35,3,4,1,3,0,7,34,0,34,B,20.0,5.0,10.0,10.0,20.0,25.0,0.0,0.0,11.0,7.0,-20.0,60.0,41.0,107.0,B,True
V3,1,3,2,2,2,0,0,0,2,1,1,4,8,77,0,35,A,10.0,20.0,20.0,10.0,30.0,40.0,10.0,25.0,30.0,8.0,60.0,60.0,160.0,163.0,B,False
V3,1,2,0,5,1,0,0,1,2,1,1,3,10,9,3,36,B,20.0,20.0,0.0,10.0,0.0,40.0,0.0,20.0,30.0,10.0,20.0,-20.0,70.0,80.0,B,True
V3,1,4,1,1,4,4,35,1,2,1,5,1,7,87,3,37,A,5.0,20.0,10.0,10.0,40.0,0.0,25.0,0.0,4.0,7.0,20.0,-20.0,104.0,17.0,A,True
V3,0,2,2,5,1,7,70,0,1,1,3,1,7,57,1,38,A,20.0,20.0,20.0,10.0,0.0,25.0,0.0,0.0,7.0,7.0,60.0,20.0,107.0,82.0,A,True
V3,1,0,2,5,0,8,7,2,4,1,0,3,7,83,3,39,B,10.0,5.0,20.0,10.0,0.0,50.0,0.0,20.0,8.0,7.0,0.0,-20.0,38.0,72.0,B,True
V3,1,1,0,4,1,4,52,2,4,0,0,1,10,60,2,40,B,20.0,5.0,0.0,0.0,20.0,50.0,0.0,0.0,4.0,10.0,0.0,0.0,44.0,65.0,B,True
V3,1,3,0,0,0,8,20,1,1,0,4,0,12,62,2,41,A,10.0,20.0,0.0,0.0,50.0,20.0,0.0,0.0,8.0,12.0,20.0,0.0,88.0,52.0,A,True
V3,1,3,1,1,2,1,2,2,4,2,1,3,9,11,2,42,B,10.0,5.0,10.0,20.0,40.0,40.0,10.0,20.0,1.0,9.0,0.0,0.0,71.0,94.0,B,True
V3,1,3,0,0,6,2,49,3,1,1,1,4,5,44,3,43,A,10.0,20.0,0.0,10.0,50.0,40.0,40.0,25.0,2.0,5.0,-20.0,-20.0,82.0,80.0,A,True
V3,1,0,1,4,0,0,0,1,1,1,5,0,1,79,3,44,A,10.0,20.0,10.0,10.0,20.0,0.0,0.0,0.0,30.0,1.0,20.0,-20.0,90.0,11.0,A,True
V3,0,1,0,0,7,4,18,2,3,0,2,2,12,23,1,45,B,20.0,10.0,0.0,0.0,50.0,30.0,40.0,10.0,4.0,12.0,0.0,20.0,114.0,82.0,A,False
V5,1,0,2,4,0,5,23,0,4,1,5,1,7,30,3,1,A,20.0,30.0,30.0,20.0,5.0,5.0,2.0,10.0,20.0,20.0,0.0,0.0,77.0,85.0,B,False
V5,1,1,1,4,1,12,61,1,4,0,0,5,2,78,2,2,B,20.0,30.0,20.0,10.0,5.0,30.0,10.0,30.0,30.0,10.0,0.0,0.0,85.0,110.0,B,True
V5,1,0,2,4,1,11,6,1,4,0,1,3,8,50,3,3,B,20.0,30.0,30.0,10.0,5.0,30.0,10.0,30.0,30.0,20.0,0.0,0.0,95.0,120.0,B,True
V5,1,2,2,3,1,2,66,2,0,1,0,5,6,55,3,4,B,20.0,20.0,30.0,20.0,10.0,30.0,10.0,30.0,10.0,20.0,0.0,0.0,80.0,120.0,B,True
V5,0,4,2,1,3,1,28,2,1,1,0,4,6,44,1,5,A,30.0,20.0,30.0,20.0,30.0,30.0,30.0,30.0,10.0,20.0,0.0,0.0,130.0,120.0,A,True
V5,1,0,0,0,4,8,28,0,2,2,3,0,0,0,2,6,A,20.0,20.0,10.0,30.0,30.0,10.0,30.0,2.0,20.0,30.0,0.0,0.0,110.0,92.0,A,True
V5,1,1,2,1,2,9,28,3,2,1,1,4,12,26,2,7,A,20.0,20.0,30.0,20.0,30.0,30.0,20.0,30.0,20.0,30.0,0.0,0.0,120.0,130.0,B,False
V5,0,4,2,2,1,2,22,3,2,1,2,1,12,51,1,8,A,30.0,20.0,30.0,20.0,10.0,10.0,10.0,10.0,10.0,30.0,0.0,0.0,90.0,90.0,tie,
V5,1,2,2,2,0,6,54,3,2,0,2,0,8,76,2,9,A,20.0,20.0,30.0,10.0,10.0,10.0,2.0,2.0,20.0,20.0,0.0,0.0,82.0,62.0,A,True
V5,0,3,1,3,0,6,47,1,2,0,3,0,8,81,1,10,A,30.0,20.0,20.0,10.0,10.0,10.0,2.0,2.0,20.0,20.0,0.0,0.0,82.0,62.0,A,True
V5,0,4,2,4,0,1,56,0,2,2,4,0,6,21,1,11,A,30.0,20.0,30.0,30.0,5.0,5.0,2.0,2.0,10.0,20.0,0.0,0.0,77.0,77.0,tie,
V5,0,4,1,3,0,4,28,0,2,0,4,1,4,37,0,12,A,30.0,20.0,20.0,10.0,10.0,5.0,2.0,10.0,10.0,10.0,0.0,0.0,72.0,55.0,A,True
V5,0,4,1,5,1,3,90,2,1,0,3,1,2,80,1,13,A,30.0,20.0,20.0,10.0,5.0,10.0,10.0,10.0,10.0,10.0,0.0,0.0,75.0,60.0,A,True
V5,0,1,0,5,0,2,30,0,4,2,4,1,6,21,0,14,B,20.0,30.0,10.0,30.0,5.0,5.0,2.0,10.0,10.0,20.0,0.0,0.0,47.0,95.0,B,True
V5,1,1,1,5,1,1,52,0,0,1,2,0,8,28,1,15,B,20.0,20.0,20.0,20.0,5.0,10.0,10.0,2.0,10.0,20.0,0.0,0.0,65.0,72.0,B,True
V5,1,0,1,2,1,1,5,2,4,1,3,1,4,17,2,16,A,20.0,30.0,20.0,20.0,10.0,10.0,10.0,10.0,10.0,10.0,0.0,0.0,70.0,80.0,B,False
V5,0,3,2,2,3,4,16,2,0,1,4,0,12,28,1,17,A,30.0,20.0,30.0,20.0,10.0,5.0,30.0,2.0,10.0,30.0,0.0,0.0,110.0,77.0,A,True
V5,0,0,1,0,6,1,62,3,1,1,1,3,6,23,3,18,B,20.0,20.0,20.0,20.0,30.0,30.0,40.0,30.0,10.0,20.0,0.0,0.0,120.0,120.0,tie,
V5,0,3,1,3,0,6,66,3,2,2,5,0,5,35,2,19,A,30.0,20.0,20.0,30.0,10.0,5.0,2.0,2.0,20.0,20.0,0.0,0.0,82.0,77.0,A,True
V5,0,3,2,3,0,2,58,2,1,2,1,1,8,52,2,20,B,30.0,20.0,30.0,30.0,10.0,30.0,2.0,10.0,10.0,20.0,0.0,0.0,82.0,110.0,B,True
V5,1,4,0,3,0,1,28,3,3,1,0,2,2,81,1,21,B,30.0,30.0,10.0,20.0,10.0,30.0,2.0,20.0,10.0,10.0,0.0,0.0,62.0,110.0,B,True
V5,0,1,1,5,0,10,83,3,2,0,3,1,8,85,2,22,B,20.0,20.0,20.0,10.0,5.0,10.0,2.0,10.0,30.0,20.0,0.0,0.0,77.0,70.0,A,False
V5,1,3,0,3,0,9,52,1,4,2,3,1,1,29,3,23,B,30.0,30.0,10.0,30.0,10.0,10.0,2.0,10.0,20.0,10.0,0.0,0.0,72.0,90.0,B,True
V5,1,3,2,0,4,8,42,3,3,0,3,0,12,18,2,24,A,30.0,30.0,30.0,10.0,30.0,10.0,30.0,2.0,20.0,30.0,0.0,0.0,140.0,82.0,A,True
V5,0,0,1,2,2,6,52,3,0,2,5,1,11,23,0,25,B,20.0,20.0,20.0,30.0,10.0,5.0,20.0,10.0,20.0,30.0,0.0,0.0,90.0,95.0,B,True
V5,0,1,2,1,4,9,11,3,3,0,5,1,5,68,2,26,A,20.0,30.0,30.0,10.0,30.0,5.0,30.0,10.0,20.0,20.0,0.0,0.0,130.0,75.0,A,True
V5,1,0,2,2,0,3,55,1,0,2,4,0,8,51,2,27,A,20.0,20.0,30.0,30.0,10.0,5.0,2.0,2.0,10.0,20.0,0.0,0.0,72.0,77.0,B,False
V5,1,2,0,5,0,0,0,1,2,2,2,1,12,28,3,28,B,20.0,20.0,10.0,30.0,5.0,10.0,2.0,10.0,30.0,30.0,0.0,0.0,67.0,100.0,B,True
V5,0,0,0,0,1,3,79,3,3,1,4,1,3,7,2,29,A,20.0,30.0,10.0,20.0,30.0,5.0,10.0,10.0,10.0,10.0,0.0,0.0,80.0,75.0,A,True
V5,1,1,0,4,0,10,14,1,4,1,3,0,1,63,1,30,B,20.0,30.0,10.0,20.0,5.0,10.0,2.0,2.0,30.0,10.0,0.0,0.0,67.0,72.0,B,True
V5,1,4,0,2,2,4,66,2,0,0,3,0,0,0,0,31,A,30.0,20.0,10.0,10.0,10.0,10.0,20.0,2.0,10.0,30.0,0.0,0.0,80.0,72.0,A,True
V5,0,3,0,5,1,4,57,1,4,0,4,1,12,50,0,32,B,30.0,30.0,10.0,10.0,5.0,5.0,10.0,10.0,10.0,30.0,0.0,0.0,65.0,85.0,B,True
V5,0,1,2,5,1,11,83,3,0,1,4,1,5,70,2,33,A,20.0,20.0,30.0,20.0,5.0,5.0,10.0,10.0,30.0,20.0,0.0,0.0,95.0,75.0,A,True
V5,1,3,1,3,1,10,25,3,1,2,3,1,7,65,0,34,A,30.0,20.0,20.0,30.0,10.0,10.0,10.0,10.0,30.0,20.0,0.0,0.0,100.0,90.0,A,True
V5,0,4,1,0,1,3,1,3,2,2,0,5,1,49,3,35,B,30.0,20.0,20.0,30.0,30.0,30.0,10.0,30.0,10.0,10.0,0.0,0.0,100.0,120.0,B,True
V5,0,1,2,4,0,9,75,2,2,2,0,0,9,47,0,36,B,20.0,20.0,30.0,30.0,5.0,30.0,2.0,2.0,20.0,20.0,0.0,0.0,77.0,102.0,B,True
V5,1,1,1,1,2,5,49,3,3,2,5,1,1,8,2,37,A,20.0,30.0,20.0,30.0,30.0,5.0,20.0,10.0,20.0,10.0,0.0,0.0,110.0,85.0,A,True
V5,0,3,1,0,7,9,61,2,1,1,1,4,10,9,2,38,A,30.0,20.0,20.0,20.0,30.0,30.0,40.0,30.0,20.0,30.0,0.0,0.0,140.0,130.0,A,True
V5,1,0,2,1,2,6,24,1,4,2,4,0,0,0,1,39,B,20.0,30.0,30.0,30.0,30.0,5.0,20.0,2.0,20.0,30.0,0.0,0.0,120.0,97.0,A,False
V5,1,1,0,1,3,3,1,3,2,1,3,1,6,73,0,40,A,20.0,20.0,10.0,20.0,30.0,10.0,30.0,10.0,10.0,20.0,0.0,0.0,100.0,80.0,A,True
V5,1,0,2,1,0,11,38,3,0,2,2,2,11,31,2,41,B,20.0,20.0,30.0,30.0,30.0,10.0,2.0,20.0,30.0,30.0,0.0,0.0,112.0,110.0,A,False
V5,0,2,1,3,0,7,69,1,3,0,4,1,2,33,3,42,A,20.0,30.0,20.0,10.0,10.0,5.0,2.0,10.0,20.0,10.0,0.0,0.0,72.0,65.0,A,True
V5,1,2,1,3,1,11,20,1,3,1,0,2,3,48,2,43,B,20.0,30.0,20.0,20.0,10.0,30.0,10.0,20.0,30.0,10.0,0.0,0.0,90.0,110.0,B,True
V5,0,2,2,2,3,5,11,3,2,0,4,1,3,18,1,44,A,20.0,20.0,30.0,10.0,10.0,5.0,30.0,10.0,20.0,10.0,0.0,0.0,110.0,55.0,A,True
V5,0,4,0,2,2,5,44,2,0,1,0,4,10,76,0,45,B,30.0,20.0,10.0,20.0,10.0,30.0,20.0,30.0,20.0,30.0,0.0,0.0,90.0,130.0,B,True
V5,1,1,2,2,0,4,41,0,1,2,5,0,2,19,3,46,A,20.0,20.0,30.0,30.0,10.0,5.0,2.0,2.0,10.0,10.0,0.0,0.0,72.0,67.0,A,True
V6,1,3,2,4,0,6,53,1,3,0,2,2,4,26,1,1,A,12.0,12.0,5.0,0.0,0.0,0.0,0.0,0.0,18.0,12.0,15.0,15.0,50.0,39.0,A,True
V6,1,4,2,2,0,0,0,0,0,1,2,3,9,20,0,2,A,15.0,10.0,5.0,3.0,0.0,0.0,0.0,3.0,25.0,25.0,25.0,25.0,70.0,66.0,A,True
V6,0,1,0,2,3,3,22,2,0,0,4,0,3,62,2,3,A,10.0,10.0,0.0,0.0,0.0,0.0,3.0,0.0,12.0,12.0,5.0,5.0,30.0,27.0,A,True
V6,1,2,2,0,6,6,72,1,3,2,5,1,2,13,1,4,B,12.0,12.0,5.0,5.0,0.0,0.0,5.0,0.0,18.0,12.0,15.0,15.0,55.0,44.0,A,False
V6,1,2,2,4,0,11,31,2,4,2,3,0,0,0,3,5,A,12.0,15.0,5.0,5.0,0.0,0.0,0.0,0.0,25.0,25.0,5.0,0.0,47.0,45.0,A,True
V6,0,2,2,1,4,0,0,0,0,1,2,2,11,43,3,6,A,12.0,10.0,5.0,3.0,0.0,0.0,3.0,0.0,25.0,25.0,25.0,0.0,70.0,38.0,A,True
V6,1,0,0,0,4,7,14,2,3,0,2,2,5,39,1,7,B,10.0,12.0,0.0,0.0,0.0,0.0,3.0,0.0,18.0,18.0,5.0,15.0,36.0,45.0,B,True
V6,1,3,0,1,4,4,2,2,2,0,1,1,7,31,0,8,A,12.0,12.0,0.0,0.0,0.0,0.0,3.0,0.0,12.0,18.0,5.0,25.0,32.0,55.0,B,False
V6,0,1,2,1,3,6,72,2,4,1,1,2,11,68,3,9,B,10.0,15.0,5.0,3.0,0.0,0.0,3.0,0.0,18.0,25.0,5.0,0.0,41.0,43.0,B,True
V6,1,0,2,3,0,12,30,0,3,1,4,0,6,61,0,10,A,10.0,12.0,5.0,3.0,0.0,0.0,0.0,0.0,25.0,18.0,25.0,25.0,65.0,58.0,A,True
V6,1,3,2,5,0,2,76,3,4,2,3,0,2,74,3,11,A,12.0,15.0,5.0,5.0,0.0,0.0,0.0,0.0,12.0,12.0,0.0,0.0,29.0,32.0,B,False
V6,0,3,1,2,2,6,87,1,0,2,4,1,0,0,0,12,A,12.0,10.0,3.0,5.0,0.0,0.0,0.0,0.0,18.0,25.0,15.0,25.0,48.0,65.0,B,False
V6,1,4,0,4,1,6,84,1,0,2,0,4,10,61,1,13,B,15.0,10.0,0.0,5.0,0.0,0.0,0.0,3.0,18.0,25.0,15.0,15.0,48.0,58.0,B,True
V6,0,3,1,1,3,7,40,2,4,0,3,1,5,2,3,14,B,12.0,15.0,3.0,0.0,0.0,0.0,3.0,0.0,18.0,18.0,5.0,0.0,41.0,33.0,A,False
V6,1,3,1,4,1,5,43,2,1,0,5,1,1,71,3,15,A,12.0,10.0,3.0,0.0,0.0,0.0,0.0,0.0,18.0,12.0,5.0,0.0,38.0,22.0,A,True
V6,1,2,2,2,3,10,6,2,2,1,4,0,12,58,0,16,A,12.0,12.0,5.0,3.0,0.0,0.0,3.0,0.0,25.0,25.0,5.0,25.0,50.0,65.0,B,False
V6,1,4,1,0,2,12,34,0,0,1,0,3,9,82,1,17,A,15.0,10.0,3.0,3.0,0.0,0.0,0.0,3.0,25.0,25.0,25.0,15.0,68.0,56.0,A,True
V6,1,4,0,1,1,10,84,1,3,2,3,1,3,69,1,18,A,15.0,12.0,0.0,5.0,0.0,0.0,0.0,0.0,25.0,12.0,15.0,15.0,55.0,44.0,A,True
V6,0,3,2,5,1,0,0,0,0,0,0,0,1,55,2,19,B,12.0,10.0,5.0,0.0,0.0,0.0,0.0,0.0,25.0,12.0,25.0,5.0,67.0,27.0,A,False
V6,1,4,2,4,1,7,60,0,1,2,3,1,0,0,0,20,A,15.0,10.0,5.0,5.0,0.0,0.0,0.0,0.0,18.0,25.0,25.0,25.0,63.0,65.0,B,False
V6,0,0,2,2,3,5,58,0,0,2,3,0,12,18,3,21,A,10.0,10.0,5.0,5.0,0.0,0.0,3.0,0.0,18.0,25.0,25.0,0.0,61.0,40.0,A,True
V6,1,2,0,5,1,3,75,1,1,2,5,0,5,67,2,22,A,12.0,10.0,0.0,5.0,0.0,0.0,0.0,0.0,12.0,18.0,15.0,5.0,39.0,38.0,A,True
V6,1,0,2,3,0,6,52,0,3,2,4,0,8,17,3,23,B,10.0,12.0,5.0,5.0,0.0,0.0,0.0,0.0,18.0,25.0,25.0,0.0,58.0,42.0,A,False
V6,1,2,1,3,1,9,18,0,1,0,2,2,9,52,1,24,A,12.0,10.0,3.0,0.0,0.0,0.0,0.0,0.0,25.0,25.0,25.0,15.0,65.0,50.0,A,True
V6,0,4,2,4,1,7,12,0,1,0,2,1,5,78,0,25,A,15.0,10.0,5.0,0.0,0.0,0.0,0.0,0.0,18.0,18.0,25.0,25.0,63.0,53.0,A,True
V6,0,3,0,0,5,9,45,3,3,2,0,3,8,43,2,26,A,12.0,12.0,0.0,5.0,0.0,0.0,5.0,3.0,25.0,25.0,0.0,5.0,42.0,50.0,B,False
V6,1,3,0,5,0,2,47,1,4,2,1,1,1,46,2,27,B,12.0,15.0,0.0,5.0,0.0,0.0,0.0,0.0,12.0,12.0,15.0,5.0,39.0,37.0,A,False
V6,1,3,1,4,1,3,35,2,1,0,2,2,7,31,0,28,B,12.0,10.0,3.0,0.0,0.0,0.0,0.0,0.0,12.0,18.0,5.0,25.0,32.0,53.0,B,True
V6,1,4,2,5,0,6,90,2,0,2,1,3,2,38,1,29,A,15.0,10.0,5.0,5.0,0.0,0.0,0.0,3.0,18.0,12.0,5.0,15.0,43.0,45.0,B,False
V6,0,4,1,3,0,2,73,0,2,0,0,6,2,59,1,30,B,15.0,12.0,3.0,0.0,0.0,0.0,0.0,5.0,12.0,12.0,25.0,15.0,55.0,44.0,A,False
V6,1,2,2,3,0,12,16,3,1,2,2,1,12,1,3,31,A,12.0,10.0,5.0,5.0,0.0,0.0,0.0,0.0,25.0,25.0,0.0,0.0,42.0,40.0,A,True
V6,0,4,1,2,3,4,86,3,4,2,4,1,4,34,0,32,B,15.0,15.0,3.0,5.0,0.0,0.0,3.0,0.0,12.0,12.0,0.0,25.0,33.0,57.0,B,True
V6,1,0,2,5,1,1,90,1,3,0,3,1,9,11,0,33,B,10.0,12.0,5.0,0.0,0.0,0.0,0.0,0.0,12.0,25.0,15.0,25.0,42.0,62.0,B,True
V6,1,3,2,1,3,6,76,0,1,2,2,3,2,70,2,34,A,12.0,10.0,5.0,5.0,0.0,0.0,3.0,3.0,18.0,12.0,25.0,5.0,63.0,35.0,A,True
V6,1,0,2,0,1,1,86,3,0,1,3,0,9,76,2,35,B,10.0,10.0,5.0,3.0,0.0,0.0,0.0,0.0,12.0,25.0,0.0,5.0,27.0,43.0,B,True
V6,1,2,1,2,2,10,18,2,0,2,1,2,6,16,3,36,A,12.0,10.0,3.0,5.0,0.0,0.0,0.0,0.0,25.0,18.0,5.0,0.0,45.0,33.0,A,True
V6,1,2,0,2,2,2,73,1,3,1,2,2,1,56,1,37,B,12.0,12.0,0.0,3.0,0.0,0.0,0.0,0.0,12.0,12.0,15.0,15.0,39.0,42.0,B,True
V6,0,0,1,2,3,12,50,1,1,2,1,4,11,43,1,38,B,10.0,10.0,3.0,5.0,0.0,0.0,3.0,3.0,25.0,25.0,15.0,15.0,56.0,58.0,B,True
V6,1,1,1,0,5,8,46,1,4,0,0,3,7,8,2,39,B,10.0,15.0,3.0,0.0,0.0,0.0,5.0,3.0,25.0,18.0,15.0,5.0,58.0,41.0,A,False
V6,1,3,2,0,0,1,53,0,2,0,4,0,2,29,2,40,A,12.0,12.0,5.0,0.0,0.0,0.0,0.0,0.0,12.0,12.0,25.0,5.0,54.0,29.0,A,True
V6,1,2,1,1,1,12,65,3,4,1,0,6,8,74,0,41,B,12.0,15.0,3.0,3.0,0.0,0.0,0.0,5.0,25.0,25.0,0.0,25.0,40.0,73.0,B,True
V6,1,2,0,3,1,2,40,0,3,1,3,0,10,2,2,42,B,12.0,12.0,0.0,3.0,0.0,0.0,0.0,0.0,12.0,25.0,25.0,5.0,49.0,45.0,A,False
V6,0,1,0,4,0,9,35,3,1,0,0,0,5,64,2,43,A,10.0,10.0,0.0,0.0,0.0,0.0,0.0,0.0,25.0,18.0,0.0,5.0,35.0,33.0,A,True
V6,0,0,0,0,0,5,1,0,0,0,3,0,10,57,2,44,A,10.0,10.0,0.0,0.0,0.0,0.0,0.0,0.0,18.0,25.0,25.0,5.0,53.0,40.0,A,True
V6,1,2,0,5,1,10,12,2,2,1,1,4,5,43,3,45,B,12.0,12.0,0.0,3.0,0.0,0.0,0.0,3.0,25.0,18.0,5.0,0.0,42.0,36.0,A,False
V7,0,3,2,2,3,0,0,0,4,2,2,0,12,42,0,1,A,2.0,2.0,5.0,5.0,4.0,4.0,3.0,0.0,2.0,2.0,0.0,0.0,16.0,13.0,A,True
V7,1,2,0,4,0,1,55,0,0,1,5,1,7,77,0,2,B,1.0,1.0,1.0,4.0,2.0,1.0,0.0,0.5,1.0,2.0,0.0,0.0,5.0,8.5,B,True
V7,0,1,1,3,0,4,39,1,0,0,4,1,12,41,1,3,A,1.0,1.0,4.0,1.0,3.0,2.0,0.0,0.5,1.0,2.0,0.0,0.0,9.0,6.5,A,True
V7,0,4,1,2,0,6,65,2,1,1,3,1,2,22,0,4,A,2.0,1.0,4.0,4.0,4.0,3.0,0.0,0.5,1.0,1.0,0.0,0.0,11.0,9.5,A,True
V7,0,2,2,5,1,4,87,1,3,1,2,3,8,59,2,5,B,1.0,2.0,5.0,4.0,1.0,4.0,0.5,3.0,1.0,2.0,0.0,0.0,8.5,15.0,B,True
V7,1,0,0,1,2,2,12,0,3,1,5,0,0,0,1,6,B,1.0,2.0,1.0,4.0,5.0,1.0,1.0,0.0,1.0,2.0,0.0,0.0,9.0,9.0,tie,
V7,0,3,1,3,1,7,51,1,4,0,2,0,5,5,2,7,B,2.0,2.0,4.0,1.0,3.0,4.0,0.5,0.0,2.0,1.0,0.0,0.0,11.5,8.0,A,False
V7,1,2,1,3,1,10,43,3,1,0,4,0,12,37,1,8,A,1.0,1.0,4.0,1.0,3.0,2.0,0.5,0.0,2.0,2.0,0.0,0.0,10.5,6.0,A,True
V7,0,2,2,1,0,1,54,0,3,2,3,1,6,29,1,9,B,1.0,2.0,5.0,5.0,5.0,3.0,0.0,0.5,1.0,1.0,0.0,0.0,12.0,11.5,A,False
V7,1,2,1,1,2,1,85,0,0,0,5,0,6,5,2,10,A,1.0,1.0,4.0,1.0,5.0,1.0,1.0,0.0,1.0,1.0,0.0,0.0,12.0,4.0,A,True
V7,1,1,2,4,0,2,85,1,3,1,1,3,4,32,0,11,B,1.0,2.0,5.0,4.0,2.0,5.0,0.0,3.0,1.0,1.0,0.0,0.0,9.0,15.0,B,True
V7,1,2,0,4,1,7,38,1,3,2,1,4,4,81,1,12,B,1.0,2.0,1.0,5.0,2.0,5.0,0.5,4.0,2.0,1.0,0.0,0.0,6.5,17.0,B,True
V7,0,1,0,1,1,2,78,0,0,0,3,0,0,0,1,13,B,1.0,1.0,1.0,1.0,5.0,3.0,0.5,0.0,1.0,2.0,0.0,0.0,8.5,7.0,A,False
V7,0,1,2,1,0,1,21,2,4,0,3,0,7,69,3,14,A,1.0,2.0,5.0,1.0,5.0,3.0,0.0,0.0,1.0,2.0,0.0,0.0,12.0,8.0,A,True
V7,0,2,1,1,2,6,11,2,2,1,5,1,11,62,3,15,A,1.0,1.0,4.0,4.0,5.0,1.0,1.0,0.5,1.0,2.0,0.0,0.0,12.0,8.5,A,True
V7,1,0,0,3,1,7,71,3,1,0,4,0,6,64,1,16,A,1.0,1.0,1.0,1.0,3.0,2.0,0.5,0.0,2.0,1.0,0.0,0.0,7.5,5.0,A,True
V7,0,1,1,4,0,11,71,2,0,1,2,1,2,40,0,17,B,1.0,1.0,4.0,4.0,2.0,4.0,0.0,0.5,2.0,1.0,0.0,0.0,9.0,10.5,B,True
V7,1,3,2,1,2,1,40,3,4,0,4,1,12,50,0,18,A,2.0,2.0,5.0,1.0,5.0,2.0,1.0,0.5,1.0,2.0,0.0,0.0,14.0,7.5,A,True
V7,1,2,0,0,6,5,26,3,4,0,4,1,1,68,3,19,A,1.0,2.0,1.0,1.0,6.0,2.0,5.5,0.5,1.0,1.0,0.0,0.0,14.5,6.5,A,True
V7,0,4,2,2,2,12,74,1,3,2,2,3,12,40,0,20,A,2.0,2.0,5.0,5.0,4.0,4.0,1.0,3.0,2.0,2.0,0.0,0.0,14.0,16.0,B,False
V7,1,0,2,2,0,10,22,2,3,1,1,1,4,60,0,21,A,1.0,2.0,5.0,4.0,4.0,5.0,0.0,0.5,2.0,1.0,0.0,0.0,12.0,12.5,B,False
V7,1,3,2,2,3,7,46,2,2,2,1,0,10,19,0,22,A,2.0,1.0,5.0,5.0,4.0,5.0,3.0,0.0,2.0,2.0,0.0,0.0,16.0,13.0,A,True
V7,1,0,2,5,0,2,43,3,2,2,3,1,5,13,2,23,B,1.0,1.0,5.0,5.0,1.0,3.0,0.0,0.5,1.0,1.0,0.0,0.0,8.0,10.5,B,True
V7,0,0,0,2,2,11,57,0,0,0,0,5,9,84,1,24,B,1.0,1.0,1.0,1.0,4.0,6.0,1.0,5.0,2.0,2.0,0.0,0.0,9.0,15.0,B,True
V7,1,2,1,2,1,6,73,1,3,0,4,0,2,89,2,25,A,1.0,2.0,4.0,1.0,4.0,2.0,0.5,0.0,1.0,1.0,0.0,0.0,10.5,6.0,A,True
V7,1,1,2,0,5,11,60,3,2,0,0,2,1,16,1,26,A,1.0,1.0,5.0,1.0,6.0,6.0,5.0,1.0,2.0,1.0,0.0,0.0,19.0,10.0,A,True
V7,0,1,2,4,1,8,3,0,1,0,4,0,7,9,3,27,A,1.0,1.0,5.0,1.0,2.0,2.0,0.5,0.0,2.0,2.0,0.0,0.0,10.5,6.0,A,True
V7,1,2,2,5,0,7,8,1,0,0,3,1,9,10,1,28,A,1.0,1.0,5.0,1.0,1.0,3.0,0.0,0.5,2.0,2.0,0.0,0.0,9.0,7.5,A,True
V7,0,4,1,4,0,0,0,1,1,0,4,1,9,30,1,29,A,2.0,1.0,4.0,1.0,2.0,2.0,0.0,0.5,2.0,2.0,0.0,0.0,10.0,6.5,A,True
V7,1,0,0,1,1,1,64,2,0,1,1,4,9,69,0,30,B,1.0,1.0,1.0,4.0,5.0,5.0,0.5,4.0,1.0,2.0,0.0,0.0,8.5,16.0,B,True
V7,0,1,1,1,3,7,76,3,4,1,2,2,0,0,0,31,B,1.0,2.0,4.0,4.0,5.0,4.0,3.0,1.0,2.0,2.0,0.0,0.0,15.0,13.0,A,False
V7,1,1,1,2,2,10,24,0,0,1,2,3,6,20,0,32,B,1.0,1.0,4.0,4.0,4.0,4.0,1.0,3.0,2.0,1.0,0.0,0.0,12.0,13.0,B,True
V7,1,4,0,4,1,0,0,0,0,1,2,1,0,0,3,33,B,2.0,1.0,1.0,4.0,2.0,4.0,0.5,0.5,2.0,2.0,0.0,0.0,7.5,11.5,B,True
V7,1,3,2,2,1,8,38,0,4,1,0,1,5,3,2,34,B,2.0,2.0,5.0,4.0,4.0,6.0,0.5,0.5,2.0,1.0,0.0,0.0,13.5,13.5,tie,
V7,0,2,0,1,4,1,30,2,4,0,1,0,1,15,2,35,A,1.0,2.0,1.0,1.0,5.0,5.0,4.0,0.0,1.0,1.0,0.0,0.0,12.0,9.0,A,True
V7,0,2,1,5,1,12,15,0,0,0,3,0,11,20,3,36,A,1.0,1.0,4.0,1.0,1.0,3.0,0.5,0.0,2.0,2.0,0.0,0.0,8.5,7.0,A,True
V7,1,1,2,1,1,0,0,0,4,2,1,0,6,61,3,37,A,1.0,2.0,5.0,5.0,5.0,5.0,0.5,0.0,2.0,1.0,0.0,0.0,13.5,13.0,A,True
V7,0,1,1,5,0,3,60,3,3,2,5,1,12,63,0,38,B,1.0,2.0,4.0,5.0,1.0,1.0,0.0,0.5,1.0,2.0,0.0,0.0,7.0,10.5,B,True
V7,1,4,1,4,1,0,0,0,3,2,2,3,10,58,0,39,B,2.0,2.0,4.0,5.0,2.0,4.0,0.5,3.0,2.0,2.0,0.0,0.0,10.5,16.0,B,True
V7,1,2,2,4,1,4,17,2,1,1,4,0,12,34,1,40,A,1.0,1.0,5.0,4.0,2.0,2.0,0.5,0.0,1.0,2.0,0.0,0.0,9.5,9.0,A,True
V7,1,0,2,2,2,11,29,2,1,1,3,0,11,53,0,41,A,1.0,1.0,5.0,4.0,4.0,3.0,1.0,0.0,2.0,2.0,0.0,0.0,13.0,10.0,A,True
V7,1,0,0,2,3,11,43,1,2,0,0,5,10,28,3,42,B,1.0,1.0,1.0,1.0,4.0,6.0,3.0,5.0,2.0,2.0,0.0,0.0,11.0,15.0,B,True
V7,1,3,1,2,2,9,67,1,1,0,3,0,0,0,1,43,B,2.0,1.0,4.0,1.0,4.0,3.0,1.0,0.0,2.0,2.0,0.0,0.0,13.0,7.0,A,False
V7,1,4,0,0,3,5,73,1,1,0,5,0,0,0,0,44,A,2.0,1.0,1.0,1.0,6.0,1.0,3.0,0.0,1.0,2.0,0.0,0.0,13.0,5.0,A,True
V7,1,0,1,4,1,7,88,2,0,0,0,6,11,16,2,45,B,1.0,1.0,4.0,1.0,2.0,6.0,0.5,5.5,2.0,2.0,0.0,0.0,9.5,15.5,B,True
