seed,k,method,logloss,acc,n_train,n_left,n_right,n_indiff,n_incomp
0,10,A,0.6845904907933593,0.681,10,3,7,0,0
0,10,B1,0.6358126663328174,0.736,10,3,7,0,0
0,10,B2,0.4836656089091812,0.7734,10,3,7,0,0
0,10,C,0.6397266020511675,0.6642,10,5,5,0,0
1,10,A,0.7859998287547313,0.7254,10,4,6,0,0
1,10,B1,0.6750518328922727,0.5806,10,4,6,0,0
1,10,B2,6.749788588090528,0.7586,10,4,6,0,0
1,10,C,0.6422161494138168,0.6602,10,5,5,0,0
2,10,A,0.653406065093515,0.7534,10,3,7,0,0
2,10,B1,0.6454499807190633,0.658,10,3,7,0,0
2,10,B2,6.813040691792796,0.7564,10,3,7,0,0
2,10,C,0.6365888600192042,0.6584,10,6,4,0,0
3,10,A,0.6027366103277806,0.7264,10,6,4,0,0
3,10,B1,0.6365888600192042,0.6584,10,6,4,0,0
3,10,B2,0.5888982692507235,0.7172,10,6,4,0,0
3,10,C,0.6305187552092095,0.718,10,4,6,0,0
4,10,A,0.6134477145934026,0.76,10,4,6,0,0
4,10,B1,0.6460907641442473,0.6386,10,4,6,0,0
4,10,B2,4.301203252987023,0.7192,10,4,6,0,0
4,10,C,0.6365888600192042,0.6584,10,3,7,0,0
5,10,A,0.8994307609082484,0.6308,10,2,8,0,0
5,10,B1,0.6436224625705232,0.6866,10,2,8,0,0
5,10,B2,0.6328148189290256,0.7074,10,2,8,0,0
5,10,C,0.6456174129097199,0.678,10,6,4,0,0
6,10,A,1.0967089750026406,0.6038,10,6,4,0,0
6,10,B1,0.6460907641442473,0.6386,10,6,4,0,0
6,10,B2,7.454234010024179,0.743,10,6,4,0,0
6,10,C,0.660041384850748,0.6086,10,6,4,0,0
7,10,A,1.4015567339177692,0.5766,10,4,6,0,0
7,10,B1,0.6682459809843813,0.5964,10,4,6,0,0
7,10,B2,8.58981574206199,0.7078,10,4,6,0,0
7,10,C,0.6420237131048192,0.667,10,6,4,0,0
8,10,A,0.9213770751791962,0.7046,10,6,4,0,0
8,10,B1,0.634570597237467,0.6656,10,6,4,0,0
8,10,B2,6.5195254668366776,0.7662,10,6,4,0,0
8,10,C,0.65213898164321,0.636,10,6,4,0,0
9,10,A,0.950764464324564,0.6786,10,5,5,0,0
9,10,B1,0.6437162545794681,0.6488,10,5,5,0,0
9,10,B2,7.545653374917933,0.736,10,5,5,0,0
9,10,C,0.6528947343707773,0.6298,10,7,3,0,0
10,10,A,0.8028083026563966,0.6842,10,3,7,0,0
10,10,B1,0.6365888600192042,0.6584,10,3,7,0,0
10,10,B2,6.803630714057107,0.7604,10,3,7,0,0
10,10,C,0.6600413848507481,0.6086,10,6,4,0,0
11,10,A,0.6620396677628742,0.7648,10,7,3,0,0
11,10,B1,0.6443154738379794,0.6582,10,7,3,0,0
11,10,B2,6.683171016922615,0.7582,10,7,3,0,0
11,10,C,0.6464232025786399,0.6666,10,6,4,0,0
12,10,A,0.6428109509288582,0.7614,10,4,6,0,0
12,10,B1,0.6365888600192042,0.6584,10,4,6,0,0
12,10,B2,6.778816630957773,0.7546,10,4,6,0,0
12,10,C,0.632544498163417,0.7084,10,6,4,0,0
13,10,A,0.7383158002320264,0.73,10,5,5,0,0
13,10,B1,0.6452945352845654,0.6538,10,5,5,0,0
13,10,B2,6.480195327758596,0.7648,10,5,5,0,0
13,10,C,0.6600413848507481,0.6086,10,6,4,0,0
14,10,A,0.9019950020397016,0.7124,10,7,3,0,0
14,10,B1,0.6532199237562205,0.6544,10,7,3,0,0
14,10,B2,6.991097193092502,0.7514,10,7,3,0,0
14,10,C,0.6379888304406389,0.6966,10,4,6,0,0
15,10,A,2.0819846373771043,0.5042,10,6,4,0,0
15,10,B1,0.6750518328922727,0.5806,10,6,4,0,0
15,10,B2,1.135505633735245,0.6664,10,6,4,0,0
15,10,C,0.6591921587532262,0.6206,10,7,3,0,0
16,10,A,0.8825641940398904,0.7152,10,5,5,0,0
16,10,B1,0.6410478274149229,0.6584,10,5,5,0,0
16,10,B2,0.8827964457485741,0.7578,10,5,5,0,0
16,10,C,0.632661121460608,0.7128,10,6,4,0,0
17,10,A,0.8209589167117843,0.6904,10,5,5,0,0
17,10,B1,0.635073624561805,0.6854,10,5,5,0,0
17,10,B2,7.432175574548977,0.7414,10,5,5,0,0
17,10,C,0.6430628814218021,0.6694,10,5,5,0,0
18,10,A,1.2684994613841127,0.6474,10,6,4,0,0
18,10,B1,0.6603585150706162,0.6128,10,6,4,0,0
18,10,B2,10.183299246395356,0.6664,10,6,4,0,0
18,10,C,0.6365888600192042,0.6584,10,6,4,0,0
19,10,A,2.693841952959962,0.4274,10,6,4,0,0
19,10,B1,0.6886056147820762,0.553,10,6,4,0,0
19,10,B2,1.5586703403259738,0.5878,10,6,4,0,0
19,10,C,0.6347127259531511,0.6858,10,2,8,0,0
0,20,A,1.0265827926444584,0.7056,20,10,10,0,0
0,20,B1,0.641828694121445,0.6586,20,10,10,0,0
0,20,B2,8.018719978565507,0.724,20,10,10,0,0
0,20,C,0.6365888600192042,0.6584,20,12,8,0,0
1,20,A,0.6044034234252745,0.7074,20,9,11,0,0
1,20,B1,0.638609228276519,0.6826,20,9,11,0,0
1,20,B2,0.5413038312243581,0.7346,20,9,11,0,0
1,20,C,0.6366035383147546,0.6636,20,10,10,0,0
2,20,A,0.6523703584994371,0.7272,20,8,12,0,0
2,20,B1,0.6504874699390548,0.6772,20,8,12,0,0
2,20,B2,0.7041327749439137,0.7292,20,8,12,0,0
2,20,C,0.6362733417813524,0.6588,20,15,5,0,0
3,20,A,0.730129866069082,0.662,20,13,7,0,0
3,20,B1,0.64567306024485,0.6442,20,13,7,0,0
3,20,B2,0.6416812186952726,0.6988,20,13,7,0,0
3,20,C,0.6394926440536542,0.688,20,10,10,0,0
4,20,A,0.6909915490141668,0.738,20,9,11,0,0
4,20,B1,0.6600413848507481,0.6086,20,9,11,0,0
4,20,B2,0.9986966372193802,0.736,20,9,11,0,0
4,20,C,0.6346920382715535,0.6866,20,9,11,0,0
5,20,A,1.1040537852851733,0.6588,20,9,11,0,0
5,20,B1,0.6332507346096131,0.7056,20,9,11,0,0
5,20,B2,0.7000820120830338,0.728,20,9,11,0,0
5,20,C,0.6335499401693392,0.7032,20,10,10,0,0
6,20,A,0.7139432496548108,0.5022,20,12,8,0,0
6,20,B1,0.6636108079929866,0.611,20,12,8,0,0
6,20,B2,0.6469837493638333,0.6434,20,12,8,0,0
6,20,C,0.6320517933458488,0.7124,20,8,12,0,0
7,20,A,0.6157155169049796,0.7354,20,12,8,0,0
7,20,B1,0.6354135423574557,0.6678,20,12,8,0,0
7,20,B2,0.6594303712108667,0.7366,20,12,8,0,0
7,20,C,0.6365888600192042,0.6584,20,13,7,0,0
8,20,A,1.0085933528706807,0.7078,20,12,8,0,0
8,20,B1,0.6365888600192042,0.6584,20,12,8,0,0
8,20,B2,8.101601791308761,0.7258,20,12,8,0,0
8,20,C,0.6365888600192042,0.6584,20,10,10,0,0
9,20,A,0.5092327410883266,0.7546,20,12,8,0,0
9,20,B1,0.6365888600192042,0.6584,20,12,8,0,0
9,20,B2,0.521296705516078,0.7566,20,12,8,0,0
9,20,C,0.6357824151799716,0.6852,20,9,11,0,0
10,20,A,0.6369966953128879,0.7364,20,8,12,0,0
10,20,B1,0.6423428506480815,0.6708,20,8,12,0,0
10,20,B2,0.648242034414564,0.748,20,8,12,0,0
10,20,C,0.6365888600192042,0.6584,20,10,10,0,0
11,20,A,0.9203858912874544,0.7344,20,11,9,0,0
11,20,B1,0.6422786372921823,0.6816,20,11,9,0,0
11,20,B2,7.111364242280522,0.7448,20,11,9,0,0
11,20,C,0.6438085319543679,0.6714,20,14,6,0,0
12,20,A,0.5508504590230885,0.7438,20,9,11,0,0
12,20,B1,0.6460907641442474,0.6386,20,9,11,0,0
12,20,B2,0.5667376253701832,0.7442,20,9,11,0,0
12,20,C,0.6456826922435109,0.6886,20,9,11,0,0
13,20,A,0.6394629023199112,0.6908,20,14,6,0,0
13,20,B1,0.6600413848507481,0.6086,20,14,6,0,0
13,20,B2,0.6505844187587271,0.6916,20,14,6,0,0
13,20,C,0.6374719352667928,0.7034,20,7,13,0,0
14,20,A,0.8722962693705857,0.7074,20,12,8,0,0
14,20,B1,0.6347381176663437,0.691,20,12,8,0,0
14,20,B2,0.6313440981373265,0.7398,20,12,8,0,0
14,20,C,0.6318203793781049,0.7124,20,7,13,0,0
15,20,A,0.7131515449101133,0.728,20,16,4,0,0
15,20,B1,0.6365888600192042,0.6584,20,16,4,0,0
15,20,B2,0.6934175764518942,0.7434,20,16,4,0,0
15,20,C,0.6392378507975148,0.7432,20,9,11,0,0
16,20,A,0.8512533404737754,0.7168,20,12,8,0,0
16,20,B1,0.6365888600192042,0.6584,20,12,8,0,0
16,20,B2,6.736253919628597,0.7632,20,12,8,0,0
16,20,C,0.6489637740665183,0.673,20,7,13,0,0
17,20,A,0.801954784467503,0.7528,20,11,9,0,0
17,20,B1,0.6365888600192042,0.6584,20,11,9,0,0
17,20,B2,6.867368820059308,0.7534,20,11,9,0,0
17,20,C,0.6422594055061761,0.6562,20,7,13,0,0
18,20,A,0.7119578241668966,0.72,20,11,9,0,0
18,20,B1,0.6557461752778035,0.6306,20,11,9,0,0
18,20,B2,0.9929820291058613,0.7218,20,11,9,0,0
18,20,C,0.6483293399197717,0.6522,20,9,11,0,0
19,20,A,0.8354384836996501,0.7012,20,10,10,0,0
19,20,B1,0.6383814095269147,0.6976,20,10,10,0,0
19,20,B2,0.7230749807751923,0.7346,20,10,10,0,0
19,20,C,0.6322462681297216,0.6826,20,8,12,0,0
0,50,A,0.5169598853560323,0.7416,50,21,29,0,0
0,50,B1,0.6306287623178342,0.721,50,21,29,0,0
0,50,B2,0.505250184378777,0.749,50,21,29,0,0
0,50,C,0.632221540323995,0.7152,50,28,22,0,0
1,50,A,0.520705388917506,0.7678,50,23,27,0,0
1,50,B1,0.633422727074669,0.673,50,23,27,0,0
1,50,B2,0.49805629334244184,0.777,50,23,27,0,0
1,50,C,0.6374736936526486,0.7408,50,24,26,0,0
2,50,A,0.4985122129261006,0.7624,50,21,29,0,0
2,50,B1,0.641897230989709,0.67,50,21,29,0,0
2,50,B2,0.5017832228390611,0.763,50,21,29,0,0
2,50,C,0.6305922588991859,0.7114,50,22,28,0,0
3,50,A,0.5268721085505258,0.7426,50,22,28,0,0
3,50,B1,0.6351784381102666,0.6648,50,22,28,0,0
3,50,B2,0.5304916141915174,0.7422,50,22,28,0,0
3,50,C,0.6415330406212082,0.6628,50,29,21,0,0
4,50,A,0.48091583337557214,0.768,50,28,22,0,0
4,50,B1,0.6323930730872211,0.7328,50,28,22,0,0
4,50,B2,0.48227138100472905,0.7672,50,28,22,0,0
4,50,C,0.6372054920873342,0.7096,50,25,25,0,0
5,50,A,0.46909326582879385,0.7744,50,32,18,0,0
5,50,B1,0.6370895893383893,0.669,50,32,18,0,0
5,50,B2,0.4703688752424734,0.7744,50,32,18,0,0
5,50,C,0.632793042036963,0.6984,50,20,30,0,0
6,50,A,0.481810356229391,0.7626,50,23,27,0,0
6,50,B1,0.6388588518683238,0.7054,50,23,27,0,0
6,50,B2,0.4816267621184395,0.7632,50,23,27,0,0
6,50,C,0.6326213171968886,0.7548,50,26,24,0,0
7,50,A,0.5100129763139299,0.7676,50,27,23,0,0
7,50,B1,0.6347161049341888,0.6858,50,27,23,0,0
7,50,B2,0.5176154732984319,0.7678,50,27,23,0,0
7,50,C,0.6359626381805978,0.7328,50,26,24,0,0
8,50,A,0.510304405614508,0.7394,50,26,24,0,0
8,50,B1,0.6366205457864355,0.6642,50,26,24,0,0
8,50,B2,0.5110784945742023,0.7398,50,26,24,0,0
8,50,C,0.6373179956245759,0.7016,50,32,18,0,0
9,50,A,0.48318914066927593,0.7634,50,30,20,0,0
9,50,B1,0.6417097805957568,0.6624,50,30,20,0,0
9,50,B2,0.48325040522796564,0.7638,50,30,20,0,0
9,50,C,0.6341582354235703,0.6692,50,26,24,0,0
10,50,A,0.5355316280127834,0.7238,50,26,24,0,0
10,50,B1,0.6593118903610125,0.6222,50,26,24,0,0
10,50,B2,0.5363714674983078,0.7244,50,26,24,0,0
10,50,C,0.6419354727027808,0.6696,50,29,21,0,0
11,50,A,0.5089882180250286,0.7506,50,25,25,0,0
11,50,B1,0.6359777276792061,0.6606,50,25,25,0,0
11,50,B2,0.5112622434662671,0.751,50,25,25,0,0
11,50,C,0.6306585751889776,0.7084,50,26,24,0,0
12,50,A,0.6995295385706791,0.722,50,24,26,0,0
12,50,B1,0.6310052638515635,0.6974,50,24,26,0,0
12,50,B2,0.7163327388616387,0.723,50,24,26,0,0
12,50,C,0.634259466426431,0.667,50,29,21,0,0
13,50,A,0.49032832243645535,0.7644,50,21,29,0,0
13,50,B1,0.6365888600192042,0.6584,50,21,29,0,0
13,50,B2,0.4935458237450677,0.7642,50,21,29,0,0
13,50,C,0.6386270260194452,0.7058,50,29,21,0,0
14,50,A,0.5576449160363687,0.7298,50,23,27,0,0
14,50,B1,0.6336474678629527,0.672,50,23,27,0,0
14,50,B2,0.5608803423293565,0.73,50,23,27,0,0
14,50,C,0.6318370915353814,0.6874,50,28,22,0,0
15,50,A,0.5794044914834142,0.726,50,23,27,0,0
15,50,B1,0.6347178299813391,0.6912,50,23,27,0,0
15,50,B2,0.5143476307002015,0.7562,50,23,27,0,0
15,50,C,0.6309301442925871,0.7224,50,29,21,0,0
16,50,A,0.4930579843827508,0.7694,50,26,24,0,0
16,50,B1,0.6365888600192042,0.6584,50,26,24,0,0
16,50,B2,0.49765933864405415,0.7698,50,26,24,0,0
16,50,C,0.6312396928888203,0.7214,50,20,30,0,0
17,50,A,0.5344009913804504,0.7368,50,27,23,0,0
17,50,B1,0.6306553069592841,0.7208,50,27,23,0,0
17,50,B2,0.53922107395834,0.7352,50,27,23,0,0
17,50,C,0.63522717102032,0.6968,50,27,23,0,0
18,50,A,0.593168242602675,0.7108,50,22,28,0,0
18,50,B1,0.6600413848507479,0.6086,50,22,28,0,0
18,50,B2,0.5899591168534793,0.719,50,22,28,0,0
18,50,C,0.632873231126003,0.7494,50,23,27,0,0
19,50,A,0.4967857744894185,0.757,50,23,27,0,0
19,50,B1,0.6356202167818344,0.7226,50,23,27,0,0
19,50,B2,0.49814176937933996,0.757,50,23,27,0,0
19,50,C,0.6353338654264651,0.6872,50,27,23,0,0
0,100,A,0.46938512763280243,0.7732,100,53,47,0,0
0,100,B1,0.6307730641256141,0.7092,100,53,47,0,0
0,100,B2,0.4695893379027157,0.7732,100,53,47,0,0
0,100,C,0.6327168835917361,0.7128,100,43,57,0,0
1,100,A,0.5064846111447003,0.752,100,56,44,0,0
1,100,B1,0.6426218784292561,0.6878,100,56,44,0,0
1,100,B2,0.5069710007649026,0.7522,100,56,44,0,0
1,100,C,0.6305493965464924,0.713,100,47,53,0,0
2,100,A,0.49316819182139987,0.7636,100,50,50,0,0
2,100,B1,0.6305297770661725,0.7136,100,50,50,0,0
2,100,B2,0.49518094152558734,0.7636,100,50,50,0,0
2,100,C,0.6314690110150063,0.7184,100,50,50,0,0
3,100,A,0.4916199196785383,0.7622,100,54,46,0,0
3,100,B1,0.6313271938322926,0.7194,100,54,46,0,0
3,100,B2,0.49209450312446923,0.7624,100,54,46,0,0
3,100,C,0.6313660344266453,0.715,100,51,49,0,0
4,100,A,0.4859785425988473,0.7594,100,46,54,0,0
4,100,B1,0.6318543858222602,0.7144,100,46,54,0,0
4,100,B2,0.48566412720110314,0.7598,100,46,54,0,0
4,100,C,0.6313116265802681,0.7426,100,58,42,0,0
5,100,A,0.4908607043183094,0.7708,100,52,48,0,0
5,100,B1,0.6311167283258139,0.697,100,52,48,0,0
5,100,B2,0.4923832460147836,0.771,100,52,48,0,0
5,100,C,0.6337477388043132,0.6838,100,47,53,0,0
6,100,A,0.4826562006699565,0.7634,100,39,61,0,0
6,100,B1,0.6394007199218297,0.6748,100,39,61,0,0
6,100,B2,0.4825914895472595,0.7636,100,39,61,0,0
6,100,C,0.6342448058026247,0.6946,100,51,49,0,0
7,100,A,0.554111857819975,0.7236,100,44,56,0,0
7,100,B1,0.6365888600192038,0.6584,100,44,56,0,0
7,100,B2,0.5557090955438997,0.7236,100,44,56,0,0
7,100,C,0.6316295041965891,0.7518,100,56,44,0,0
8,100,A,0.5029705774275035,0.7512,100,51,49,0,0
8,100,B1,0.6346921377164412,0.6866,100,51,49,0,0
8,100,B2,0.5029370207360986,0.7514,100,51,49,0,0
8,100,C,0.6357345742893339,0.6628,100,63,37,0,0
9,100,A,0.5016574158325237,0.7742,100,49,51,0,0
9,100,B1,0.6318338505847048,0.7124,100,49,51,0,0
9,100,B2,0.5054956869219356,0.7748,100,49,51,0,0
9,100,C,0.6305788851706209,0.712,100,57,43,0,0
10,100,A,0.4836124279085754,0.7668,100,52,48,0,0
10,100,B1,0.6329806817814438,0.6782,100,52,48,0,0
10,100,B2,0.4782555390100588,0.768,100,52,48,0,0
10,100,C,0.6306074377118833,0.7102,100,49,51,0,0
11,100,A,0.4949300754948649,0.7516,100,54,46,0,0
11,100,B1,0.6365888600192042,0.6584,100,54,46,0,0
11,100,B2,0.49515496432715117,0.7518,100,54,46,0,0
11,100,C,0.632917256561413,0.7468,100,44,56,0,0
12,100,A,0.4729490421027851,0.771,100,58,42,0,0
12,100,B1,0.6314447002794541,0.7186,100,58,42,0,0
12,100,B2,0.47273780254523756,0.771,100,58,42,0,0
12,100,C,0.6308459241094605,0.7384,100,55,45,0,0
13,100,A,0.49127294091096746,0.7636,100,52,48,0,0
13,100,B1,0.6365789103692308,0.6602,100,52,48,0,0
13,100,B2,0.4916130148090937,0.7638,100,52,48,0,0
13,100,C,0.6339004069570234,0.7404,100,48,52,0,0
14,100,A,0.46729386285323654,0.7742,100,55,45,0,0
14,100,B1,0.6316740692031911,0.7142,100,55,45,0,0
14,100,B2,0.4677132471608769,0.774,100,55,45,0,0
14,100,C,0.6347791378899085,0.6828,100,54,46,0,0
15,100,A,0.4697362970003145,0.7694,100,52,48,0,0
15,100,B1,0.6384070863968611,0.6812,100,52,48,0,0
15,100,B2,0.4697450301014626,0.769,100,52,48,0,0
15,100,C,0.6335274654747826,0.6786,100,54,46,0,0
16,100,A,0.49500237608519254,0.7656,100,59,41,0,0
16,100,B1,0.6313665771270598,0.695,100,59,41,0,0
16,100,B2,0.4956417151634736,0.7656,100,59,41,0,0
16,100,C,0.6331326314655451,0.7508,100,51,49,0,0
17,100,A,0.5417585840923889,0.761,100,47,53,0,0
17,100,B1,0.6309550113456445,0.723,100,47,53,0,0
17,100,B2,0.5493865164688178,0.7606,100,47,53,0,0
17,100,C,0.6315372979508059,0.6892,100,44,56,0,0
18,100,A,0.5165848768203155,0.7498,100,46,54,0,0
18,100,B1,0.6327296965430856,0.7222,100,46,54,0,0
18,100,B2,0.5182968315001293,0.7492,100,46,54,0,0
18,100,C,0.6317971705883924,0.7096,100,56,44,0,0
19,100,A,0.4982721869837283,0.7652,100,59,41,0,0
19,100,B1,0.6310910266759416,0.698,100,59,41,0,0
19,100,B2,0.4989102646640278,0.7658,100,59,41,0,0
19,100,C,0.6345982643552532,0.6722,100,50,50,0,0
0,200,A,0.47612222819954314,0.7682,200,101,99,0,0
0,200,B1,0.6406257623431837,0.6828,200,101,99,0,0
0,200,B2,0.47619600265683204,0.7686,200,101,99,0,0
0,200,C,0.6310160487360976,0.7178,200,114,86,0,0
1,200,A,0.46773309774261007,0.768,200,89,111,0,0
1,200,B1,0.6313354991711729,0.725,200,89,111,0,0
1,200,B2,0.4676802361553431,0.768,200,89,111,0,0
1,200,C,0.6307630920347254,0.7238,200,117,83,0,0
2,200,A,0.48942019888943433,0.7596,200,93,107,0,0
2,200,B1,0.6340563732225268,0.67,200,93,107,0,0
2,200,B2,0.4900435017126027,0.7596,200,93,107,0,0
2,200,C,0.6305175017259503,0.7272,200,111,89,0,0
3,200,A,0.46973268149481356,0.7744,200,88,112,0,0
3,200,B1,0.6346857647629222,0.6914,200,88,112,0,0
3,200,B2,0.4698225725789497,0.7742,200,88,112,0,0
3,200,C,0.6315143552233848,0.7444,200,101,99,0,0
4,200,A,0.47562446262859814,0.7694,200,92,108,0,0
4,200,B1,0.6369155089299973,0.6964,200,92,108,0,0
4,200,B2,0.47562983912379475,0.7694,200,92,108,0,0
4,200,C,0.6310297186158952,0.7174,200,101,99,0,0
5,200,A,0.46684871616053736,0.7716,200,92,108,0,0
5,200,B1,0.6305656792224882,0.7234,200,92,108,0,0
5,200,B2,0.46674592445549734,0.7718,200,92,108,0,0
5,200,C,0.6311450659618231,0.7334,200,98,102,0,0
6,200,A,0.47325305792031513,0.7724,200,100,100,0,0
6,200,B1,0.6313542267300034,0.6916,200,100,100,0,0
6,200,B2,0.4733711917140479,0.7722,200,100,100,0,0
6,200,C,0.6315439611649166,0.7294,200,93,107,0,0
7,200,A,0.4652466206049152,0.774,200,106,94,0,0
7,200,B1,0.63436282284042,0.7328,200,106,94,0,0
7,200,B2,0.46513267128504276,0.7738,200,106,94,0,0
7,200,C,0.6308854875973177,0.7376,200,89,111,0,0
8,200,A,0.4861997023199252,0.7656,200,95,105,0,0
8,200,B1,0.6436976967077844,0.6668,200,95,105,0,0
8,200,B2,0.4862153479151413,0.7658,200,95,105,0,0
8,200,C,0.631806959811945,0.739,200,88,112,0,0
9,200,A,0.4705978573705681,0.7716,200,106,94,0,0
9,200,B1,0.6361469236732884,0.7022,200,106,94,0,0
9,200,B2,0.47058547024025194,0.7716,200,106,94,0,0
9,200,C,0.6336198909145017,0.6722,200,103,97,0,0
10,200,A,0.4919429774508528,0.776,200,85,115,0,0
10,200,B1,0.6342916219262801,0.751,200,85,115,0,0
10,200,B2,0.49297621194856683,0.776,200,85,115,0,0
10,200,C,0.6306777567232558,0.7276,200,106,94,0,0
11,200,A,0.4751806299913522,0.7648,200,111,89,0,0
11,200,B1,0.6305328812893906,0.713,200,111,89,0,0
11,200,B2,0.4752634482981277,0.7646,200,111,89,0,0
11,200,C,0.631597617125721,0.7132,200,101,99,0,0
12,200,A,0.46687322463690645,0.7728,200,119,81,0,0
12,200,B1,0.6347556986603946,0.7094,200,119,81,0,0
12,200,B2,0.4669155553400981,0.7728,200,119,81,0,0
12,200,C,0.6311980555783081,0.7464,200,97,103,0,0
13,200,A,0.48211579638991453,0.7606,200,97,103,0,0
13,200,B1,0.6365888600192023,0.6584,200,97,103,0,0
13,200,B2,0.4822990949991268,0.7606,200,97,103,0,0
13,200,C,0.6365737600727979,0.7512,200,93,107,0,0
14,200,A,0.47257476604306675,0.7678,200,101,99,0,0
14,200,B1,0.6357348740631467,0.7298,200,101,99,0,0
14,200,B2,0.4725607060852453,0.768,200,101,99,0,0
14,200,C,0.6306247912288664,0.721,200,105,95,0,0
15,200,A,0.46789745383133885,0.7752,200,102,98,0,0
15,200,B1,0.6327150983522967,0.7082,200,102,98,0,0
15,200,B2,0.46783056592945593,0.7758,200,102,98,0,0
15,200,C,0.630759831940753,0.7206,200,106,94,0,0
16,200,A,0.491546639043852,0.7558,200,101,99,0,0
16,200,B1,0.635725593360185,0.6942,200,101,99,0,0
16,200,B2,0.49161032523910997,0.7556,200,101,99,0,0
16,200,C,0.6312168602202506,0.7354,200,96,104,0,0
17,200,A,0.4709695877274305,0.7726,200,93,107,0,0
17,200,B1,0.6347517737368574,0.6838,200,93,107,0,0
17,200,B2,0.47085354375882155,0.7726,200,93,107,0,0
17,200,C,0.6308463944729151,0.729,200,103,97,0,0
18,200,A,0.469838649967936,0.7706,200,114,86,0,0
18,200,B1,0.6330766330091908,0.6764,200,114,86,0,0
18,200,B2,0.4699682353824599,0.7706,200,114,86,0,0
18,200,C,0.6321610675343557,0.7258,200,94,106,0,0
19,200,A,0.4765988312166273,0.7698,200,111,89,0,0
19,200,B1,0.6364663422805071,0.6858,200,111,89,0,0
19,200,B2,0.47693538033402993,0.7698,200,111,89,0,0
19,200,C,0.6305169559636669,0.7174,200,101,99,0,0
0,500,A,0.47345510534365337,0.7676,500,254,246,0,0
0,500,B1,0.6371311191444169,0.6844,500,254,246,0,0
0,500,B2,0.4736007708952877,0.7676,500,254,246,0,0
0,500,C,0.6304996053446046,0.718,500,244,256,0,0
1,500,A,0.46608033816276384,0.7754,500,268,232,0,0
1,500,B1,0.631068472595279,0.7326,500,268,232,0,0
1,500,B2,0.46599716473037195,0.7754,500,268,232,0,0
1,500,C,0.6305393544167945,0.7208,500,245,255,0,0
2,500,A,0.4707074243623122,0.773,500,235,265,0,0
2,500,B1,0.6305081480881473,0.7154,500,235,265,0,0
2,500,B2,0.4707500488794851,0.773,500,235,265,0,0
2,500,C,0.6312163694055868,0.745,500,255,245,0,0
3,500,A,0.4663570734842775,0.7762,500,250,250,0,0
3,500,B1,0.6316292409766328,0.6952,500,250,250,0,0
3,500,B2,0.4663137381568239,0.7764,500,250,250,0,0
3,500,C,0.6313895351504064,0.736,500,263,237,0,0
4,500,A,0.46522071662924774,0.7746,500,261,239,0,0
4,500,B1,0.6327586255256434,0.6788,500,261,239,0,0
4,500,B2,0.46523166300015273,0.7748,500,261,239,0,0
4,500,C,0.6305518219788916,0.7168,500,245,255,0,0
5,500,A,0.46648514462256563,0.769,500,251,249,0,0
5,500,B1,0.6316790876657453,0.6888,500,251,249,0,0
5,500,B2,0.46647700468174136,0.769,500,251,249,0,0
5,500,C,0.6311249118558615,0.7088,500,246,254,0,0
6,500,A,0.46688531360481655,0.7706,500,236,264,0,0
6,500,B1,0.6318473532118808,0.746,500,236,264,0,0
6,500,B2,0.4668820006091968,0.7706,500,236,264,0,0
6,500,C,0.6313243299978077,0.7166,500,242,258,0,0
7,500,A,0.4711262499054532,0.7692,500,259,241,0,0
7,500,B1,0.6365599613707372,0.671,500,259,241,0,0
7,500,B2,0.47114403741836997,0.7692,500,259,241,0,0
7,500,C,0.6310737834083153,0.7158,500,266,234,0,0
8,500,A,0.467114217321904,0.7712,500,261,239,0,0
8,500,B1,0.6312454386671348,0.7206,500,261,239,0,0
8,500,B2,0.46708005397170743,0.771,500,261,239,0,0
8,500,C,0.6306648496467996,0.7338,500,258,242,0,0
9,500,A,0.46986771419136164,0.767,500,254,246,0,0
9,500,B1,0.6329639532289395,0.6782,500,254,246,0,0
9,500,B2,0.4698818946097695,0.767,500,254,246,0,0
9,500,C,0.6306096684485366,0.7228,500,260,240,0,0
10,500,A,0.4770432586101015,0.7654,500,249,251,0,0
10,500,B1,0.6313692919457803,0.6916,500,249,251,0,0
10,500,B2,0.47701809665327344,0.7654,500,249,251,0,0
10,500,C,0.6312104057588652,0.6988,500,253,247,0,0
11,500,A,0.4797294894510537,0.766,500,232,268,0,0
11,500,B1,0.6369774133680046,0.685,500,232,268,0,0
11,500,B2,0.4796871380092704,0.7658,500,232,268,0,0
11,500,C,0.6309443031786365,0.7078,500,242,258,0,0
12,500,A,0.46498188778092253,0.773,500,242,258,0,0
12,500,B1,0.6315054824252171,0.7436,500,242,258,0,0
12,500,B2,0.4649424571617992,0.773,500,242,258,0,0
12,500,C,0.6314152287074672,0.7116,500,252,248,0,0
13,500,A,0.46991126307068315,0.7716,500,265,235,0,0
13,500,B1,0.6305371973810319,0.7128,500,265,235,0,0
13,500,B2,0.4699626154476594,0.7716,500,265,235,0,0
13,500,C,0.6310311675428502,0.7416,500,243,257,0,0
14,500,A,0.4644000967847018,0.7716,500,246,254,0,0
14,500,B1,0.6310404042942284,0.7246,500,246,254,0,0
14,500,B2,0.4643982938333491,0.7716,500,246,254,0,0
14,500,C,0.6308946933882648,0.723,500,252,248,0,0
15,500,A,0.4642211724534143,0.7736,500,230,270,0,0
15,500,B1,0.6314673179467307,0.7184,500,230,270,0,0
15,500,B2,0.4642287690176292,0.774,500,230,270,0,0
15,500,C,0.6305281338184392,0.719,500,259,241,0,0
16,500,A,0.4663948905434686,0.7756,500,249,251,0,0
16,500,B1,0.6307132387324358,0.7272,500,249,251,0,0
16,500,B2,0.4663671617691196,0.7756,500,249,251,0,0
16,500,C,0.6307028404900455,0.7074,500,248,252,0,0
17,500,A,0.4649733988665464,0.7736,500,254,246,0,0
17,500,B1,0.6307062816124571,0.7298,500,254,246,0,0
17,500,B2,0.4650083094329813,0.7736,500,254,246,0,0
17,500,C,0.6305665475789385,0.7198,500,254,246,0,0
18,500,A,0.4756756163477621,0.7736,500,270,230,0,0
18,500,B1,0.6306065587153922,0.7206,500,270,230,0,0
18,500,B2,0.4755767123207839,0.7736,500,270,230,0,0
18,500,C,0.6304976153854543,0.7166,500,232,268,0,0
19,500,A,0.4651171613222343,0.7748,500,246,254,0,0
19,500,B1,0.6307464838602753,0.7042,500,246,254,0,0
19,500,B2,0.46510562338061884,0.7746,500,246,254,0,0
19,500,C,0.6306216292408692,0.721,500,258,242,0,0
