tau,tau_prime,method,final_cos_sim,final_stderr,n_left,n_right,n_indifferent,n_incomparable,n_decisive_total,n_forced,n_attempts,learning_curve_mean,learning_curve_stderr
0.0,0.0,multiframe,0.7475025233786775,0.05604058396922844,33,27,0,0,60,0,0,"0.7668,0.7264,0.7422,0.7464,0.7675,0.8176,0.7364,0.7527,0.7590,0.7078,0.8229,0.7673,0.7092,0.7874,0.7903,0.7826,0.7405,0.7574,0.7754,0.7475","0.0758,0.0788,0.0878,0.0789,0.0750,0.0408,0.0731,0.0731,0.0566,0.0954,0.0279,0.0594,0.0920,0.0317,0.0093,0.0594,0.0541,0.0241,0.0493,0.0560"
0.0,0.0,bt_laplace_bald,0.8381550840280633,0.02555790896412529,34,26,0,0,60,0,0,"0.7166,0.7928,0.7792,0.8209,0.7178,0.8145,0.7201,0.6466,0.7415,0.7936,0.7718,0.8172,0.8377,0.8344,0.8326,0.8338,0.8399,0.8199,0.8040,0.8382","0.0790,0.0437,0.0780,0.0398,0.0500,0.0131,0.0934,0.1339,0.0847,0.0861,0.0673,0.0389,0.0428,0.0345,0.0460,0.0298,0.0387,0.0478,0.0308,0.0256"
0.0,0.0,bt_laplace_bald_k,0.8433631200958525,0.04863684459044202,35,25,0,0,60,0,60,"0.6828,0.8066,0.7199,0.8503,0.8269,0.8498,0.8403,0.9181,0.9146,0.8698,0.8574,0.8207,0.7284,0.7088,0.7336,0.7533,0.8146,0.7740,0.7896,0.8434","0.0651,0.0445,0.0485,0.0397,0.0605,0.0567,0.0388,0.0134,0.0198,0.0533,0.0174,0.0213,0.1309,0.1423,0.1362,0.1022,0.0959,0.1169,0.0871,0.0486"
0.0,0.0,bt_laplace_bald_random,0.8306463002894068,0.05352671021214898,32,28,0,0,60,0,0,"0.7144,0.6250,0.7263,0.7719,0.8015,0.8285,0.8171,0.7850,0.7475,0.7823,0.8203,0.8179,0.8414,0.8003,0.8307,0.8684,0.8251,0.8265,0.8419,0.8306","0.0714,0.0235,0.0344,0.0226,0.0483,0.0250,0.0402,0.0179,0.0795,0.0413,0.0259,0.0549,0.0484,0.0622,0.0398,0.0405,0.0437,0.0569,0.0468,0.0535"
0.0,0.0,bt_laplace_bald_left,0.8851793598079629,0.014469910104805066,33,27,0,0,60,0,0,"0.7173,0.7989,0.8960,0.8544,0.7214,0.7685,0.8613,0.8505,0.8530,0.8261,0.8661,0.8643,0.8486,0.8002,0.7958,0.7876,0.8586,0.8312,0.8137,0.8852","0.0784,0.0525,0.0314,0.0462,0.0980,0.0200,0.0244,0.0329,0.0242,0.0423,0.0500,0.0496,0.0514,0.0488,0.0653,0.0676,0.0369,0.0729,0.0563,0.0145"
0.0,0.2,multiframe,0.7406087253756235,0.02112858187423963,28,26,0,6,54,0,0,"0.8642,0.8250,0.8644,0.8538,0.8814,0.9214,0.8968,0.8815,0.8930,0.8539,0.8453,0.8341,0.8419,0.7141,0.8040,0.8531,0.8472,0.7942,0.8731,0.7406","0.0540,0.0479,0.0206,0.0220,0.0194,0.0062,0.0216,0.0297,0.0278,0.0323,0.0514,0.0345,0.0334,0.1015,0.0677,0.0576,0.0287,0.0400,0.0300,0.0211"
0.0,0.2,bt_laplace_bald,0.8148270008359022,0.017892651365393267,36,23,0,1,59,0,0,"0.7798,0.8778,0.8840,0.8479,0.7626,0.8195,0.8175,0.7462,0.7466,0.8360,0.8075,0.8349,0.8217,0.7526,0.7472,0.7843,0.8004,0.7905,0.7421,0.8148","0.0634,0.0344,0.0163,0.0502,0.0586,0.0144,0.0481,0.0526,0.0376,0.0305,0.0233,0.0317,0.0286,0.0224,0.0443,0.0193,0.0239,0.0261,0.0092,0.0179"
0.0,0.2,bt_laplace_bald_k,0.890170214252445,0.025159541942927414,31,29,0,4,60,0,64,"0.7279,0.7949,0.7533,0.8203,0.8190,0.8217,0.8306,0.8504,0.8734,0.8565,0.8608,0.8518,0.9127,0.8747,0.8640,0.8804,0.9093,0.9054,0.8887,0.8902","0.0665,0.0487,0.0560,0.0398,0.0608,0.0518,0.0693,0.0438,0.0400,0.0635,0.0257,0.0333,0.0024,0.0111,0.0146,0.0017,0.0244,0.0171,0.0225,0.0252"
0.0,0.2,bt_laplace_bald_random,0.6949581326749925,0.046477660736673525,30,28,0,2,60,2,0,"0.7814,0.6971,0.6999,0.8346,0.7947,0.7769,0.7908,0.7808,0.7400,0.7908,0.7817,0.7848,0.7653,0.7599,0.7918,0.8082,0.7697,0.7218,0.7120,0.6950","0.0188,0.0353,0.0383,0.0434,0.0454,0.0406,0.0405,0.0146,0.0102,0.0252,0.0106,0.0109,0.0089,0.0297,0.0149,0.0212,0.0139,0.0465,0.0588,0.0465"
0.0,0.2,bt_laplace_bald_left,0.8743172411739466,0.005929728013391929,38,22,0,0,60,0,0,"0.8392,0.8765,0.9036,0.8223,0.8127,0.7778,0.8155,0.7830,0.8041,0.8140,0.8644,0.8446,0.8232,0.7792,0.7609,0.7776,0.8284,0.7896,0.7972,0.8743","0.0373,0.0128,0.0252,0.0722,0.0286,0.0126,0.0432,0.0478,0.0341,0.0408,0.0501,0.0482,0.0475,0.0370,0.0464,0.0630,0.0292,0.0592,0.0498,0.0059"
0.0,0.4,multiframe,0.7312084784879315,0.036407752606986234,26,27,0,7,53,0,0,"0.8033,0.8092,0.7695,0.7685,0.8058,0.7847,0.8704,0.7545,0.8271,0.7907,0.7716,0.7309,0.7490,0.7837,0.7665,0.7109,0.6986,0.7342,0.7641,0.7312","0.0598,0.0769,0.0684,0.0357,0.0443,0.0882,0.0061,0.0436,0.0066,0.0657,0.0641,0.0706,0.0730,0.0250,0.0477,0.0063,0.0790,0.0830,0.0553,0.0364"
0.0,0.4,bt_laplace_bald,0.7141745966603033,0.05388872253958089,33,23,0,4,56,0,0,"0.7379,0.8172,0.8427,0.8090,0.7559,0.7011,0.6813,0.6318,0.6776,0.7676,0.7883,0.7917,0.8184,0.7635,0.7521,0.8439,0.8055,0.7409,0.7135,0.7142","0.0398,0.0813,0.0300,0.0494,0.0562,0.0895,0.0732,0.0418,0.0596,0.0583,0.0295,0.0489,0.0305,0.0228,0.0418,0.0324,0.0213,0.0639,0.0193,0.0539"
0.0,0.4,bt_laplace_bald_k,0.5817946123080942,0.056484018879350895,32,28,0,7,60,0,67,"0.6911,0.7663,0.7308,0.8062,0.7731,0.8077,0.8180,0.8402,0.7754,0.7042,0.7224,0.6992,0.7320,0.6315,0.6711,0.6986,0.6442,0.6859,0.6288,0.5818","0.0516,0.0254,0.0495,0.0286,0.0310,0.0306,0.0462,0.0056,0.0078,0.0591,0.0770,0.0854,0.0422,0.0507,0.0360,0.0253,0.0030,0.0626,0.0638,0.0565"
0.0,0.4,bt_laplace_bald_random,0.6377421410514298,0.04233848465792469,30,25,0,5,60,5,0,"0.7928,0.7766,0.7521,0.8183,0.8020,0.7506,0.7394,0.8166,0.7279,0.8049,0.7217,0.7388,0.7745,0.7551,0.7540,0.7326,0.7115,0.7012,0.6554,0.6377","0.0273,0.0568,0.0388,0.0463,0.0488,0.0230,0.0099,0.0307,0.0165,0.0226,0.0594,0.0379,0.0336,0.0487,0.0509,0.0318,0.0386,0.0537,0.0480,0.0423"
0.0,0.4,bt_laplace_bald_left,0.8241619245939024,0.06981265556985193,31,24,0,5,60,5,0,"0.8070,0.8836,0.9184,0.8425,0.8190,0.8123,0.8059,0.8068,0.8190,0.8282,0.8018,0.7746,0.7635,0.7489,0.7430,0.7409,0.7869,0.7542,0.7255,0.8242","0.0392,0.0085,0.0334,0.0801,0.0335,0.0384,0.0363,0.0661,0.0456,0.0511,0.0514,0.0681,0.0715,0.0819,0.0585,0.0693,0.0601,0.0708,0.0894,0.0698"
0.0,0.6,multiframe,0.7233742874720988,0.08642050364138093,22,33,0,5,55,0,0,"0.8041,0.7314,0.8419,0.7797,0.8165,0.7866,0.8004,0.8016,0.8235,0.8366,0.7841,0.8728,0.8562,0.8459,0.7848,0.8016,0.7973,0.8399,0.7356,0.7234","0.0701,0.0340,0.0369,0.0575,0.0251,0.0403,0.0205,0.0085,0.0437,0.0162,0.0369,0.0531,0.0441,0.0249,0.0219,0.0457,0.0627,0.0438,0.0274,0.0864"
0.0,0.6,bt_laplace_bald,0.6893773974222882,0.05893422594372964,26,26,0,8,52,0,0,"0.7727,0.7976,0.8038,0.7694,0.7392,0.6488,0.6913,0.7283,0.6806,0.7441,0.7628,0.7247,0.7956,0.8183,0.7317,0.7654,0.7380,0.6939,0.6782,0.6894","0.0114,0.0778,0.0433,0.0752,0.1034,0.0937,0.0784,0.0903,0.0540,0.0405,0.0143,0.0181,0.0155,0.0415,0.0393,0.0803,0.0569,0.0458,0.0169,0.0589"
0.0,0.6,bt_laplace_bald_k,0.6258717913443118,0.07755072849646218,29,31,0,9,60,0,69,"0.7705,0.8046,0.8216,0.7743,0.7688,0.6813,0.7265,0.7538,0.7039,0.6790,0.7183,0.7027,0.6796,0.6810,0.7154,0.7326,0.6597,0.6209,0.6194,0.6259","0.0194,0.0300,0.0316,0.0508,0.0453,0.0696,0.0156,0.0421,0.0276,0.0990,0.1039,0.0766,0.0479,0.0643,0.0775,0.0928,0.0989,0.1064,0.0995,0.0776"
0.0,0.6,bt_laplace_bald_random,0.8455776180241971,0.01970657118937112,23,26,0,11,60,11,0,"0.8341,0.8287,0.7294,0.8475,0.8780,0.7944,0.7861,0.7615,0.7737,0.8234,0.7939,0.8350,0.8404,0.8050,0.7247,0.7059,0.8350,0.8430,0.8566,0.8456","0.0390,0.0271,0.0350,0.0363,0.0151,0.0481,0.0099,0.0261,0.0478,0.0202,0.0159,0.0081,0.0210,0.0087,0.0121,0.0352,0.0293,0.0222,0.0149,0.0197"
0.0,0.6,bt_laplace_bald_left,0.8500527626400892,0.0773421200297452,28,23,0,9,60,9,0,"0.8167,0.9136,0.8866,0.8159,0.8551,0.8747,0.8373,0.8418,0.8222,0.8647,0.8415,0.8024,0.7993,0.8036,0.7975,0.8353,0.8161,0.8331,0.7820,0.8501","0.0352,0.0227,0.0390,0.0733,0.0390,0.0541,0.0448,0.0657,0.0451,0.0318,0.0519,0.0681,0.0709,0.0807,0.0439,0.0577,0.0619,0.0623,0.0909,0.0773"
0.0,0.8,multiframe,0.7638939395337331,0.06451992101055665,20,33,0,7,53,0,0,"0.7994,0.8772,0.7992,0.8048,0.8482,0.7243,0.8456,0.8372,0.6894,0.8196,0.8109,0.7709,0.8322,0.8010,0.8287,0.8614,0.8319,0.7774,0.8296,0.7639","0.0291,0.0341,0.0516,0.0611,0.0176,0.0718,0.0604,0.0393,0.0573,0.0130,0.0541,0.0260,0.0277,0.0331,0.0288,0.0378,0.0580,0.0232,0.0181,0.0645"
0.0,0.8,bt_laplace_bald,0.7162840071519314,0.06970543083046192,26,24,0,10,50,0,0,"0.7680,0.7451,0.7454,0.6777,0.6757,0.6192,0.6507,0.7107,0.7102,0.7123,0.7689,0.7552,0.8021,0.7574,0.6743,0.7684,0.7032,0.6601,0.6835,0.7163","0.0095,0.0506,0.0135,0.0404,0.0771,0.0708,0.0568,0.0805,0.0622,0.0311,0.0135,0.0238,0.0262,0.0135,0.0086,0.0621,0.0307,0.0317,0.0167,0.0697"
0.0,0.8,bt_laplace_bald_k,0.6967908852966448,0.09021070370846952,27,33,0,11,60,0,71,"0.7860,0.8043,0.8248,0.7763,0.8043,0.7356,0.7590,0.7928,0.7777,0.8039,0.7929,0.7906,0.7471,0.7021,0.7734,0.6960,0.6916,0.6752,0.6718,0.6968","0.0250,0.0219,0.0260,0.0512,0.0600,0.0906,0.0356,0.0494,0.0684,0.0583,0.0996,0.0678,0.0235,0.0467,0.0437,0.0896,0.0773,0.0752,0.0807,0.0902"
0.0,0.8,bt_laplace_bald_random,0.8564760777618453,0.02812276180128002,28,18,0,14,60,14,0,"0.8644,0.8835,0.8293,0.7937,0.8586,0.7825,0.7716,0.7366,0.7500,0.8287,0.8440,0.8332,0.8744,0.8107,0.7338,0.7281,0.8106,0.8491,0.8414,0.8565","0.0169,0.0330,0.0554,0.0167,0.0295,0.0565,0.0215,0.0149,0.0389,0.0220,0.0503,0.0090,0.0238,0.0104,0.0193,0.0448,0.0103,0.0231,0.0059,0.0281"
0.0,0.8,bt_laplace_bald_left,0.8709748225632622,0.060267962773780645,21,25,0,14,60,14,0,"0.8087,0.8896,0.8746,0.9150,0.8459,0.8853,0.8479,0.8711,0.8256,0.8472,0.8628,0.8340,0.8462,0.8538,0.8091,0.8432,0.8039,0.8218,0.7953,0.8710","0.0286,0.0324,0.0444,0.0273,0.0465,0.0459,0.0363,0.0436,0.0430,0.0421,0.0350,0.0448,0.0371,0.0426,0.0354,0.0512,0.0716,0.0715,0.0803,0.0603"
0.2,0.0,multiframe,0.9487291962506318,0.03366818307963551,17,22,21,0,39,0,0,"0.7689,0.8157,0.9380,0.9117,0.8892,0.9039,0.9281,0.9521,0.8921,0.9563,0.9331,0.9219,0.9173,0.9850,0.9849,0.9821,0.9883,0.9621,0.9449,0.9487","0.1238,0.0544,0.0246,0.0320,0.0389,0.0163,0.0184,0.0112,0.0574,0.0272,0.0065,0.0237,0.0473,0.0016,0.0050,0.0045,0.0068,0.0229,0.0373,0.0337"
0.2,0.0,bt_laplace_bald,0.7716114729017997,0.11996968815258002,35,25,0,0,60,0,0,"0.8579,0.7829,0.7209,0.8315,0.8783,0.8819,0.8428,0.8235,0.8166,0.8020,0.7973,0.7619,0.8362,0.8606,0.8264,0.7792,0.7474,0.7681,0.7697,0.7716","0.0194,0.0849,0.0226,0.0440,0.0545,0.0245,0.0409,0.0119,0.0518,0.0715,0.0773,0.1157,0.0574,0.0362,0.0591,0.0831,0.1189,0.1116,0.0920,0.1200"
0.2,0.0,bt_laplace_bald_k,0.8505926013377946,0.025252594783745922,30,30,0,0,60,0,60,"0.8899,0.8441,0.8167,0.7520,0.8085,0.8152,0.8272,0.8488,0.8386,0.8482,0.8846,0.8960,0.8736,0.8880,0.9062,0.8754,0.8336,0.8391,0.8322,0.8506","0.0350,0.0173,0.0470,0.0278,0.0048,0.0256,0.0405,0.0292,0.0063,0.0205,0.0270,0.0137,0.0182,0.0109,0.0192,0.0182,0.0326,0.0269,0.0109,0.0253"
0.2,0.0,bt_laplace_bald_random,0.8206721087970935,0.03422531600041813,25,35,0,0,60,0,0,"0.7958,0.7811,0.6507,0.7391,0.7320,0.7494,0.7370,0.7708,0.7443,0.7835,0.8008,0.8172,0.7739,0.7643,0.7244,0.7554,0.8629,0.7863,0.8618,0.8207","0.0193,0.0452,0.0761,0.0460,0.0727,0.0745,0.0874,0.0510,0.0603,0.1041,0.0821,0.0855,0.0909,0.0291,0.0993,0.0689,0.0321,0.0563,0.0411,0.0342"
0.2,0.0,bt_laplace_bald_left,0.8435666124786225,0.04017023169105545,35,25,0,0,60,0,0,"0.8584,0.8248,0.8235,0.8109,0.8110,0.8200,0.8072,0.8187,0.8184,0.8591,0.8082,0.8324,0.8074,0.7832,0.7698,0.8090,0.7971,0.8194,0.8315,0.8436","0.0514,0.0483,0.0488,0.0484,0.0518,0.0369,0.0327,0.0120,0.0167,0.0118,0.0204,0.0499,0.0334,0.0374,0.0304,0.0209,0.0261,0.0319,0.0486,0.0402"
0.2,0.2,multiframe,0.9039634797341956,0.06834496733883415,19,19,22,0,38,0,0,"0.6574,0.7029,0.9208,0.9431,0.9220,0.7811,0.9617,0.9414,0.9595,0.9779,0.9878,0.9903,0.9812,0.9911,0.9878,0.9937,0.9931,0.9946,0.9975,0.9040","0.1180,0.1319,0.0306,0.0361,0.0264,0.1525,0.0184,0.0326,0.0204,0.0070,0.0019,0.0018,0.0081,0.0048,0.0039,0.0029,0.0037,0.0020,0.0009,0.0683"
0.2,0.2,bt_laplace_bald,0.6194026735624508,0.10801771902704048,33,24,0,3,57,0,0,"0.7714,0.5977,0.5858,0.6880,0.7303,0.8316,0.8212,0.8342,0.8101,0.7328,0.7103,0.6803,0.6667,0.7043,0.6351,0.6088,0.6419,0.6035,0.6701,0.6194","0.0867,0.1485,0.1099,0.1334,0.0997,0.0647,0.0554,0.0083,0.0486,0.0493,0.0395,0.0742,0.0742,0.0859,0.0898,0.0768,0.0661,0.0958,0.0846,0.1080"
0.2,0.2,bt_laplace_bald_k,0.8897337313852871,0.018723034439668055,28,32,0,5,60,0,65,"0.7925,0.6903,0.7122,0.7357,0.7735,0.7982,0.8245,0.7966,0.8434,0.8593,0.8154,0.8635,0.9106,0.8884,0.9150,0.9034,0.8850,0.8755,0.8696,0.8897","0.0887,0.1193,0.0983,0.0378,0.0368,0.0441,0.0334,0.0702,0.0371,0.0612,0.0623,0.0608,0.0178,0.0190,0.0184,0.0226,0.0285,0.0181,0.0213,0.0187"
0.2,0.2,bt_laplace_bald_random,0.7641325465169655,0.12483921852219156,26,29,0,5,60,5,0,"0.7847,0.7471,0.6947,0.6311,0.6905,0.6571,0.7140,0.7593,0.6409,0.7059,0.7234,0.7823,0.7694,0.7321,0.7784,0.7568,0.7820,0.7865,0.8208,0.7641","0.0162,0.0230,0.0982,0.1331,0.1011,0.1405,0.1029,0.0578,0.1149,0.1152,0.1075,0.1134,0.0952,0.1283,0.1046,0.1195,0.1387,0.1186,0.1063,0.1248"
0.2,0.2,bt_laplace_bald_left,0.7986988034858192,0.0695477371005686,35,24,0,1,60,1,0,"0.7596,0.7253,0.7166,0.8325,0.7999,0.8160,0.7849,0.8000,0.7597,0.7519,0.7934,0.8403,0.8149,0.7592,0.7419,0.7231,0.7728,0.7322,0.7507,0.7987","0.0711,0.0540,0.0537,0.0369,0.0573,0.0394,0.0439,0.0213,0.0548,0.0793,0.0320,0.0434,0.0279,0.0571,0.0524,0.0890,0.0406,0.0836,0.1090,0.0695"
0.2,0.4,multiframe,0.9867112783161017,0.008016280890714652,21,17,21,1,38,0,0,"0.6940,0.7580,0.7589,0.9107,0.9131,0.8926,0.8483,0.9166,0.9436,0.8507,0.9693,0.9885,0.8970,0.9710,0.9317,0.9569,0.9736,0.9649,0.9912,0.9867","0.0958,0.0472,0.0885,0.0282,0.0114,0.0308,0.0453,0.0226,0.0105,0.0612,0.0131,0.0029,0.0041,0.0117,0.0311,0.0121,0.0065,0.0158,0.0006,0.0080"
0.2,0.4,bt_laplace_bald,0.7153920437584601,0.06813180491563346,28,27,0,5,55,0,0,"0.7464,0.5937,0.6570,0.6755,0.6674,0.8100,0.8016,0.8114,0.8252,0.7799,0.7570,0.7393,0.7091,0.6724,0.6692,0.7045,0.7378,0.6690,0.7720,0.7154","0.0759,0.1456,0.1548,0.1259,0.0636,0.0559,0.0416,0.0500,0.0220,0.0295,0.0406,0.0263,0.0587,0.0735,0.0933,0.0735,0.0599,0.0788,0.0309,0.0681"
0.2,0.4,bt_laplace_bald_k,0.867088516966196,0.02743073658738788,28,32,0,7,60,0,67,"0.7422,0.6219,0.7377,0.8238,0.7964,0.7661,0.8301,0.7626,0.7205,0.6968,0.6788,0.7403,0.7366,0.7684,0.7519,0.7547,0.7355,0.7730,0.8059,0.8671","0.0614,0.0915,0.0972,0.0779,0.0480,0.0291,0.0303,0.0616,0.0210,0.0546,0.0506,0.0539,0.0721,0.0612,0.0746,0.0921,0.1007,0.0803,0.0361,0.0274"
0.2,0.4,bt_laplace_bald_random,0.6238940439287536,0.07505652471213299,21,33,0,6,60,6,0,"0.7653,0.7617,0.7537,0.6608,0.6730,0.6174,0.6476,0.5984,0.5971,0.6211,0.6441,0.6483,0.7097,0.6354,0.6140,0.5571,0.6605,0.6091,0.6838,0.6239","0.0098,0.0299,0.1189,0.1484,0.0927,0.1318,0.0668,0.0501,0.1068,0.1069,0.0791,0.0842,0.0574,0.0576,0.0662,0.0496,0.0871,0.0494,0.0662,0.0751"
0.2,0.4,bt_laplace_bald_left,0.7633609587460256,0.04874650589178604,32,22,0,6,60,6,0,"0.7574,0.7351,0.7271,0.7420,0.7789,0.7629,0.7250,0.7720,0.7177,0.7112,0.7578,0.7794,0.7654,0.7242,0.7182,0.6734,0.7148,0.7057,0.7244,0.7634","0.0695,0.0613,0.0612,0.0371,0.0406,0.0162,0.0153,0.0102,0.0378,0.0656,0.0252,0.0461,0.0222,0.0490,0.0422,0.0725,0.0221,0.0679,0.0952,0.0487"
0.2,0.6,multiframe,0.9884697308816367,0.0053797785367306235,15,17,23,5,32,0,0,"0.8610,0.8169,0.8638,0.9164,0.8690,0.8144,0.8392,0.8860,0.8932,0.9406,0.9135,0.9759,0.9403,0.9876,0.9910,0.9818,0.9173,0.9765,0.9963,0.9885","0.0214,0.0654,0.0354,0.0299,0.0369,0.0564,0.0613,0.0559,0.0482,0.0309,0.0580,0.0090,0.0314,0.0038,0.0020,0.0072,0.0519,0.0168,0.0019,0.0054"
0.2,0.6,bt_laplace_bald,0.7827933759948787,0.015225223118563808,30,23,0,7,53,0,0,"0.6951,0.6427,0.6437,0.7075,0.6839,0.7457,0.7157,0.6544,0.7056,0.6925,0.6757,0.6520,0.6624,0.7245,0.6896,0.7124,0.6856,0.6671,0.7601,0.7828","0.0627,0.1494,0.1549,0.1347,0.0713,0.0477,0.0517,0.0254,0.0427,0.0448,0.0461,0.0416,0.0550,0.0650,0.0864,0.0520,0.0538,0.0673,0.0055,0.0152"
0.2,0.6,bt_laplace_bald_k,0.8292724997808149,0.039194539342539504,28,32,0,12,60,0,72,"0.7263,0.6406,0.7017,0.7166,0.7393,0.7216,0.7673,0.7089,0.7226,0.6568,0.6410,0.6594,0.7363,0.7246,0.7151,0.7493,0.7283,0.7350,0.7940,0.8293","0.0577,0.1019,0.0891,0.1173,0.0582,0.0407,0.0472,0.0287,0.0207,0.0349,0.0289,0.0260,0.0721,0.0593,0.0704,0.0907,0.0983,0.0744,0.0349,0.0392"
0.2,0.6,bt_laplace_bald_random,0.5437948829967018,0.028693799772384333,21,27,0,12,60,12,0,"0.7812,0.7972,0.8923,0.6109,0.6846,0.6077,0.7115,0.6689,0.6756,0.6543,0.6655,0.6370,0.7253,0.6771,0.6400,0.6314,0.5679,0.5613,0.5919,0.5438","0.0092,0.0080,0.0143,0.1376,0.0970,0.1210,0.0879,0.0886,0.1131,0.1061,0.0833,0.1055,0.0693,0.0769,0.0836,0.0764,0.0761,0.0261,0.0635,0.0287"
0.2,0.6,bt_laplace_bald_left,0.6938197938820067,0.061481689997192425,27,25,0,8,60,8,0,"0.7719,0.7618,0.7219,0.7379,0.7809,0.7080,0.6698,0.7360,0.6374,0.6394,0.6805,0.6720,0.6702,0.6171,0.6755,0.6576,0.7099,0.6618,0.6624,0.6938","0.0687,0.0621,0.0616,0.0354,0.0402,0.0287,0.0298,0.0193,0.0433,0.0446,0.0388,0.0422,0.0571,0.0518,0.0340,0.0632,0.0181,0.0654,0.0895,0.0615"
0.2,0.8,multiframe,0.9889226207389558,0.0059715327050754476,14,17,27,2,31,0,0,"0.8754,0.8852,0.8767,0.9605,0.8913,0.9008,0.9197,0.9732,0.9757,0.9924,0.9729,0.9832,0.9461,0.9796,0.9900,0.9905,0.9924,0.9961,0.9887,0.9889","0.0193,0.0399,0.0432,0.0181,0.0450,0.0400,0.0439,0.0084,0.0149,0.0021,0.0003,0.0034,0.0204,0.0064,0.0059,0.0031,0.0007,0.0004,0.0055,0.0060"
0.2,0.8,bt_laplace_bald,0.6145222529730674,0.05712930524389516,29,18,1,12,47,0,0,"0.7183,0.7682,0.6980,0.7407,0.5945,0.6251,0.5660,0.5886,0.6315,0.6625,0.6594,0.6486,0.6514,0.6539,0.6827,0.6496,0.6395,0.6244,0.6210,0.6145","0.0471,0.0592,0.1196,0.0694,0.0779,0.1182,0.1085,0.0493,0.0846,0.0799,0.0682,0.0470,0.0526,0.0660,0.0689,0.0795,0.0729,0.0745,0.0620,0.0571"
0.2,0.8,bt_laplace_bald_k,0.6737548674018008,0.05501475483165668,27,33,0,23,60,0,83,"0.7808,0.7421,0.8107,0.7516,0.8192,0.7259,0.7257,0.6982,0.6547,0.6345,0.6665,0.6479,0.6351,0.6189,0.6712,0.6650,0.7173,0.7000,0.7216,0.6738","0.0216,0.0318,0.0354,0.1048,0.0679,0.0634,0.0748,0.0172,0.0381,0.0408,0.0480,0.0730,0.0519,0.0586,0.0747,0.1064,0.0700,0.0672,0.0511,0.0550"
0.2,0.8,bt_laplace_bald_random,0.510425087193815,0.04275969066017342,22,24,0,14,60,14,0,"0.7747,0.7645,0.6266,0.6143,0.6738,0.7042,0.6867,0.6686,0.7538,0.7234,0.7238,0.6000,0.5769,0.6176,0.6413,0.6437,0.5870,0.6236,0.5919,0.5104","0.0267,0.0468,0.0768,0.0218,0.0286,0.0633,0.0455,0.0931,0.0713,0.0683,0.0397,0.0428,0.0775,0.1002,0.0489,0.0543,0.0624,0.0070,0.0135,0.0428"
0.2,0.8,bt_laplace_bald_left,0.6784899898656582,0.059185232291127744,25,23,1,11,60,12,0,"0.7450,0.7856,0.6547,0.6860,0.8136,0.7425,0.7473,0.7161,0.6042,0.6335,0.5694,0.5881,0.5817,0.5926,0.5902,0.6735,0.6852,0.6711,0.6544,0.6785","0.0886,0.0440,0.1102,0.0373,0.0271,0.0442,0.0666,0.0405,0.0689,0.0940,0.0753,0.0639,0.0345,0.0587,0.0741,0.0444,0.0414,0.0642,0.0667,0.0592"
0.4,0.0,multiframe,0.9991987952319391,0.0003879193366514754,18,17,25,0,35,0,0,"0.9568,0.9128,0.9556,0.9421,0.9482,0.9729,0.9822,0.9920,0.9855,0.9634,0.9849,0.9786,0.9853,0.9942,0.9404,0.9958,0.9693,0.9842,0.9801,0.9992","0.0019,0.0418,0.0253,0.0271,0.0285,0.0077,0.0062,0.0015,0.0029,0.0206,0.0041,0.0133,0.0074,0.0012,0.0382,0.0015,0.0198,0.0044,0.0086,0.0004"
0.4,0.0,bt_laplace_bald,0.7768263901581501,0.024471096060276393,24,26,10,0,50,0,0,"0.7981,0.7827,0.6682,0.6997,0.6973,0.7317,0.7222,0.6769,0.7213,0.7413,0.7364,0.7336,0.7330,0.7382,0.7700,0.7729,0.8151,0.8047,0.7820,0.7768","0.0341,0.0495,0.0369,0.0222,0.0585,0.0331,0.0602,0.0913,0.0997,0.0349,0.0398,0.0649,0.0650,0.0284,0.0217,0.0308,0.0333,0.0534,0.0117,0.0245"
0.4,0.0,bt_laplace_bald_k,0.6810786920075188,0.10334370374446315,32,28,8,0,60,0,68,"0.7551,0.7587,0.6670,0.7657,0.7571,0.7704,0.7947,0.7765,0.8067,0.8426,0.8396,0.8095,0.8436,0.8238,0.7946,0.7968,0.7547,0.7584,0.7407,0.6811","0.0628,0.0528,0.0387,0.0471,0.0982,0.0825,0.0620,0.0801,0.0881,0.0268,0.0462,0.0349,0.0469,0.0545,0.0324,0.0538,0.0798,0.0470,0.0655,0.1033"
0.4,0.0,bt_laplace_bald_random,0.7710193894829288,0.01342468850454524,30,22,8,0,60,8,0,"0.7961,0.7383,0.7679,0.7665,0.7875,0.7730,0.7903,0.7806,0.7878,0.7494,0.7400,0.7896,0.7199,0.6831,0.7508,0.7573,0.6986,0.7511,0.7744,0.7710","0.0162,0.0189,0.0796,0.0720,0.0564,0.0313,0.0634,0.0267,0.0308,0.0458,0.0336,0.0252,0.0143,0.0240,0.0518,0.0617,0.0606,0.0309,0.0543,0.0134"
0.4,0.0,bt_laplace_bald_left,0.7492308802706974,0.06067728133592716,24,29,7,0,60,7,0,"0.8222,0.8603,0.7379,0.7240,0.8282,0.7236,0.7497,0.7495,0.7719,0.7035,0.7964,0.7332,0.7448,0.7407,0.8396,0.7685,0.7975,0.7622,0.8145,0.7492","0.0584,0.0184,0.0088,0.0496,0.0095,0.0441,0.0416,0.0166,0.0661,0.0442,0.0512,0.0906,0.0619,0.0678,0.0230,0.0425,0.0484,0.0465,0.0234,0.0607"
0.4,0.2,multiframe,0.9587620273212553,0.015788348867514863,14,8,36,2,22,0,0,"0.9075,0.8463,0.8763,0.9392,0.9339,0.9577,0.9768,0.9823,0.9732,0.9769,0.9684,0.9871,0.9833,0.9218,0.9889,0.9656,0.9899,0.9564,0.9859,0.9588","0.0158,0.0621,0.0754,0.0278,0.0228,0.0131,0.0059,0.0079,0.0041,0.0050,0.0206,0.0018,0.0051,0.0617,0.0036,0.0198,0.0032,0.0305,0.0055,0.0158"
0.4,0.2,bt_laplace_bald,0.7129258735988224,0.05945498549683916,28,22,7,3,50,0,0,"0.7689,0.7589,0.6677,0.7021,0.7010,0.7457,0.7216,0.7028,0.7486,0.7283,0.7793,0.8043,0.7604,0.7657,0.7679,0.6782,0.7810,0.6949,0.6916,0.7129","0.0128,0.0437,0.0368,0.0227,0.0611,0.0330,0.0509,0.0333,0.0490,0.0349,0.0702,0.0414,0.0558,0.0233,0.0277,0.0566,0.0433,0.0550,0.0947,0.0595"
0.4,0.2,bt_laplace_bald_k,0.670909689360049,0.1017933511927547,35,25,8,4,60,0,72,"0.7828,0.7680,0.6249,0.6663,0.7533,0.7579,0.7301,0.7362,0.7395,0.7332,0.7133,0.6915,0.7629,0.7836,0.7231,0.7861,0.7025,0.7453,0.6753,0.6709","0.0443,0.0464,0.0711,0.1191,0.1011,0.0913,0.1128,0.1106,0.1417,0.1159,0.1375,0.1262,0.1074,0.1153,0.1106,0.0744,0.0954,0.0817,0.0775,0.1018"
0.4,0.2,bt_laplace_bald_random,0.7366444020739742,0.02591699269722602,25,18,15,2,60,17,0,"0.7421,0.7091,0.6460,0.7151,0.7520,0.7385,0.7536,0.7937,0.7676,0.7530,0.7862,0.8286,0.7745,0.7457,0.7313,0.8007,0.7793,0.7518,0.7756,0.7366","0.0566,0.0289,0.0514,0.0371,0.0293,0.0037,0.0177,0.0144,0.0477,0.0329,0.0325,0.0405,0.0099,0.0223,0.0596,0.0484,0.0296,0.0300,0.0173,0.0259"
0.4,0.2,bt_laplace_bald_left,0.7346105133065114,0.04866758465746318,24,24,5,7,60,12,0,"0.8095,0.8212,0.6728,0.6495,0.7360,0.6849,0.6680,0.6918,0.6996,0.7497,0.7051,0.7147,0.7717,0.7394,0.7123,0.6652,0.6795,0.6687,0.6760,0.7346","0.0594,0.0225,0.0351,0.0324,0.0742,0.0629,0.0704,0.0743,0.0870,0.0524,0.0648,0.0670,0.0521,0.0674,0.0639,0.0685,0.0723,0.0629,0.0218,0.0487"
0.4,0.4,multiframe,0.9969784855379289,0.0003156105469912663,14,15,30,1,29,0,0,"0.8616,0.7711,0.9412,0.9473,0.9613,0.9025,0.9660,0.9760,0.9732,0.9815,0.9880,0.9878,0.9619,0.9944,0.9865,0.9955,0.9922,0.9944,0.9884,0.9970","0.0284,0.0498,0.0185,0.0260,0.0196,0.0481,0.0112,0.0077,0.0089,0.0041,0.0033,0.0012,0.0251,0.0013,0.0070,0.0005,0.0008,0.0015,0.0039,0.0003"
0.4,0.4,bt_laplace_bald,0.683866817864279,0.055262310812214825,23,25,8,4,48,0,0,"0.7524,0.7941,0.7281,0.7520,0.8111,0.8152,0.6636,0.7035,0.6970,0.6977,0.7110,0.7234,0.6913,0.6938,0.6939,0.6123,0.7034,0.6355,0.6262,0.6839","0.0159,0.0211,0.0151,0.0194,0.0329,0.0261,0.0387,0.0338,0.0100,0.0103,0.0721,0.0506,0.0228,0.0400,0.0364,0.0176,0.0688,0.0233,0.0695,0.0553"
0.4,0.4,bt_laplace_bald_k,0.8378746509361484,0.08971416949369393,26,34,7,10,60,0,77,"0.7583,0.7521,0.6516,0.6502,0.7990,0.7635,0.6986,0.7917,0.7613,0.7609,0.7617,0.7439,0.7976,0.7977,0.7787,0.8316,0.8164,0.8418,0.8195,0.8379","0.0258,0.0350,0.0877,0.1099,0.1150,0.0915,0.1075,0.1273,0.1488,0.1283,0.1526,0.1461,0.1180,0.1189,0.1288,0.0839,0.0947,0.0996,0.0996,0.0897"
0.4,0.4,bt_laplace_bald_random,0.8347777618711993,0.04623584016603308,25,18,11,6,60,17,0,"0.7062,0.6740,0.6476,0.7043,0.7645,0.6705,0.6731,0.7344,0.7252,0.7587,0.7707,0.7285,0.6866,0.6680,0.6874,0.7528,0.8093,0.7639,0.7394,0.8348","0.0430,0.0097,0.0527,0.0352,0.0212,0.0589,0.0821,0.0574,0.0698,0.0288,0.0431,0.0723,0.0730,0.0824,0.0773,0.0625,0.0411,0.0754,0.0193,0.0462"
0.4,0.4,bt_laplace_bald_left,0.8067925387229242,0.07315231021937844,14,29,6,11,60,17,0,"0.7121,0.8234,0.7345,0.6976,0.6250,0.6848,0.7000,0.6513,0.6276,0.6861,0.6956,0.6671,0.8045,0.7855,0.7517,0.7234,0.7707,0.7973,0.7881,0.8068","0.0310,0.0242,0.0679,0.0471,0.0455,0.0573,0.0547,0.0448,0.0265,0.0152,0.0401,0.0268,0.0473,0.0664,0.0692,0.1073,0.0894,0.0751,0.0805,0.0732"
0.4,0.6,multiframe,0.9848695320865678,0.0093472297053235,15,15,27,3,30,0,0,"0.8748,0.8394,0.9602,0.9862,0.9806,0.9307,0.9728,0.9848,0.9110,0.9895,0.9402,0.9488,0.9893,0.9902,0.9861,0.9821,0.9859,0.9932,0.9881,0.9849","0.0150,0.0551,0.0074,0.0046,0.0041,0.0298,0.0110,0.0057,0.0381,0.0041,0.0434,0.0306,0.0026,0.0022,0.0046,0.0032,0.0042,0.0024,0.0031,0.0093"
0.4,0.6,bt_laplace_bald,0.8652993422946659,0.07976119146510911,26,23,6,5,49,0,0,"0.7572,0.7488,0.7205,0.7409,0.8257,0.7910,0.7009,0.7716,0.7395,0.7768,0.8065,0.7727,0.8189,0.8042,0.8353,0.7972,0.8278,0.8343,0.8875,0.8653","0.0150,0.0159,0.0164,0.0234,0.0244,0.0358,0.0687,0.0500,0.0248,0.0630,0.0694,0.0597,0.0573,0.0835,0.0927,0.0800,0.1050,0.0800,0.0603,0.0798"
0.4,0.6,bt_laplace_bald_k,0.6830415057109714,0.11227612088232927,26,34,18,16,60,0,94,"0.6964,0.7061,0.6454,0.5808,0.6755,0.6266,0.6275,0.7051,0.6724,0.6978,0.6742,0.6850,0.6788,0.6769,0.6868,0.7097,0.7152,0.7266,0.6832,0.6830","0.0565,0.0495,0.0874,0.1066,0.1097,0.0626,0.0688,0.1124,0.1245,0.1186,0.1317,0.1315,0.1074,0.0972,0.1060,0.0815,0.0802,0.0944,0.1117,0.1123"
0.4,0.6,bt_laplace_bald_random,0.7419733593858702,0.08246555778937738,21,20,12,7,60,19,0,"0.7510,0.7592,0.7342,0.8050,0.7693,0.7438,0.7354,0.7666,0.7538,0.6990,0.6789,0.7070,0.7074,0.7308,0.7766,0.8367,0.8085,0.7741,0.6626,0.7420","0.0608,0.0582,0.0866,0.0705,0.0194,0.0848,0.0929,0.0787,0.0777,0.0510,0.0930,0.0858,0.0211,0.0462,0.0380,0.0260,0.0427,0.0654,0.0493,0.0825"
0.4,0.6,bt_laplace_bald_left,0.6943895154331522,0.050424302610145445,17,26,7,10,60,17,0,"0.7148,0.7683,0.7562,0.6717,0.6537,0.6461,0.6357,0.6310,0.7217,0.7304,0.6636,0.5789,0.7561,0.8189,0.7036,0.6342,0.6069,0.6572,0.7120,0.6944","0.0307,0.0534,0.0702,0.0567,0.0427,0.0515,0.0299,0.0588,0.0665,0.0298,0.0387,0.0229,0.0146,0.0439,0.0135,0.0613,0.0525,0.0370,0.0208,0.0504"
0.4,0.8,multiframe,0.9787527709021825,0.010500720407094122,8,11,34,7,19,0,0,"0.8548,0.9389,0.9650,0.9353,0.9710,0.9264,0.9297,0.9837,0.8433,0.9893,0.9763,0.9838,0.9879,0.9649,0.9870,0.9934,0.9807,0.9828,0.9410,0.9788","0.0232,0.0227,0.0117,0.0094,0.0051,0.0151,0.0291,0.0006,0.1199,0.0048,0.0110,0.0083,0.0067,0.0217,0.0046,0.0006,0.0123,0.0110,0.0401,0.0105"
0.4,0.8,bt_laplace_bald,0.7715835793764757,0.06461947646229908,24,17,9,10,41,0,0,"0.7925,0.7885,0.8224,0.7690,0.8439,0.7809,0.7409,0.7325,0.8086,0.8285,0.7481,0.7323,0.7616,0.7405,0.7487,0.7810,0.7586,0.7613,0.7542,0.7716","0.0430,0.0430,0.0369,0.0124,0.0327,0.0507,0.0441,0.0385,0.0497,0.0518,0.0670,0.0726,0.0718,0.0808,0.0825,0.0688,0.0772,0.0928,0.0536,0.0646"
0.4,0.8,bt_laplace_bald_k,0.7114030279613357,0.1019561996326425,29,31,11,11,60,0,82,"0.7571,0.7730,0.7782,0.7376,0.8242,0.7211,0.7326,0.8371,0.7882,0.7339,0.7472,0.7583,0.7378,0.7367,0.7859,0.7453,0.7246,0.7143,0.7231,0.7114","0.0770,0.0636,0.0514,0.0861,0.1054,0.0761,0.0181,0.0666,0.0607,0.0923,0.0813,0.0740,0.0838,0.0707,0.0624,0.0670,0.0748,0.0992,0.0965,0.1020"
0.4,0.8,bt_laplace_bald_random,0.6863952076274061,0.06494581838304674,22,23,8,7,60,15,0,"0.8550,0.8583,0.8450,0.7748,0.8044,0.7970,0.7726,0.8084,0.7648,0.7337,0.7067,0.7224,0.7570,0.7097,0.7491,0.7326,0.7143,0.6793,0.6964,0.6864","0.0298,0.0554,0.0592,0.0786,0.0475,0.0957,0.1043,0.0875,0.0841,0.0789,0.1120,0.0963,0.0611,0.0344,0.0158,0.0539,0.0554,0.0763,0.0780,0.0649"
0.4,0.8,bt_laplace_bald_left,0.6683465188368359,0.052741727003064454,18,25,10,7,60,17,0,"0.7622,0.8175,0.7960,0.7367,0.7201,0.7076,0.6586,0.6563,0.6606,0.6945,0.6790,0.6386,0.7450,0.8173,0.7113,0.7636,0.6344,0.7046,0.6635,0.6683","0.0680,0.0686,0.0398,0.0608,0.0213,0.0319,0.0163,0.0645,0.0434,0.0654,0.0473,0.0459,0.0864,0.0611,0.0597,0.0329,0.0351,0.0102,0.0400,0.0527"
0.6,0.0,multiframe,0.9894548072481107,0.004099093349854787,10,11,39,0,21,0,0,"0.8717,0.7442,0.8515,0.8380,0.8907,0.9433,0.9821,0.9038,0.9127,0.9319,0.9125,0.8806,0.9788,0.9958,0.9399,0.9599,0.9672,0.9830,0.9906,0.9895","0.0205,0.0958,0.0398,0.0670,0.0389,0.0335,0.0110,0.0378,0.0447,0.0248,0.0686,0.0927,0.0100,0.0012,0.0396,0.0300,0.0220,0.0086,0.0051,0.0041"
0.6,0.0,bt_laplace_bald,0.7137808025475737,0.0630527639632475,11,8,41,0,19,0,0,"0.8435,0.8080,0.8328,0.7206,0.6233,0.6243,0.6338,0.6637,0.6390,0.6242,0.6592,0.5950,0.6076,0.5939,0.6121,0.6514,0.6784,0.6845,0.7007,0.7138","0.0671,0.0748,0.0270,0.0947,0.0757,0.0862,0.0660,0.0623,0.0823,0.0803,0.0851,0.0554,0.0319,0.0423,0.0539,0.0493,0.0457,0.0668,0.0697,0.0631"
0.6,0.0,bt_laplace_bald_k,0.60790036086379,0.03678965640358801,29,31,143,0,60,0,203,"0.8302,0.7690,0.7766,0.6963,0.7081,0.7381,0.7682,0.7315,0.7440,0.6954,0.7041,0.7102,0.7230,0.7154,0.7083,0.7313,0.6721,0.6856,0.6345,0.6079","0.0520,0.0804,0.0983,0.0629,0.0290,0.0252,0.0390,0.0329,0.0684,0.0793,0.0935,0.0890,0.0853,0.0907,0.0561,0.0734,0.0829,0.0637,0.0487,0.0368"
0.6,0.0,bt_laplace_bald_random,0.9298181231584532,0.014211018237111949,16,7,37,0,60,37,0,"0.7741,0.7885,0.7812,0.6937,0.7174,0.7192,0.7317,0.6934,0.7703,0.7680,0.7804,0.7298,0.7587,0.7652,0.7535,0.8207,0.8998,0.9183,0.9295,0.9298","0.0660,0.0519,0.0339,0.0766,0.0890,0.1123,0.1144,0.0906,0.0836,0.0876,0.0613,0.0824,0.0513,0.0902,0.0946,0.0554,0.0256,0.0102,0.0104,0.0142"
0.6,0.0,bt_laplace_bald_left,0.820906077094187,0.0817893522745991,4,11,45,0,60,45,0,"0.7944,0.7678,0.7123,0.6910,0.7362,0.8100,0.8422,0.8901,0.8796,0.8760,0.9029,0.9215,0.9018,0.8853,0.8838,0.9122,0.8875,0.8792,0.8212,0.8209","0.0682,0.0630,0.0823,0.0639,0.0971,0.0690,0.0802,0.0422,0.0486,0.0603,0.0284,0.0028,0.0239,0.0363,0.0214,0.0049,0.0275,0.0608,0.0944,0.0818"
0.6,0.2,multiframe,0.9806163232281487,0.013580160405967571,13,15,28,4,28,0,0,"0.7304,0.7349,0.8797,0.7829,0.8931,0.9267,0.9670,0.9798,0.9780,0.9598,0.9793,0.9855,0.9817,0.9922,0.9935,0.9904,0.9885,0.9921,0.9948,0.9806","0.0781,0.1298,0.0376,0.1007,0.0494,0.0484,0.0191,0.0086,0.0061,0.0111,0.0082,0.0067,0.0068,0.0017,0.0015,0.0045,0.0034,0.0030,0.0019,0.0136"
0.6,0.2,bt_laplace_bald,0.5074905144698515,0.02860721792688714,8,10,41,1,18,0,0,"0.7485,0.7314,0.7114,0.6895,0.6319,0.6906,0.6655,0.6447,0.5373,0.4825,0.4735,0.4692,0.4844,0.4965,0.4511,0.4867,0.4889,0.4771,0.5029,0.5075","0.0570,0.0623,0.0573,0.0915,0.0377,0.0594,0.0478,0.0575,0.0193,0.0343,0.0707,0.0551,0.0477,0.0487,0.0492,0.0339,0.0441,0.0258,0.0219,0.0286"
0.6,0.2,bt_laplace_bald_k,0.68013846281015,0.08146869605685873,27,33,129,6,60,0,195,"0.7276,0.7361,0.7573,0.6951,0.7317,0.6966,0.7137,0.6219,0.6739,0.6418,0.5883,0.6295,0.5780,0.5750,0.6260,0.6317,0.5673,0.7086,0.6623,0.6801","0.0422,0.0447,0.0494,0.0312,0.0186,0.0319,0.0202,0.0440,0.0393,0.0753,0.0554,0.0631,0.0787,0.0473,0.0474,0.0597,0.0521,0.0743,0.0630,0.0815"
0.6,0.2,bt_laplace_bald_random,0.6689766955756288,0.09355047336484013,14,6,38,2,60,40,0,"0.7204,0.7503,0.7653,0.7404,0.6731,0.7294,0.6624,0.5898,0.7159,0.5649,0.5684,0.6542,0.6262,0.6059,0.6947,0.6787,0.7003,0.7109,0.7561,0.6690","0.0566,0.0635,0.0260,0.0224,0.0577,0.0997,0.0810,0.0638,0.0265,0.0365,0.0320,0.0554,0.0506,0.0744,0.0748,0.0325,0.1029,0.1242,0.0756,0.0936"
0.6,0.2,bt_laplace_bald_left,0.7690044322747897,0.08318649317905269,8,10,39,3,60,42,0,"0.6916,0.7124,0.5651,0.5776,0.6552,0.7264,0.7315,0.7708,0.7774,0.8150,0.8028,0.8229,0.8463,0.8030,0.8325,0.8868,0.8801,0.8508,0.8342,0.7690","0.0628,0.0294,0.0381,0.0336,0.0610,0.0294,0.0696,0.0755,0.0710,0.0579,0.0773,0.0789,0.0346,0.0434,0.0215,0.0164,0.0275,0.0572,0.0981,0.0832"
0.6,0.4,multiframe,0.9811077011357302,0.012451524729780216,8,15,33,4,23,0,0,"0.7457,0.9272,0.8388,0.8275,0.8959,0.7192,0.9193,0.9363,0.9383,0.9774,0.9849,0.9788,0.9848,0.9824,0.9789,0.9851,0.9925,0.9852,0.9935,0.9811","0.0791,0.0291,0.0937,0.0855,0.0688,0.1862,0.0183,0.0233,0.0191,0.0056,0.0037,0.0076,0.0105,0.0065,0.0078,0.0109,0.0054,0.0089,0.0010,0.0125"
0.6,0.4,bt_laplace_bald,0.5900370426841876,0.07708875854229275,9,8,41,2,17,0,0,"0.7805,0.7683,0.7164,0.6998,0.6404,0.6655,0.6764,0.7109,0.5824,0.6055,0.5949,0.5910,0.6314,0.6036,0.5831,0.5691,0.5653,0.5424,0.5682,0.5900","0.0506,0.0682,0.0590,0.0935,0.0443,0.0477,0.0546,0.0488,0.0483,0.0894,0.1323,0.1068,0.0723,0.0793,0.0972,0.0726,0.0801,0.0534,0.0540,0.0771"
0.6,0.4,bt_laplace_bald_k,0.6649855848880536,0.08361963990046756,28,32,128,8,60,0,196,"0.7609,0.7749,0.7993,0.7290,0.7472,0.7462,0.7613,0.6540,0.6642,0.6294,0.5869,0.6074,0.6642,0.6082,0.6484,0.6606,0.5933,0.6904,0.6722,0.6650","0.0451,0.0473,0.0504,0.0453,0.0236,0.0365,0.0535,0.0629,0.0316,0.0652,0.0543,0.0467,0.0565,0.0369,0.0390,0.0481,0.0496,0.0751,0.0596,0.0836"
0.6,0.4,bt_laplace_bald_random,0.7452286064098458,0.07172449956018209,16,6,35,3,60,38,0,"0.7724,0.8108,0.7977,0.7251,0.7789,0.8469,0.7949,0.7107,0.7784,0.6931,0.6887,0.7772,0.7748,0.6532,0.7108,0.7040,0.7699,0.7828,0.7996,0.7452","0.0357,0.0402,0.0066,0.0345,0.0455,0.0199,0.0304,0.0839,0.0295,0.0765,0.0774,0.0447,0.0371,0.0517,0.0493,0.0454,0.0617,0.0623,0.0436,0.0717"
0.6,0.4,bt_laplace_bald_left,0.6678325724114355,0.09913243150955643,10,7,36,7,60,43,0,"0.7342,0.7314,0.5818,0.6978,0.7374,0.7504,0.8024,0.7714,0.8903,0.8758,0.8810,0.8361,0.8304,0.8205,0.7833,0.8247,0.8309,0.7583,0.6990,0.6678","0.0587,0.0406,0.0470,0.1060,0.0915,0.0410,0.0641,0.0483,0.0188,0.0431,0.0291,0.0575,0.0604,0.0239,0.0735,0.0744,0.0655,0.0869,0.1176,0.0991"
0.6,0.6,multiframe,0.9964354773875185,0.00041961901895084023,11,10,32,7,21,0,0,"0.7705,0.8825,0.8817,0.9246,0.9286,0.9650,0.9583,0.9406,0.9571,0.9886,0.9773,0.9809,0.9696,0.9549,0.9668,0.9811,0.9944,0.9918,0.9943,0.9964","0.0857,0.0329,0.0109,0.0145,0.0168,0.0095,0.0243,0.0144,0.0219,0.0015,0.0055,0.0118,0.0050,0.0193,0.0249,0.0119,0.0030,0.0048,0.0028,0.0004"
0.6,0.6,bt_laplace_bald,0.6102503183573725,0.07220215971303777,7,7,43,3,14,0,0,"0.7414,0.7254,0.6863,0.6452,0.6494,0.6718,0.7196,0.7411,0.5793,0.6584,0.6035,0.5851,0.6507,0.5826,0.6115,0.6029,0.5945,0.6025,0.5910,0.6103","0.0279,0.0555,0.0498,0.0703,0.0395,0.0426,0.0262,0.0246,0.0488,0.0921,0.1327,0.1068,0.0658,0.0801,0.0988,0.0766,0.0848,0.0712,0.0551,0.0722"
0.6,0.6,bt_laplace_bald_k,0.7145202851560496,0.08833854428594645,31,29,125,13,60,0,198,"0.7268,0.7239,0.7237,0.7155,0.7164,0.7243,0.7481,0.6673,0.6765,0.6978,0.6321,0.6749,0.6997,0.6969,0.6921,0.6757,0.6800,0.7079,0.7045,0.7145","0.0365,0.0409,0.0499,0.0442,0.0275,0.0351,0.0568,0.0647,0.0304,0.0576,0.0413,0.0289,0.0296,0.0467,0.0293,0.0408,0.0331,0.0645,0.0772,0.0883"
0.6,0.6,bt_laplace_bald_random,0.7461083637198594,0.08692085271327891,12,9,35,4,60,39,0,"0.7775,0.7676,0.7976,0.7634,0.8529,0.8319,0.8771,0.9140,0.8937,0.8978,0.8947,0.8821,0.9051,0.8295,0.8220,0.7667,0.8037,0.7879,0.7899,0.7461","0.0394,0.0202,0.0066,0.0599,0.0127,0.0178,0.0057,0.0186,0.0287,0.0172,0.0085,0.0188,0.0328,0.0470,0.0573,0.0961,0.1155,0.1197,0.0821,0.0869"
0.6,0.6,bt_laplace_bald_left,0.7446046835978414,0.1085479407884197,12,8,34,6,60,40,0,"0.6972,0.7256,0.5383,0.6870,0.7674,0.7189,0.8128,0.7114,0.8399,0.8138,0.7985,0.8295,0.8310,0.8399,0.8156,0.8389,0.8559,0.8135,0.7632,0.7446","0.0405,0.0449,0.0527,0.1081,0.0673,0.0631,0.0559,0.0634,0.0227,0.0336,0.0409,0.0546,0.0607,0.0247,0.0865,0.0801,0.0679,0.0929,0.1102,0.1085"
0.6,0.8,multiframe,0.9396511679516432,0.029855179260431765,11,10,33,6,21,0,0,"0.8689,0.9016,0.8780,0.8201,0.8502,0.8962,0.9612,0.8575,0.8966,0.9280,0.9633,0.9609,0.9636,0.9508,0.9107,0.9841,0.9808,0.9861,0.9674,0.9397","0.0083,0.0488,0.0163,0.0561,0.0639,0.0403,0.0108,0.0527,0.0703,0.0368,0.0165,0.0261,0.0079,0.0276,0.0379,0.0033,0.0140,0.0065,0.0121,0.0299"
0.6,0.8,bt_laplace_bald,0.7033425770529811,0.0237077707233831,8,6,41,5,14,0,0,"0.7638,0.7585,0.7762,0.7547,0.6613,0.6338,0.6989,0.6968,0.6171,0.7413,0.7410,0.7066,0.7050,0.6679,0.7353,0.6786,0.7235,0.6948,0.6903,0.7033","0.0099,0.0329,0.0320,0.0264,0.0369,0.0353,0.0367,0.0254,0.0329,0.0301,0.0574,0.0569,0.0492,0.0508,0.0336,0.0199,0.0269,0.0153,0.0326,0.0237"
0.6,0.8,bt_laplace_bald_k,0.6051546276821682,0.004025997707472252,31,29,183,12,60,0,255,"0.8056,0.7124,0.6997,0.7230,0.7091,0.7581,0.7668,0.7423,0.7186,0.7616,0.7049,0.7220,0.6222,0.6305,0.6034,0.6528,0.6659,0.6304,0.6104,0.6052","0.0385,0.0475,0.0602,0.0391,0.0303,0.0227,0.0491,0.0176,0.0159,0.0111,0.0299,0.0096,0.0398,0.0738,0.0566,0.0221,0.0333,0.0148,0.0043,0.0040"
0.6,0.8,bt_laplace_bald_random,0.7874604562675699,0.1054149453074814,15,6,36,3,60,39,0,"0.7859,0.8406,0.7311,0.7641,0.7617,0.7322,0.9008,0.9186,0.8899,0.8233,0.8951,0.8967,0.9033,0.8256,0.8144,0.7690,0.7977,0.7881,0.8046,0.7875","0.0341,0.0436,0.0494,0.0599,0.0684,0.0987,0.0238,0.0207,0.0257,0.0436,0.0086,0.0307,0.0313,0.0438,0.0516,0.0976,0.1127,0.1198,0.0906,0.1054"
0.6,0.8,bt_laplace_bald_left,0.6511011813508158,0.0795105073139008,7,6,42,5,60,47,0,"0.7589,0.7635,0.5848,0.7508,0.7552,0.7240,0.7949,0.7685,0.7360,0.7847,0.7936,0.8712,0.8376,0.7562,0.6951,0.7182,0.6888,0.7053,0.7023,0.6511","0.0121,0.0580,0.0466,0.0812,0.0498,0.0491,0.0330,0.0389,0.0628,0.0539,0.0315,0.0435,0.0535,0.0136,0.0376,0.0321,0.0047,0.0482,0.0988,0.0795"
0.8,0.0,multiframe,0.7267740930392169,0.10539653170728931,0,0,60,0,0,0,0,"0.7455,0.8238,0.7437,0.8650,0.7920,0.7876,0.7781,0.7948,0.8069,0.7978,0.7572,0.7680,0.7819,0.7528,0.7927,0.7203,0.7183,0.7588,0.7211,0.7268","0.0609,0.0651,0.0808,0.0148,0.0692,0.0723,0.0756,0.0429,0.0430,0.0933,0.0932,0.0906,0.0888,0.0583,0.0463,0.1050,0.0682,0.0910,0.0691,0.1054"
0.8,0.0,bt_laplace_bald,0.8007357215998044,0.06706470157270115,0,0,60,0,0,0,0,"0.8015,0.8166,0.7948,0.8131,0.8000,0.7944,0.8097,0.7839,0.8119,0.7866,0.8147,0.8047,0.7927,0.8165,0.8019,0.7917,0.8169,0.7983,0.8050,0.8007","0.0641,0.0633,0.0712,0.0533,0.0585,0.0658,0.0736,0.0767,0.0571,0.0754,0.0636,0.0615,0.0666,0.0645,0.0667,0.0800,0.0658,0.0758,0.0686,0.0671"
0.8,0.0,bt_laplace_bald_k,0.796951301897189,0.0632588457853155,7,8,1485,0,15,0,1500,"0.7926,0.8135,0.7997,0.8031,0.8164,0.8190,0.7939,0.8063,0.7975,0.7929,0.7787,0.7995,0.8012,0.8214,0.8014,0.7979,0.8051,0.8048,0.7995,0.7970","0.0587,0.0527,0.0672,0.0682,0.0612,0.0654,0.0725,0.0658,0.0636,0.0685,0.0703,0.0633,0.0594,0.0560,0.0665,0.0541,0.0697,0.0633,0.0734,0.0633"
0.8,0.0,bt_laplace_bald_random,0.6803907247250415,0.08930225492250611,0,0,60,0,60,60,0,"0.7655,0.8872,0.8742,0.8704,0.7508,0.6369,0.6318,0.6873,0.7172,0.7103,0.6544,0.6975,0.6806,0.7177,0.7006,0.7142,0.6307,0.7274,0.7174,0.6804","0.0704,0.0368,0.0814,0.0121,0.0757,0.0832,0.0475,0.0772,0.0935,0.0977,0.1016,0.0900,0.0894,0.0879,0.0557,0.0684,0.0553,0.0779,0.0771,0.0893"
0.8,0.0,bt_laplace_bald_left,0.7634204617241803,0.07204995215591464,0,0,60,0,60,60,0,"0.7835,0.7102,0.7708,0.6997,0.8269,0.7940,0.8092,0.7770,0.7608,0.8287,0.7730,0.7430,0.7655,0.7901,0.8324,0.7654,0.7191,0.8141,0.7448,0.7634","0.0484,0.0583,0.0388,0.0242,0.0353,0.1021,0.0894,0.0616,0.0835,0.0705,0.0138,0.1027,0.0686,0.0703,0.0331,0.0728,0.1196,0.0746,0.1093,0.0720"
0.8,0.2,multiframe,0.7241127961935766,0.10402326963781136,0,0,60,0,0,0,0,"0.7703,0.7928,0.7203,0.8632,0.7822,0.7816,0.7772,0.7786,0.8225,0.7574,0.7381,0.7681,0.7883,0.7943,0.8027,0.7395,0.7604,0.7712,0.8065,0.7241","0.0783,0.0561,0.0673,0.0133,0.0622,0.0696,0.0752,0.0298,0.0514,0.0732,0.0802,0.0907,0.0915,0.0792,0.0538,0.1159,0.0887,0.0992,0.0832,0.1040"
0.8,0.2,bt_laplace_bald,0.8094331685167221,0.07152935110668802,0,0,60,0,0,0,0,"0.8021,0.8110,0.7963,0.8185,0.8124,0.8045,0.8114,0.7865,0.8207,0.7933,0.8187,0.8134,0.8019,0.8192,0.8020,0.7938,0.8174,0.8043,0.8135,0.8094","0.0645,0.0602,0.0720,0.0566,0.0667,0.0719,0.0745,0.0781,0.0623,0.0792,0.0657,0.0660,0.0715,0.0658,0.0667,0.0812,0.0661,0.0789,0.0732,0.0715"
0.8,0.2,bt_laplace_bald_k,0.7970913209978487,0.06333871571783149,4,6,1489,1,10,0,1500,"0.8054,0.8191,0.8060,0.8019,0.8245,0.8156,0.8004,0.8095,0.8072,0.7969,0.7871,0.8134,0.8084,0.8200,0.8185,0.8086,0.8020,0.8096,0.7960,0.7971","0.0654,0.0563,0.0705,0.0675,0.0654,0.0634,0.0760,0.0674,0.0688,0.0706,0.0752,0.0715,0.0636,0.0552,0.0752,0.0609,0.0679,0.0659,0.0715,0.0633"
0.8,0.2,bt_laplace_bald_random,0.6211370819638248,0.05237543204126512,0,0,60,0,60,60,0,"0.8007,0.8929,0.8066,0.8923,0.7793,0.7027,0.7114,0.7208,0.7570,0.7476,0.6956,0.7456,0.6875,0.7125,0.7015,0.6958,0.6355,0.7178,0.6801,0.6211","0.0906,0.0381,0.0693,0.0300,0.0911,0.1122,0.1089,0.1037,0.1089,0.1159,0.1252,0.1144,0.0938,0.0842,0.0562,0.0613,0.0569,0.0749,0.0537,0.0524"
0.8,0.2,bt_laplace_bald_left,0.7434139474998066,0.06381696646841688,0,0,60,0,60,60,0,"0.7991,0.7571,0.7477,0.7440,0.8408,0.7843,0.8155,0.7755,0.7457,0.7636,0.7481,0.6315,0.7078,0.7503,0.8282,0.7767,0.7216,0.7793,0.7225,0.7434","0.0610,0.0923,0.0269,0.0472,0.0467,0.0972,0.0925,0.0605,0.0727,0.0399,0.0258,0.0601,0.0420,0.0539,0.0317,0.0799,0.1210,0.0556,0.0972,0.0638"
0.8,0.4,multiframe,0.7546988159741556,0.11545096092953264,0,0,60,0,0,0,0,"0.7395,0.7068,0.6848,0.7815,0.7925,0.7491,0.7169,0.7415,0.7953,0.7329,0.7546,0.7353,0.7625,0.7476,0.7951,0.7530,0.7716,0.7632,0.7654,0.7547","0.0838,0.0443,0.0633,0.0735,0.0630,0.0618,0.0686,0.0544,0.0511,0.0648,0.0827,0.0855,0.0838,0.0808,0.0549,0.1188,0.0913,0.0990,0.0767,0.1155"
0.8,0.4,bt_laplace_bald,0.7635686089335922,0.06922806992441491,0,0,60,0,0,0,0,"0.7671,0.7699,0.7545,0.7942,0.7937,0.7771,0.7663,0.7586,0.7799,0.7540,0.7725,0.7803,0.7692,0.7819,0.7675,0.7627,0.7733,0.7647,0.7707,0.7636","0.0651,0.0587,0.0695,0.0568,0.0676,0.0716,0.0715,0.0752,0.0646,0.0777,0.0645,0.0629,0.0684,0.0615,0.0619,0.0769,0.0632,0.0744,0.0715,0.0692"
0.8,0.4,bt_laplace_bald_k,0.7698003971013908,0.0612129326628556,4,7,1486,3,11,0,1500,"0.7726,0.7878,0.7846,0.7620,0.7915,0.7804,0.7667,0.7626,0.7827,0.7612,0.7596,0.7768,0.7823,0.7880,0.7737,0.7835,0.7708,0.7809,0.7656,0.7698","0.0630,0.0584,0.0669,0.0676,0.0626,0.0618,0.0735,0.0642,0.0662,0.0670,0.0735,0.0722,0.0628,0.0542,0.0735,0.0623,0.0648,0.0635,0.0680,0.0612"
0.8,0.4,bt_laplace_bald_random,0.5572549022595336,0.05599950577637729,0,0,60,0,60,60,0,"0.7369,0.7405,0.6837,0.7911,0.7876,0.7300,0.7416,0.7727,0.7769,0.7804,0.7742,0.7789,0.7410,0.7469,0.7042,0.7300,0.6923,0.6989,0.6076,0.5573","0.0977,0.1039,0.0433,0.1014,0.0928,0.1199,0.1041,0.0810,0.1164,0.1264,0.1500,0.1236,0.1087,0.0890,0.0569,0.0814,0.0913,0.0660,0.0655,0.0560"
0.8,0.4,bt_laplace_bald_left,0.7450891241709569,0.06462825537578017,0,0,60,0,60,60,0,"0.8130,0.7564,0.7510,0.7696,0.8495,0.7725,0.7418,0.7606,0.7370,0.6650,0.6536,0.5325,0.6227,0.6631,0.7153,0.6847,0.6410,0.7047,0.6753,0.7451","0.0574,0.0924,0.0285,0.0517,0.0440,0.0939,0.0901,0.0622,0.0729,0.0546,0.0557,0.0346,0.0463,0.0517,0.0767,0.1014,0.1214,0.0601,0.0902,0.0646"
0.8,0.6,multiframe,0.8820634309961172,0.012725510835466068,0,0,60,0,0,0,0,"0.8139,0.7425,0.7857,0.7791,0.8801,0.8578,0.8105,0.7705,0.7687,0.8024,0.8518,0.8549,0.8542,0.8448,0.8535,0.9015,0.8444,0.8405,0.8382,0.8821","0.0658,0.0424,0.0474,0.0728,0.0257,0.0412,0.0532,0.0613,0.0689,0.0159,0.0205,0.0453,0.0227,0.0627,0.0386,0.0246,0.0346,0.0545,0.0399,0.0127"
0.8,0.6,bt_laplace_bald,0.8247357295312628,0.04635134837156467,0,1,59,0,1,0,0,"0.8373,0.8349,0.8460,0.8601,0.8608,0.8477,0.8484,0.8398,0.8450,0.8456,0.8354,0.8570,0.8559,0.8521,0.8387,0.8499,0.8648,0.8350,0.8536,0.8247","0.0463,0.0423,0.0494,0.0383,0.0432,0.0441,0.0477,0.0388,0.0500,0.0510,0.0461,0.0383,0.0414,0.0367,0.0342,0.0382,0.0502,0.0421,0.0491,0.0464"
0.8,0.6,bt_laplace_bald_k,0.8445207665649059,0.03662461485602986,2,4,1494,0,6,0,1500,"0.8477,0.8427,0.8663,0.8359,0.8509,0.8519,0.8464,0.8355,0.8530,0.8365,0.8483,0.8535,0.8477,0.8488,0.8440,0.8480,0.8450,0.8544,0.8512,0.8445","0.0395,0.0434,0.0295,0.0487,0.0371,0.0413,0.0429,0.0449,0.0338,0.0393,0.0433,0.0506,0.0385,0.0372,0.0488,0.0434,0.0368,0.0369,0.0385,0.0366"
0.8,0.6,bt_laplace_bald_random,0.6698383782785496,0.08237168159212221,0,0,60,0,60,60,0,"0.7914,0.7576,0.7085,0.8161,0.8837,0.8832,0.8596,0.8664,0.9071,0.9189,0.9339,0.9237,0.8655,0.8328,0.7843,0.8063,0.7299,0.7507,0.6730,0.6698","0.0797,0.1081,0.0463,0.1086,0.0241,0.0116,0.0600,0.0671,0.0105,0.0136,0.0227,0.0104,0.0073,0.0243,0.0133,0.0348,0.0662,0.0237,0.0682,0.0824"
0.8,0.6,bt_laplace_bald_left,0.7571051051482632,0.054900238200632376,0,0,60,0,60,60,0,"0.8635,0.8171,0.8263,0.8378,0.8565,0.8638,0.7968,0.8126,0.7966,0.6898,0.6550,0.6049,0.6602,0.6918,0.7002,0.7045,0.7160,0.7149,0.7254,0.7571","0.0393,0.0626,0.0337,0.0068,0.0404,0.0270,0.0680,0.0431,0.0430,0.0594,0.0564,0.0616,0.0528,0.0494,0.0753,0.0967,0.0904,0.0572,0.0593,0.0549"
0.8,0.8,multiframe,0.9110459622340561,0.02739674681146976,0,0,60,0,0,0,0,"0.8174,0.7837,0.8366,0.8060,0.8937,0.8696,0.8401,0.7924,0.7805,0.8256,0.8510,0.8405,0.8470,0.8350,0.8598,0.8738,0.8392,0.8121,0.8278,0.9110","0.0681,0.0700,0.0729,0.0887,0.0328,0.0437,0.0687,0.0724,0.0773,0.0348,0.0200,0.0405,0.0171,0.0581,0.0426,0.0169,0.0311,0.0315,0.0321,0.0274"
0.8,0.8,bt_laplace_bald,0.8283509761119451,0.048973928293884236,0,1,59,0,1,0,0,"0.8392,0.8410,0.8474,0.8573,0.8529,0.8395,0.8461,0.8347,0.8441,0.8410,0.8436,0.8594,0.8599,0.8553,0.8419,0.8461,0.8655,0.8299,0.8484,0.8284","0.0474,0.0459,0.0501,0.0368,0.0380,0.0385,0.0464,0.0354,0.0494,0.0486,0.0516,0.0397,0.0435,0.0387,0.0363,0.0358,0.0504,0.0383,0.0463,0.0490"
0.8,0.8,bt_laplace_bald_k,0.8462792511603694,0.03761612205708092,2,3,1494,1,5,0,1500,"0.8527,0.8391,0.8672,0.8387,0.8507,0.8512,0.8360,0.8421,0.8559,0.8439,0.8517,0.8440,0.8481,0.8503,0.8332,0.8487,0.8472,0.8636,0.8557,0.8463","0.0424,0.0411,0.0300,0.0504,0.0369,0.0410,0.0364,0.0488,0.0359,0.0441,0.0452,0.0451,0.0388,0.0381,0.0416,0.0439,0.0382,0.0427,0.0410,0.0376"
0.8,0.8,bt_laplace_bald_random,0.7630549807525085,0.11874174323801567,0,0,60,0,60,60,0,"0.7575,0.7290,0.7003,0.7515,0.8831,0.9159,0.8590,0.8268,0.8947,0.8622,0.9448,0.9340,0.8951,0.8646,0.8395,0.8853,0.8137,0.8153,0.7347,0.7631","0.0546,0.0951,0.0424,0.0901,0.0236,0.0342,0.0597,0.0535,0.0125,0.0385,0.0240,0.0188,0.0267,0.0499,0.0503,0.0504,0.0849,0.0679,0.1050,0.1187"
0.8,0.8,bt_laplace_bald_left,0.7813111261662935,0.06491730436246977,0,0,60,0,60,60,0,"0.8626,0.7942,0.8286,0.8418,0.8169,0.8256,0.6977,0.7119,0.7311,0.6545,0.6264,0.6239,0.6371,0.6244,0.6299,0.6467,0.6675,0.6968,0.7049,0.7813","0.0387,0.0443,0.0326,0.0086,0.0088,0.0062,0.0244,0.0478,0.0162,0.0481,0.0545,0.0644,0.0461,0.0342,0.0403,0.0538,0.0533,0.0429,0.0427,0.0649"
