tau,tau_prime,method,trial,attempt,cos_sim
0.0,0.0,multiframe_bald,0,1,0.8163974769850195
0.0,0.0,multiframe_bald,0,2,0.7930849349475845
0.0,0.0,multiframe_bald,0,3,0.8352757279391966
0.0,0.0,multiframe_bald,0,4,0.855812221038176
0.0,0.0,multiframe_bald,0,5,0.8686096056657301
0.0,0.0,multiframe_bald,0,6,0.7330538815912641
0.0,0.0,multiframe_bald,0,7,0.7997998224443169
0.0,0.0,multiframe_bald,0,8,0.7312046588954118
0.0,0.0,multiframe_bald,0,9,0.8370147774875686
0.0,0.0,multiframe_bald,0,10,0.636978154626757
0.0,0.0,multiframe_bald,0,11,0.8519018382243092
0.0,0.0,multiframe_bald,0,12,0.8111299831571311
0.0,0.0,multiframe_bald,0,13,0.7873261777330851
0.0,0.0,multiframe_bald,0,14,0.801672480416216
0.0,0.0,multiframe_bald,0,15,0.9127732461696125
0.0,0.0,multiframe_bald,0,16,0.8752541794769682
0.0,0.0,multiframe_bald,0,17,0.796278001973417
0.0,0.0,multiframe_bald,0,18,0.828706809421138
0.0,0.0,multiframe_bald,0,19,0.9184870015392903
0.0,0.0,multiframe_bald,0,20,0.7470771311385609
0.0,0.0,multiframe_bald,1,1,0.8395098660430985
0.0,0.0,multiframe_bald,1,2,0.9356830455415471
0.0,0.0,multiframe_bald,1,3,0.8843261308150331
0.0,0.0,multiframe_bald,1,4,0.8888729594227827
0.0,0.0,multiframe_bald,1,5,0.8716278923514303
0.0,0.0,multiframe_bald,1,6,0.8911449656186418
0.0,0.0,multiframe_bald,1,7,0.783063518735045
0.0,0.0,multiframe_bald,1,8,0.8996088087294954
0.0,0.0,multiframe_bald,1,9,0.7758728546993929
0.0,0.0,multiframe_bald,1,10,0.846002955305535
0.0,0.0,multiframe_bald,1,11,0.838789049303142
0.0,0.0,multiframe_bald,1,12,0.7192429696969646
0.0,0.0,multiframe_bald,1,13,0.8137801133175802
0.0,0.0,multiframe_bald,1,14,0.855541910299438
0.0,0.0,multiframe_bald,1,15,0.7035148787732285
0.0,0.0,multiframe_bald,1,16,0.8602996875995574
0.0,0.0,multiframe_bald,1,17,0.605426318730842
0.0,0.0,multiframe_bald,1,18,0.848670516379099
0.0,0.0,multiframe_bald,1,19,0.6431503246165601
0.0,0.0,multiframe_bald,1,20,0.8646706179672535
0.0,0.0,multiframe_bald,2,1,0.8053993143924578
0.0,0.0,multiframe_bald,2,2,0.8968842481064182
0.0,0.0,multiframe_bald,2,3,0.7383982690816322
0.0,0.0,multiframe_bald,2,4,0.8189924672736828
0.0,0.0,multiframe_bald,2,5,0.8082030087670515
0.0,0.0,multiframe_bald,2,6,0.8401337010205745
0.0,0.0,multiframe_bald,2,7,0.7784082831638605
0.0,0.0,multiframe_bald,2,8,0.7253822175910656
0.0,0.0,multiframe_bald,2,9,0.8623490934648281
0.0,0.0,multiframe_bald,2,10,0.754497397543747
0.0,0.0,multiframe_bald,2,11,0.7599440473093304
0.0,0.0,multiframe_bald,2,12,0.7180171670503922
0.0,0.0,multiframe_bald,2,13,0.8690717651864666
0.0,0.0,multiframe_bald,2,14,0.8863495134835387
0.0,0.0,multiframe_bald,2,15,0.762844110665506
0.0,0.0,multiframe_bald,2,16,0.8712010537370453
0.0,0.0,multiframe_bald,2,17,0.8856737360198528
0.0,0.0,multiframe_bald,2,18,0.7968141220106487
0.0,0.0,multiframe_bald,2,19,0.8327598776138319
0.0,0.0,multiframe_bald,2,20,0.7234969890095831
0.0,0.0,bt_map,0,1,0.8752078618301341
0.0,0.0,bt_map,0,2,0.6991017973912945
0.0,0.0,bt_map,0,3,0.5112999892611823
0.0,0.0,bt_map,0,4,0.38265402372361035
0.0,0.0,bt_map,0,5,0.4085502414031784
0.0,0.0,bt_map,0,6,0.40051530477057273
0.0,0.0,bt_map,0,7,0.44697056833154264
0.0,0.0,bt_map,0,8,0.4493702424421211
0.0,0.0,bt_map,0,9,0.4217370770463643
0.0,0.0,bt_map,0,10,0.44866675432072883
0.0,0.0,bt_map,0,11,0.47611027538098216
0.0,0.0,bt_map,0,12,0.6233368964734624
0.0,0.0,bt_map,0,13,0.6861926964703015
0.0,0.0,bt_map,0,14,0.7002321385872134
0.0,0.0,bt_map,0,15,0.6744506105895808
0.0,0.0,bt_map,0,16,0.6303877886350256
0.0,0.0,bt_map,0,17,0.6587607275824975
0.0,0.0,bt_map,0,18,0.643449688988858
0.0,0.0,bt_map,0,19,0.6092072466720234
0.0,0.0,bt_map,0,20,0.5444790431565734
0.0,0.0,bt_map,1,1,0.5185148413621791
0.0,0.0,bt_map,1,2,0.3060052585150017
0.0,0.0,bt_map,1,3,0.1084843364095625
0.0,0.0,bt_map,1,4,0.21006242606022593
0.0,0.0,bt_map,1,5,0.16292171872835956
0.0,0.0,bt_map,1,6,0.5947116673387498
0.0,0.0,bt_map,1,7,0.7087449018301737
0.0,0.0,bt_map,1,8,0.7684927664910268
0.0,0.0,bt_map,1,9,0.8623575513035358
0.0,0.0,bt_map,1,10,0.8589154921104644
0.0,0.0,bt_map,1,11,0.6986436382409823
0.0,0.0,bt_map,1,12,0.5609292118915638
0.0,0.0,bt_map,1,13,0.731679127408905
0.0,0.0,bt_map,1,14,0.5834597337756475
0.0,0.0,bt_map,1,15,0.4750257781759267
0.0,0.0,bt_map,1,16,0.4101068137636043
0.0,0.0,bt_map,1,17,0.4485510385622852
0.0,0.0,bt_map,1,18,0.38501639327797904
0.0,0.0,bt_map,1,19,0.36992803032806376
0.0,0.0,bt_map,1,20,0.34130504941990036
0.0,0.0,bt_map,2,1,0.8845406754687638
0.0,0.0,bt_map,2,2,0.6547561959459389
0.0,0.0,bt_map,2,3,0.6083161307202495
0.0,0.0,bt_map,2,4,0.7321474470797373
0.0,0.0,bt_map,2,5,0.7693013872034143
0.0,0.0,bt_map,2,6,0.7197590499459612
0.0,0.0,bt_map,2,7,0.5941677969796155
0.0,0.0,bt_map,2,8,0.32830866453369983
0.0,0.0,bt_map,2,9,0.4407559988101397
0.0,0.0,bt_map,2,10,0.3836689129525197
0.0,0.0,bt_map,2,11,0.33481600620165103
0.0,0.0,bt_map,2,12,0.34449815683206864
0.0,0.0,bt_map,2,13,0.35013170258436765
0.0,0.0,bt_map,2,14,0.2861176813272903
0.0,0.0,bt_map,2,15,0.5236230453483418
0.0,0.0,bt_map,2,16,0.7074852948954442
0.0,0.0,bt_map,2,17,0.6949347360990829
0.0,0.0,bt_map,2,18,0.7274742403188553
0.0,0.0,bt_map,2,19,0.7090398617164191
0.0,0.0,bt_map,2,20,0.5960588979857514
0.0,0.0,bt_map_k,0,1,0.8013970145751218
0.0,0.0,bt_map_k,0,2,0.6633907624769826
0.0,0.0,bt_map_k,0,3,0.5909576369111956
0.0,0.0,bt_map_k,0,4,0.5840271309903127
0.0,0.0,bt_map_k,0,5,0.49623624824508633
0.0,0.0,bt_map_k,0,6,0.6296930734510925
0.0,0.0,bt_map_k,0,7,0.7175624689772914
0.0,0.0,bt_map_k,0,8,0.5643737541119176
0.0,0.0,bt_map_k,0,9,0.8243607050417893
0.0,0.0,bt_map_k,0,10,0.9430522912901927
0.0,0.0,bt_map_k,0,11,0.8812544598506887
0.0,0.0,bt_map_k,0,12,0.6951091515883248
0.0,0.0,bt_map_k,0,13,0.6864046509157493
0.0,0.0,bt_map_k,0,14,0.7188456206051975
0.0,0.0,bt_map_k,0,15,0.5899966570085878
0.0,0.0,bt_map_k,0,16,0.5954061701366535
0.0,0.0,bt_map_k,0,17,0.5228506907035887
0.0,0.0,bt_map_k,0,18,0.5845297459261005
0.0,0.0,bt_map_k,0,19,0.6512176291651656
0.0,0.0,bt_map_k,0,20,0.8015597364063541
0.0,0.0,bt_map_k,1,1,0.8415976328989679
0.0,0.0,bt_map_k,1,2,0.5272962215509835
0.0,0.0,bt_map_k,1,3,0.6681617625097369
0.0,0.0,bt_map_k,1,4,0.7024862918059818
0.0,0.0,bt_map_k,1,5,0.8099632854674225
0.0,0.0,bt_map_k,1,6,0.7321918855327657
0.0,0.0,bt_map_k,1,7,0.8237354639521034
0.0,0.0,bt_map_k,1,8,0.8320874260093647
0.0,0.0,bt_map_k,1,9,0.9275964155838953
0.0,0.0,bt_map_k,1,10,0.8545023741790537
0.0,0.0,bt_map_k,1,11,0.8650289249632315
0.0,0.0,bt_map_k,1,12,0.8522987054975947
0.0,0.0,bt_map_k,1,13,0.9876211995326493
0.0,0.0,bt_map_k,1,14,0.7374034164440345
0.0,0.0,bt_map_k,1,15,0.8150749133553741
0.0,0.0,bt_map_k,1,16,0.9176235131713399
0.0,0.0,bt_map_k,1,17,0.8301416589355439
0.0,0.0,bt_map_k,1,18,0.8688041650692907
0.0,0.0,bt_map_k,1,19,0.9672946109416992
0.0,0.0,bt_map_k,1,20,0.8671173358850475
0.0,0.0,bt_map_k,2,1,0.7885957813630836
0.0,0.0,bt_map_k,2,2,0.7274749343155634
0.0,0.0,bt_map_k,2,3,0.5993290571444574
0.0,0.0,bt_map_k,2,4,0.6483091446099094
0.0,0.0,bt_map_k,2,5,0.6266212274415167
0.0,0.0,bt_map_k,2,6,0.9218194267087634
0.0,0.0,bt_map_k,2,7,0.9564113524905085
0.0,0.0,bt_map_k,2,8,0.9430927892655824
0.0,0.0,bt_map_k,2,9,0.7825964338595428
0.0,0.0,bt_map_k,2,10,0.676499633521974
0.0,0.0,bt_map_k,2,11,0.5844060571831684
0.0,0.0,bt_map_k,2,12,0.5639710612428086
0.0,0.0,bt_map_k,2,13,0.6096076532610201
0.0,0.0,bt_map_k,2,14,0.611048952062579
0.0,0.0,bt_map_k,2,15,0.5890193802642005
0.0,0.0,bt_map_k,2,16,0.546625097143749
0.0,0.0,bt_map_k,2,17,0.5742550516621587
0.0,0.0,bt_map_k,2,18,0.5059181803273597
0.0,0.0,bt_map_k,2,19,0.5266914995733206
0.0,0.0,bt_map_k,2,20,0.5955689937409622
0.0,0.0,bt_map_random,0,1,0.6687872481493929
0.0,0.0,bt_map_random,0,2,0.7266287802178332
0.0,0.0,bt_map_random,0,3,0.8068615960747679
0.0,0.0,bt_map_random,0,4,0.8851243489728579
0.0,0.0,bt_map_random,0,5,0.7425592106780114
0.0,0.0,bt_map_random,0,6,0.7907117610871092
0.0,0.0,bt_map_random,0,7,0.7765447638517432
0.0,0.0,bt_map_random,0,8,0.7616153620472946
0.0,0.0,bt_map_random,0,9,0.7717640473162466
0.0,0.0,bt_map_random,0,10,0.7976488319362399
0.0,0.0,bt_map_random,0,11,0.7704437158789721
0.0,0.0,bt_map_random,0,12,0.7304363146987359
0.0,0.0,bt_map_random,0,13,0.7225760945370739
0.0,0.0,bt_map_random,0,14,0.7068376695576826
0.0,0.0,bt_map_random,0,15,0.708550628645538
0.0,0.0,bt_map_random,0,16,0.7328743736801042
0.0,0.0,bt_map_random,0,17,0.7800371440910754
0.0,0.0,bt_map_random,0,18,0.7885246950670212
0.0,0.0,bt_map_random,0,19,0.8432651974883992
0.0,0.0,bt_map_random,0,20,0.7984332196016989
0.0,0.0,bt_map_random,1,1,0.5948232211045266
0.0,0.0,bt_map_random,1,2,0.5827616526576286
0.0,0.0,bt_map_random,1,3,0.6039162822673811
0.0,0.0,bt_map_random,1,4,0.5929702310654689
0.0,0.0,bt_map_random,1,5,0.47710609451199426
0.0,0.0,bt_map_random,1,6,0.2502797551795908
0.0,0.0,bt_map_random,1,7,0.1760612865839248
0.0,0.0,bt_map_random,1,8,0.3471424584541207
0.0,0.0,bt_map_random,1,9,0.35592106118838474
0.0,0.0,bt_map_random,1,10,0.4540950313460158
0.0,0.0,bt_map_random,1,11,0.496984072599557
0.0,0.0,bt_map_random,1,12,0.540830732951167
0.0,0.0,bt_map_random,1,13,0.5446227888916647
0.0,0.0,bt_map_random,1,14,0.5435307562530527
0.0,0.0,bt_map_random,1,15,0.5167983154571875
0.0,0.0,bt_map_random,1,16,0.5511467663000814
0.0,0.0,bt_map_random,1,17,0.5525527277884137
0.0,0.0,bt_map_random,1,18,0.5402094332941693
0.0,0.0,bt_map_random,1,19,0.5366106945336466
0.0,0.0,bt_map_random,1,20,0.5011162430265275
0.0,0.0,bt_map_random,2,1,0.6421709462079083
0.0,0.0,bt_map_random,2,2,0.8621180819487376
0.0,0.0,bt_map_random,2,3,0.803619430904683
0.0,0.0,bt_map_random,2,4,0.6639549111493779
0.0,0.0,bt_map_random,2,5,0.8462421964371943
0.0,0.0,bt_map_random,2,6,0.8330161799688227
0.0,0.0,bt_map_random,2,7,0.8940889087240362
0.0,0.0,bt_map_random,2,8,0.98881394110294
0.0,0.0,bt_map_random,2,9,0.970004642378136
0.0,0.0,bt_map_random,2,10,0.9676304145607173
0.0,0.0,bt_map_random,2,11,0.8719534550744018
0.0,0.0,bt_map_random,2,12,0.9103015088537846
0.0,0.0,bt_map_random,2,13,0.9339291342738144
0.0,0.0,bt_map_random,2,14,0.9049796207571466
0.0,0.0,bt_map_random,2,15,0.908946072266559
0.0,0.0,bt_map_random,2,16,0.9379608460505948
0.0,0.0,bt_map_random,2,17,0.8973269364803473
0.0,0.0,bt_map_random,2,18,0.9111501125171791
0.0,0.0,bt_map_random,2,19,0.9074239573872835
0.0,0.0,bt_map_random,2,20,0.8958500294760531
0.0,0.0,bt_map_left,0,1,0.5726751751859955
0.0,0.0,bt_map_left,0,2,0.24260348609330887
0.0,0.0,bt_map_left,0,3,0.42089158746322936
0.0,0.0,bt_map_left,0,4,0.2917307830540159
0.0,0.0,bt_map_left,0,5,0.46917913852214904
0.0,0.0,bt_map_left,0,6,0.36050833066674765
0.0,0.0,bt_map_left,0,7,0.365379885141632
0.0,0.0,bt_map_left,0,8,0.3810488748186622
0.0,0.0,bt_map_left,0,9,0.4269964650890185
0.0,0.0,bt_map_left,0,10,0.43790401896631026
0.0,0.0,bt_map_left,0,11,0.40857168899470786
0.0,0.0,bt_map_left,0,12,0.39030225329062235
0.0,0.0,bt_map_left,0,13,0.4548817216987868
0.0,0.0,bt_map_left,0,14,0.3951679996202577
0.0,0.0,bt_map_left,0,15,0.45861659590091575
0.0,0.0,bt_map_left,0,16,0.5592199192111732
0.0,0.0,bt_map_left,0,17,0.5936296258135585
0.0,0.0,bt_map_left,0,18,0.6188238360737306
0.0,0.0,bt_map_left,0,19,0.6158039064940187
0.0,0.0,bt_map_left,0,20,0.5715399358710201
0.0,0.0,bt_map_left,1,1,0.5082419166087646
0.0,0.0,bt_map_left,1,2,0.7267739469435692
0.0,0.0,bt_map_left,1,3,0.590341099270858
0.0,0.0,bt_map_left,1,4,0.6804542759959021
0.0,0.0,bt_map_left,1,5,0.5852506267648092
0.0,0.0,bt_map_left,1,6,0.40078054686639003
0.0,0.0,bt_map_left,1,7,0.33094817677447447
0.0,0.0,bt_map_left,1,8,0.3186527664100139
0.0,0.0,bt_map_left,1,9,0.3162530800608754
0.0,0.0,bt_map_left,1,10,0.31625308006087516
0.0,0.0,bt_map_left,1,11,0.42854495077436183
0.0,0.0,bt_map_left,1,12,0.35346748678247064
0.0,0.0,bt_map_left,1,13,0.3162530800608756
0.0,0.0,bt_map_left,1,14,0.3162530800608756
0.0,0.0,bt_map_left,1,15,0.3162530800608756
0.0,0.0,bt_map_left,1,16,0.3162530800608755
0.0,0.0,bt_map_left,1,17,0.31625308006087627
0.0,0.0,bt_map_left,1,18,0.31625308006087516
0.0,0.0,bt_map_left,1,19,0.3162530800608756
0.0,0.0,bt_map_left,1,20,0.3162530800608759
0.0,0.0,bt_map_left,2,1,0.7181486323447384
0.0,0.0,bt_map_left,2,2,0.7589621301320126
0.0,0.0,bt_map_left,2,3,0.7695617044651509
0.0,0.0,bt_map_left,2,4,0.744302312952691
0.0,0.0,bt_map_left,2,5,0.9890411186660735
0.0,0.0,bt_map_left,2,6,0.83617336901856
0.0,0.0,bt_map_left,2,7,0.6772480257860003
0.0,0.0,bt_map_left,2,8,0.7122894659489439
0.0,0.0,bt_map_left,2,9,0.7719219206840918
0.0,0.0,bt_map_left,2,10,0.7710705054843136
0.0,0.0,bt_map_left,2,11,0.7985602878644911
0.0,0.0,bt_map_left,2,12,0.7896574954536937
0.0,0.0,bt_map_left,2,13,0.8924671706798888
0.0,0.0,bt_map_left,2,14,0.9858962260608193
0.0,0.0,bt_map_left,2,15,0.9896742523798979
0.0,0.0,bt_map_left,2,16,0.9723111445679995
0.0,0.0,bt_map_left,2,17,0.9063613945890173
0.0,0.0,bt_map_left,2,18,0.9343790804730276
0.0,0.0,bt_map_left,2,19,0.9268712347458599
0.0,0.0,bt_map_left,2,20,0.9250523759712184
0.0,0.2,multiframe_bald,0,1,0.8033799831350755
0.0,0.2,multiframe_bald,0,2,0.75010912370448
0.0,0.2,multiframe_bald,0,3,0.8424365263947738
0.0,0.2,multiframe_bald,0,4,0.9124952413904207
0.0,0.2,multiframe_bald,0,5,0.8969879807278907
0.0,0.2,multiframe_bald,0,6,0.7534012619276728
0.0,0.2,multiframe_bald,0,7,0.7663927760230498
0.0,0.2,multiframe_bald,0,8,0.9017901339683707
0.0,0.2,multiframe_bald,0,9,0.8987285956341706
0.0,0.2,multiframe_bald,0,10,0.7858183987939957
0.0,0.2,multiframe_bald,0,11,0.8296032175285418
0.0,0.2,multiframe_bald,0,12,0.8857146975649874
0.0,0.2,multiframe_bald,0,13,0.9194657933186333
0.0,0.2,multiframe_bald,0,14,0.7917529733987572
0.0,0.2,multiframe_bald,0,15,0.8340281764613159
0.0,0.2,multiframe_bald,0,16,0.8324667649662245
0.0,0.2,multiframe_bald,0,17,0.7509327723779441
0.0,0.2,multiframe_bald,0,18,0.7787796418530001
0.0,0.2,multiframe_bald,0,19,0.8339525744493081
0.0,0.2,multiframe_bald,0,20,0.8888988381367919
0.0,0.2,multiframe_bald,1,1,0.8281142539670464
0.0,0.2,multiframe_bald,1,2,0.8926473731265059
0.0,0.2,multiframe_bald,1,3,0.8981931357660377
0.0,0.2,multiframe_bald,1,4,0.8853142873133212
0.0,0.2,multiframe_bald,1,5,0.854793792675147
0.0,0.2,multiframe_bald,1,6,0.7727304191704157
0.0,0.2,multiframe_bald,1,7,0.7551624697264276
0.0,0.2,multiframe_bald,1,8,0.9109990230148111
0.0,0.2,multiframe_bald,1,9,0.7564178613359724
0.0,0.2,multiframe_bald,1,10,0.7830657540495587
0.0,0.2,multiframe_bald,1,11,0.8213870133062957
0.0,0.2,multiframe_bald,1,12,0.6407623037769009
0.0,0.2,multiframe_bald,1,13,0.8576530792216351
0.0,0.2,multiframe_bald,1,14,0.7482516035237393
0.0,0.2,multiframe_bald,1,15,0.7436780341126334
0.0,0.2,multiframe_bald,1,16,0.8514698131489371
0.0,0.2,multiframe_bald,1,17,0.5915151842553603
0.0,0.2,multiframe_bald,1,18,0.8574126540514183
0.0,0.2,multiframe_bald,1,19,0.6432466322575052
0.0,0.2,multiframe_bald,1,20,0.7717677907302007
0.0,0.2,multiframe_bald,2,1,0.7947969487681724
0.0,0.2,multiframe_bald,2,2,0.8759557371900365
0.0,0.2,multiframe_bald,2,3,0.7685654411469933
0.0,0.2,multiframe_bald,2,4,0.8579127073984084
0.0,0.2,multiframe_bald,2,5,0.792771929144906
0.0,0.2,multiframe_bald,2,6,0.8556359502543119
0.0,0.2,multiframe_bald,2,7,0.7890370456223993
0.0,0.2,multiframe_bald,2,8,0.7214262682066119
0.0,0.2,multiframe_bald,2,9,0.8490754178260034
0.0,0.2,multiframe_bald,2,10,0.8086633681343768
0.0,0.2,multiframe_bald,2,11,0.7577137270868995
0.0,0.2,multiframe_bald,2,12,0.7420642556786965
0.0,0.2,multiframe_bald,2,13,0.8764228541591852
0.0,0.2,multiframe_bald,2,14,0.8978956668893845
0.0,0.2,multiframe_bald,2,15,0.6710025469649225
0.0,0.2,multiframe_bald,2,16,0.8161420903773681
0.0,0.2,multiframe_bald,2,17,0.701658527292122
0.0,0.2,multiframe_bald,2,18,0.8316082242110082
0.0,0.2,multiframe_bald,2,19,0.7833530837573598
0.0,0.2,multiframe_bald,2,20,0.8618819483680624
0.0,0.2,bt_map,0,1,0.8752078618301341
0.0,0.2,bt_map,0,2,0.6991017973912945
0.0,0.2,bt_map,0,3,0.5112999892611823
0.0,0.2,bt_map,0,4,0.5112999892611823
0.0,0.2,bt_map,0,5,0.3891804722973921
0.0,0.2,bt_map,0,6,0.4662931324945572
0.0,0.2,bt_map,0,7,0.610207166762326
0.0,0.2,bt_map,0,8,0.5427637652347093
0.0,0.2,bt_map,0,9,0.6319166021336655
0.0,0.2,bt_map,0,10,0.630105206539375
0.0,0.2,bt_map,0,11,0.657717930505946
0.0,0.2,bt_map,0,12,0.6639521818643566
0.0,0.2,bt_map,0,13,0.6720105240479438
0.0,0.2,bt_map,0,14,0.6906261469898407
0.0,0.2,bt_map,0,15,0.6999362724444873
0.0,0.2,bt_map,0,16,0.7455466979944118
0.0,0.2,bt_map,0,17,0.6879664532051809
0.0,0.2,bt_map,0,18,0.644422059482226
0.0,0.2,bt_map,0,19,0.6444220709148012
0.0,0.2,bt_map,0,20,0.7869250266477368
0.0,0.2,bt_map,1,1,0.5185148413621791
0.0,0.2,bt_map,1,2,0.3060052585150017
0.0,0.2,bt_map,1,3,0.1084843364095625
0.0,0.2,bt_map,1,4,0.10849008043615951
0.0,0.2,bt_map,1,5,0.06943177570767191
0.0,0.2,bt_map,1,6,0.12361114702389618
0.0,0.2,bt_map,1,7,0.35640652848162774
0.0,0.2,bt_map,1,8,0.33619432974790314
0.0,0.2,bt_map,1,9,0.17954319931113333
0.0,0.2,bt_map,1,10,0.16135945667075924
0.0,0.2,bt_map,1,11,0.05937205633334407
0.0,0.2,bt_map,1,12,0.009266401148897044
0.0,0.2,bt_map,1,13,0.1006806768803307
0.0,0.2,bt_map,1,14,0.13771610045208532
0.0,0.2,bt_map,1,15,0.13771610045208532
0.0,0.2,bt_map,1,16,0.1595539348361372
0.0,0.2,bt_map,1,17,0.19411271433791852
0.0,0.2,bt_map,1,18,0.17824422268325035
0.0,0.2,bt_map,1,19,0.11212084163674545
0.0,0.2,bt_map,1,20,0.11212084163674545
0.0,0.2,bt_map,2,1,0.8845406754687638
0.0,0.2,bt_map,2,2,0.6547561959459389
0.0,0.2,bt_map,2,3,0.6083161307202495
0.0,0.2,bt_map,2,4,0.7321474470797373
0.0,0.2,bt_map,2,5,0.7693013872034143
0.0,0.2,bt_map,2,6,0.7197590499459612
0.0,0.2,bt_map,2,7,0.5941677969796155
0.0,0.2,bt_map,2,8,0.32830866453369983
0.0,0.2,bt_map,2,9,0.4407559988101397
0.0,0.2,bt_map,2,10,0.3836689129525197
0.0,0.2,bt_map,2,11,0.33481600620165103
0.0,0.2,bt_map,2,12,0.34449815683206864
0.0,0.2,bt_map,2,13,0.35013170258436765
0.0,0.2,bt_map,2,14,0.2861176813272903
0.0,0.2,bt_map,2,15,0.5236230453483418
0.0,0.2,bt_map,2,16,0.7074852948954442
0.0,0.2,bt_map,2,17,0.6949347360990829
0.0,0.2,bt_map,2,18,0.7274742403188553
0.0,0.2,bt_map,2,19,0.7090398617164191
0.0,0.2,bt_map,2,20,0.5960588979857514
0.0,0.2,bt_map_k,0,1,0.8013970145751218
0.0,0.2,bt_map_k,0,2,0.8013970145751218
0.0,0.2,bt_map_k,0,3,0.5156083176480531
0.0,0.2,bt_map_k,0,4,0.6012396843880256
0.0,0.2,bt_map_k,0,5,0.5840479877429265
0.0,0.2,bt_map_k,0,6,0.693208258817378
0.0,0.2,bt_map_k,0,7,0.8924975976295763
0.0,0.2,bt_map_k,0,8,0.7506616905336725
0.0,0.2,bt_map_k,0,9,0.41081344828507005
0.0,0.2,bt_map_k,0,10,0.4108146653698773
0.0,0.2,bt_map_k,0,11,0.3854372492694226
0.0,0.2,bt_map_k,0,12,0.19559813888978167
0.0,0.2,bt_map_k,0,13,0.195598546795276
0.0,0.2,bt_map_k,0,14,0.32841102301158004
0.0,0.2,bt_map_k,0,15,0.2703265828755683
0.0,0.2,bt_map_k,0,16,0.2703265828755683
0.0,0.2,bt_map_k,0,17,0.27014109236237893
0.0,0.2,bt_map_k,0,18,0.1873412636294195
0.0,0.2,bt_map_k,0,19,0.32554959378500353
0.0,0.2,bt_map_k,0,20,0.30253247354907425
0.0,0.2,bt_map_k,0,21,0.46279249106709375
0.0,0.2,bt_map_k,0,22,0.3410310450212376
0.0,0.2,bt_map_k,0,23,0.41976253681819575
0.0,0.2,bt_map_k,0,24,0.3054558368035829
0.0,0.2,bt_map_k,1,1,0.8415976328989679
0.0,0.2,bt_map_k,1,2,0.5272962215509835
0.0,0.2,bt_map_k,1,3,0.6681617625097369
0.0,0.2,bt_map_k,1,4,0.7024862918059818
0.0,0.2,bt_map_k,1,5,0.8099632854674225
0.0,0.2,bt_map_k,1,6,0.7321918855327657
0.0,0.2,bt_map_k,1,7,0.8237354639521034
0.0,0.2,bt_map_k,1,8,0.8320874260093647
0.0,0.2,bt_map_k,1,9,0.8320874260093647
0.0,0.2,bt_map_k,1,10,0.7042093442603414
0.0,0.2,bt_map_k,1,11,0.7870203267867787
0.0,0.2,bt_map_k,1,12,0.7747929798801259
0.0,0.2,bt_map_k,1,13,0.8458411125876543
0.0,0.2,bt_map_k,1,14,0.8096439942186268
0.0,0.2,bt_map_k,1,15,0.8314404919283228
0.0,0.2,bt_map_k,1,16,0.785108781875228
0.0,0.2,bt_map_k,1,17,0.7757034177590272
0.0,0.2,bt_map_k,1,18,0.8057818715358885
0.0,0.2,bt_map_k,1,19,0.8451160004075665
0.0,0.2,bt_map_k,1,20,0.7887243327750637
0.0,0.2,bt_map_k,1,21,0.7201112317136051
0.0,0.2,bt_map_k,2,1,0.7885957813630836
0.0,0.2,bt_map_k,2,2,0.7274749343155634
0.0,0.2,bt_map_k,2,3,0.5993290571444574
0.0,0.2,bt_map_k,2,4,0.5993292039305961
0.0,0.2,bt_map_k,2,5,0.5530186516409495
0.0,0.2,bt_map_k,2,6,0.8955968274693205
0.0,0.2,bt_map_k,2,7,0.9733482726897061
0.0,0.2,bt_map_k,2,8,0.8761921293610719
0.0,0.2,bt_map_k,2,9,0.7487425206413731
0.0,0.2,bt_map_k,2,10,0.5611607707889855
0.0,0.2,bt_map_k,2,11,0.5355703858413945
0.0,0.2,bt_map_k,2,12,0.4834344014236547
0.0,0.2,bt_map_k,2,13,0.47388702376203146
0.0,0.2,bt_map_k,2,14,0.47505164779368736
0.0,0.2,bt_map_k,2,15,0.47619944167798295
0.0,0.2,bt_map_k,2,16,0.4721401958048824
0.0,0.2,bt_map_k,2,17,0.47599240350806443
0.0,0.2,bt_map_k,2,18,0.5932909709657742
0.0,0.2,bt_map_k,2,19,0.779514237059782
0.0,0.2,bt_map_k,2,20,0.8848472049673612
0.0,0.2,bt_map_k,2,21,0.8848472049673612
0.0,0.2,bt_map_k,2,22,0.8879682462551137
0.0,0.2,bt_map_random,0,1,0.6687872481493929
0.0,0.2,bt_map_random,0,2,0.7266287802178332
0.0,0.2,bt_map_random,0,3,0.8068615960747679
0.0,0.2,bt_map_random,0,4,0.8851243489728579
0.0,0.2,bt_map_random,0,5,0.7425592106780114
0.0,0.2,bt_map_random,0,6,0.7907117610871092
0.0,0.2,bt_map_random,0,7,0.7765447638517432
0.0,0.2,bt_map_random,0,8,0.7616153620472946
0.0,0.2,bt_map_random,0,9,0.7717640473162466
0.0,0.2,bt_map_random,0,10,0.7976488319362399
0.0,0.2,bt_map_random,0,11,0.7704437158789721
0.0,0.2,bt_map_random,0,12,0.7304363146987359
0.0,0.2,bt_map_random,0,13,0.7198876965394818
0.0,0.2,bt_map_random,0,14,0.7037041267139678
0.0,0.2,bt_map_random,0,15,0.7037041267139678
0.0,0.2,bt_map_random,0,16,0.7116720457078196
0.0,0.2,bt_map_random,0,17,0.7619688327636276
0.0,0.2,bt_map_random,0,18,0.794111269598209
0.0,0.2,bt_map_random,0,19,0.8522323185568642
0.0,0.2,bt_map_random,0,20,0.8358585475772955
0.0,0.2,bt_map_random,1,1,0.5948232211045266
0.0,0.2,bt_map_random,1,2,0.5827616526576286
0.0,0.2,bt_map_random,1,3,0.6039162822673811
0.0,0.2,bt_map_random,1,4,0.5929702310654689
0.0,0.2,bt_map_random,1,5,0.47710609451199426
0.0,0.2,bt_map_random,1,6,0.2502797551795908
0.0,0.2,bt_map_random,1,7,0.1760612865839248
0.0,0.2,bt_map_random,1,8,0.3471424584541207
0.0,0.2,bt_map_random,1,9,0.35592106118838474
0.0,0.2,bt_map_random,1,10,0.4540950313460158
0.0,0.2,bt_map_random,1,11,0.496984072599557
0.0,0.2,bt_map_random,1,12,0.540830732951167
0.0,0.2,bt_map_random,1,13,0.5446227888916647
0.0,0.2,bt_map_random,1,14,0.5435307562530527
0.0,0.2,bt_map_random,1,15,0.5167983154571875
0.0,0.2,bt_map_random,1,16,0.5511467663000814
0.0,0.2,bt_map_random,1,17,0.5525527277884137
0.0,0.2,bt_map_random,1,18,0.5402094332941693
0.0,0.2,bt_map_random,1,19,0.5366106945336466
0.0,0.2,bt_map_random,1,20,0.5011162430265275
0.0,0.2,bt_map_random,2,1,0.6421709462079083
0.0,0.2,bt_map_random,2,2,0.8621180819487376
0.0,0.2,bt_map_random,2,3,0.803619430904683
0.0,0.2,bt_map_random,2,4,0.6639549111493779
0.0,0.2,bt_map_random,2,5,0.8462421964371943
0.0,0.2,bt_map_random,2,6,0.8330161799688227
0.0,0.2,bt_map_random,2,7,0.8940889087240362
0.0,0.2,bt_map_random,2,8,0.98881394110294
0.0,0.2,bt_map_random,2,9,0.970004642378136
0.0,0.2,bt_map_random,2,10,0.9676304145607173
0.0,0.2,bt_map_random,2,11,0.8719534550744018
0.0,0.2,bt_map_random,2,12,0.9103015088537846
0.0,0.2,bt_map_random,2,13,0.9339291342738144
0.0,0.2,bt_map_random,2,14,0.9049796207571466
0.0,0.2,bt_map_random,2,15,0.908946072266559
0.0,0.2,bt_map_random,2,16,0.9379608460505948
0.0,0.2,bt_map_random,2,17,0.8973269364803473
0.0,0.2,bt_map_random,2,18,0.9111501125171791
0.0,0.2,bt_map_random,2,19,0.9074239573872835
0.0,0.2,bt_map_random,2,20,0.8958500294760531
0.0,0.2,bt_map_left,0,1,0.5726751751859955
0.0,0.2,bt_map_left,0,2,0.24260348609330887
0.0,0.2,bt_map_left,0,3,0.42089158746322936
0.0,0.2,bt_map_left,0,4,0.2917307830540159
0.0,0.2,bt_map_left,0,5,0.46917913852214904
0.0,0.2,bt_map_left,0,6,0.36050833066674765
0.0,0.2,bt_map_left,0,7,0.365379885141632
0.0,0.2,bt_map_left,0,8,0.3810488748186622
0.0,0.2,bt_map_left,0,9,0.4269964650890185
0.0,0.2,bt_map_left,0,10,0.43790401896631026
0.0,0.2,bt_map_left,0,11,0.40857168899470786
0.0,0.2,bt_map_left,0,12,0.39030225329062235
0.0,0.2,bt_map_left,0,13,0.4548817216987868
0.0,0.2,bt_map_left,0,14,0.3951679996202577
0.0,0.2,bt_map_left,0,15,0.45861659590091575
0.0,0.2,bt_map_left,0,16,0.5592199192111732
0.0,0.2,bt_map_left,0,17,0.5936296258135585
0.0,0.2,bt_map_left,0,18,0.6188238360737306
0.0,0.2,bt_map_left,0,19,0.6158039064940187
0.0,0.2,bt_map_left,0,20,0.5715399358710201
0.0,0.2,bt_map_left,1,1,0.5082419166087646
0.0,0.2,bt_map_left,1,2,0.7267739469435692
0.0,0.2,bt_map_left,1,3,0.590341099270858
0.0,0.2,bt_map_left,1,4,0.6804542759959021
0.0,0.2,bt_map_left,1,5,0.5852506267648092
0.0,0.2,bt_map_left,1,6,0.40078054686639003
0.0,0.2,bt_map_left,1,7,0.33094817677447447
0.0,0.2,bt_map_left,1,8,0.3186527664100139
0.0,0.2,bt_map_left,1,9,0.3162530800608754
0.0,0.2,bt_map_left,1,10,0.31625308006087516
0.0,0.2,bt_map_left,1,11,0.42854495077436183
0.0,0.2,bt_map_left,1,12,0.35346748678247064
0.0,0.2,bt_map_left,1,13,0.3162530800608756
0.0,0.2,bt_map_left,1,14,0.36444970709010704
0.0,0.2,bt_map_left,1,15,0.34965049831647627
0.0,0.2,bt_map_left,1,16,0.3822368104302809
0.0,0.2,bt_map_left,1,17,0.34316803940537266
0.0,0.2,bt_map_left,1,18,0.3642273330052284
0.0,0.2,bt_map_left,1,19,0.3976577670198542
0.0,0.2,bt_map_left,1,20,0.4469646098398894
0.0,0.2,bt_map_left,2,1,0.7181486323447384
0.0,0.2,bt_map_left,2,2,0.7589621301320126
0.0,0.2,bt_map_left,2,3,0.7695617044651509
0.0,0.2,bt_map_left,2,4,0.744302312952691
0.0,0.2,bt_map_left,2,5,0.9890411186660735
0.0,0.2,bt_map_left,2,6,0.83617336901856
0.0,0.2,bt_map_left,2,7,0.6772480257860003
0.0,0.2,bt_map_left,2,8,0.7122894659489439
0.0,0.2,bt_map_left,2,9,0.7719219206840918
0.0,0.2,bt_map_left,2,10,0.7710705054843136
0.0,0.2,bt_map_left,2,11,0.7985602878644911
0.0,0.2,bt_map_left,2,12,0.7896574954536937
0.0,0.2,bt_map_left,2,13,0.8924671706798888
0.0,0.2,bt_map_left,2,14,0.9858962260608193
0.0,0.2,bt_map_left,2,15,0.9896742523798979
0.0,0.2,bt_map_left,2,16,0.9723111445679995
0.0,0.2,bt_map_left,2,17,0.9063613945890173
0.0,0.2,bt_map_left,2,18,0.9343790804730276
0.0,0.2,bt_map_left,2,19,0.9268712347458599
0.0,0.2,bt_map_left,2,20,0.9250523759712184
0.2,0.0,multiframe_bald,0,1,0.951242257060123
0.2,0.0,multiframe_bald,0,2,0.9530570232583548
0.2,0.0,multiframe_bald,0,3,0.9330560905678705
0.2,0.0,multiframe_bald,0,4,0.9317653397740058
0.2,0.0,multiframe_bald,0,5,0.9494239247564086
0.2,0.0,multiframe_bald,0,6,0.9636503532079719
0.2,0.0,multiframe_bald,0,7,0.9629750091699915
0.2,0.0,multiframe_bald,0,8,0.9430766393802251
0.2,0.0,multiframe_bald,0,9,0.991441815291307
0.2,0.0,multiframe_bald,0,10,0.9740959742485354
0.2,0.0,multiframe_bald,0,11,0.9973213367952629
0.2,0.0,multiframe_bald,0,12,0.9948854753797977
0.2,0.0,multiframe_bald,0,13,0.9943048783851361
0.2,0.0,multiframe_bald,0,14,0.9975144443999542
0.2,0.0,multiframe_bald,0,15,0.9851752137189858
0.2,0.0,multiframe_bald,0,16,0.9866780185693903
0.2,0.0,multiframe_bald,0,17,0.993181038663276
0.2,0.0,multiframe_bald,0,18,0.9681234076431294
0.2,0.0,multiframe_bald,0,19,0.9931989445911269
0.2,0.0,multiframe_bald,0,20,0.9907516656493506
0.2,0.0,multiframe_bald,1,1,0.8631434585987899
0.2,0.0,multiframe_bald,1,2,0.9670818185858487
0.2,0.0,multiframe_bald,1,3,0.9161097322772049
0.2,0.0,multiframe_bald,1,4,0.9017273375353657
0.2,0.0,multiframe_bald,1,5,0.8274425934844152
0.2,0.0,multiframe_bald,1,6,0.8108320097841556
0.2,0.0,multiframe_bald,1,7,0.9570887916550058
0.2,0.0,multiframe_bald,1,8,0.9192730324003011
0.2,0.0,multiframe_bald,1,9,0.9960851747436241
0.2,0.0,multiframe_bald,1,10,0.987489361892729
0.2,0.0,multiframe_bald,1,11,0.9880574104569646
0.2,0.0,multiframe_bald,1,12,0.9913250052197708
0.2,0.0,multiframe_bald,1,13,0.9922184997593297
0.2,0.0,multiframe_bald,1,14,0.9876102410234114
0.2,0.0,multiframe_bald,1,15,0.9801270188373026
0.2,0.0,multiframe_bald,1,16,0.9857552138287369
0.2,0.0,multiframe_bald,1,17,0.9961475969420074
0.2,0.0,multiframe_bald,1,18,0.9910104806042432
0.2,0.0,multiframe_bald,1,19,0.9941426421591998
0.2,0.0,multiframe_bald,1,20,0.9963959052644327
0.2,0.0,multiframe_bald,2,1,0.9087249643760202
0.2,0.0,multiframe_bald,2,2,0.931022220764181
0.2,0.0,multiframe_bald,2,3,0.8838401596991062
0.2,0.0,multiframe_bald,2,4,0.8950727520223797
0.2,0.0,multiframe_bald,2,5,0.9337287786461664
0.2,0.0,multiframe_bald,2,6,0.9144252547076043
0.2,0.0,multiframe_bald,2,7,0.9179305218511993
0.2,0.0,multiframe_bald,2,8,0.8772827792293658
0.2,0.0,multiframe_bald,2,9,0.9244459660001716
0.2,0.0,multiframe_bald,2,10,0.9566656031925439
0.2,0.0,multiframe_bald,2,11,0.9889221968380546
0.2,0.0,multiframe_bald,2,12,0.9527266863309833
0.2,0.0,multiframe_bald,2,13,0.9696587927743586
0.2,0.0,multiframe_bald,2,14,0.9671642967860357
0.2,0.0,multiframe_bald,2,15,0.9495195005114742
0.2,0.0,multiframe_bald,2,16,0.674115140249582
0.2,0.0,multiframe_bald,2,17,0.991351427669751
0.2,0.0,multiframe_bald,2,18,0.9453141573403956
0.2,0.0,multiframe_bald,2,19,0.9901209867791246
0.2,0.0,multiframe_bald,2,20,0.9865381676789119
0.2,0.0,bt_map,0,1,0.8752078618301341
0.2,0.0,bt_map,0,2,0.6991017973912945
0.2,0.0,bt_map,0,3,0.5112999892611823
0.2,0.0,bt_map,0,4,0.38265402372361035
0.2,0.0,bt_map,0,5,0.4085502414031784
0.2,0.0,bt_map,0,6,0.40051530477057273
0.2,0.0,bt_map,0,7,0.44697056833154264
0.2,0.0,bt_map,0,8,0.4493702424421211
0.2,0.0,bt_map,0,9,0.4217370770463643
0.2,0.0,bt_map,0,10,0.44866675432072883
0.2,0.0,bt_map,0,11,0.47611027538098216
0.2,0.0,bt_map,0,12,0.6233368964734624
0.2,0.0,bt_map,0,13,0.6861926964703015
0.2,0.0,bt_map,0,14,0.7002321385872134
0.2,0.0,bt_map,0,15,0.6744506105895808
0.2,0.0,bt_map,0,16,0.6303877886350256
0.2,0.0,bt_map,0,17,0.6587607275824975
0.2,0.0,bt_map,0,18,0.643449688988858
0.2,0.0,bt_map,0,19,0.6092072466720234
0.2,0.0,bt_map,0,20,0.5444790431565734
0.2,0.0,bt_map,1,1,0.5185148413621791
0.2,0.0,bt_map,1,2,0.3060052585150017
0.2,0.0,bt_map,1,3,0.1084843364095625
0.2,0.0,bt_map,1,4,0.21006242606022593
0.2,0.0,bt_map,1,5,0.16292171872835956
0.2,0.0,bt_map,1,6,0.5947116673387498
0.2,0.0,bt_map,1,7,0.7087449018301737
0.2,0.0,bt_map,1,8,0.7684927664910268
0.2,0.0,bt_map,1,9,0.8623575513035358
0.2,0.0,bt_map,1,10,0.8589154921104644
0.2,0.0,bt_map,1,11,0.6986436382409823
0.2,0.0,bt_map,1,12,0.5609292118915638
0.2,0.0,bt_map,1,13,0.731679127408905
0.2,0.0,bt_map,1,14,0.5834597337756475
0.2,0.0,bt_map,1,15,0.4750257781759267
0.2,0.0,bt_map,1,16,0.4101068137636043
0.2,0.0,bt_map,1,17,0.4485510385622852
0.2,0.0,bt_map,1,18,0.38501639327797904
0.2,0.0,bt_map,1,19,0.36992803032806376
0.2,0.0,bt_map,1,20,0.34130504941990036
0.2,0.0,bt_map,2,1,0.8845406754687638
0.2,0.0,bt_map,2,2,0.6547561959459389
0.2,0.0,bt_map,2,3,0.6083161307202495
0.2,0.0,bt_map,2,4,0.7321474470797373
0.2,0.0,bt_map,2,5,0.7693013872034143
0.2,0.0,bt_map,2,6,0.7197590499459612
0.2,0.0,bt_map,2,7,0.5941677969796155
0.2,0.0,bt_map,2,8,0.32830866453369983
0.2,0.0,bt_map,2,9,0.4407559988101397
0.2,0.0,bt_map,2,10,0.3836689129525197
0.2,0.0,bt_map,2,11,0.33481600620165103
0.2,0.0,bt_map,2,12,0.34449815683206864
0.2,0.0,bt_map,2,13,0.35013170258436765
0.2,0.0,bt_map,2,14,0.2861176813272903
0.2,0.0,bt_map,2,15,0.5236230453483418
0.2,0.0,bt_map,2,16,0.7074852948954442
0.2,0.0,bt_map,2,17,0.6949347360990829
0.2,0.0,bt_map,2,18,0.7274742403188553
0.2,0.0,bt_map,2,19,0.7090398617164191
0.2,0.0,bt_map,2,20,0.5960588979857514
0.2,0.0,bt_map_k,0,1,0.8013970145751218
0.2,0.0,bt_map_k,0,2,0.6633907624769826
0.2,0.0,bt_map_k,0,3,0.5909576369111956
0.2,0.0,bt_map_k,0,4,0.5840271309903127
0.2,0.0,bt_map_k,0,5,0.49623624824508633
0.2,0.0,bt_map_k,0,6,0.6296930734510925
0.2,0.0,bt_map_k,0,7,0.7175624689772914
0.2,0.0,bt_map_k,0,8,0.5643737541119176
0.2,0.0,bt_map_k,0,9,0.8243607050417893
0.2,0.0,bt_map_k,0,10,0.9430522912901927
0.2,0.0,bt_map_k,0,11,0.8812544598506887
0.2,0.0,bt_map_k,0,12,0.6951091515883248
0.2,0.0,bt_map_k,0,13,0.6864046509157493
0.2,0.0,bt_map_k,0,14,0.7188456206051975
0.2,0.0,bt_map_k,0,15,0.5899966570085878
0.2,0.0,bt_map_k,0,16,0.5954061701366535
0.2,0.0,bt_map_k,0,17,0.5228506907035887
0.2,0.0,bt_map_k,0,18,0.5845297459261005
0.2,0.0,bt_map_k,0,19,0.6512176291651656
0.2,0.0,bt_map_k,0,20,0.8015597364063541
0.2,0.0,bt_map_k,1,1,0.8415976328989679
0.2,0.0,bt_map_k,1,2,0.5272962215509835
0.2,0.0,bt_map_k,1,3,0.6681617625097369
0.2,0.0,bt_map_k,1,4,0.7024862918059818
0.2,0.0,bt_map_k,1,5,0.8099632854674225
0.2,0.0,bt_map_k,1,6,0.7321918855327657
0.2,0.0,bt_map_k,1,7,0.8237354639521034
0.2,0.0,bt_map_k,1,8,0.8320874260093647
0.2,0.0,bt_map_k,1,9,0.9275964155838953
0.2,0.0,bt_map_k,1,10,0.8545023741790537
0.2,0.0,bt_map_k,1,11,0.8650289249632315
0.2,0.0,bt_map_k,1,12,0.8522987054975947
0.2,0.0,bt_map_k,1,13,0.9876211995326493
0.2,0.0,bt_map_k,1,14,0.7374034164440345
0.2,0.0,bt_map_k,1,15,0.8150749133553741
0.2,0.0,bt_map_k,1,16,0.9176235131713399
0.2,0.0,bt_map_k,1,17,0.8301416589355439
0.2,0.0,bt_map_k,1,18,0.8688041650692907
0.2,0.0,bt_map_k,1,19,0.9672946109416992
0.2,0.0,bt_map_k,1,20,0.8671173358850475
0.2,0.0,bt_map_k,2,1,0.7885957813630836
0.2,0.0,bt_map_k,2,2,0.7274749343155634
0.2,0.0,bt_map_k,2,3,0.5993290571444574
0.2,0.0,bt_map_k,2,4,0.6483091446099094
0.2,0.0,bt_map_k,2,5,0.6266212274415167
0.2,0.0,bt_map_k,2,6,0.9218194267087634
0.2,0.0,bt_map_k,2,7,0.9564113524905085
0.2,0.0,bt_map_k,2,8,0.9430927892655824
0.2,0.0,bt_map_k,2,9,0.7825964338595428
0.2,0.0,bt_map_k,2,10,0.676499633521974
0.2,0.0,bt_map_k,2,11,0.5844060571831684
0.2,0.0,bt_map_k,2,12,0.5639710612428086
0.2,0.0,bt_map_k,2,13,0.6096076532610201
0.2,0.0,bt_map_k,2,14,0.611048952062579
0.2,0.0,bt_map_k,2,15,0.5890193802642005
0.2,0.0,bt_map_k,2,16,0.546625097143749
0.2,0.0,bt_map_k,2,17,0.5742550516621587
0.2,0.0,bt_map_k,2,18,0.5059181803273597
0.2,0.0,bt_map_k,2,19,0.5266914995733206
0.2,0.0,bt_map_k,2,20,0.5955689937409622
0.2,0.0,bt_map_random,0,1,0.6687872481493929
0.2,0.0,bt_map_random,0,2,0.7266287802178332
0.2,0.0,bt_map_random,0,3,0.8068615960747679
0.2,0.0,bt_map_random,0,4,0.8851243489728579
0.2,0.0,bt_map_random,0,5,0.7425592106780114
0.2,0.0,bt_map_random,0,6,0.7907117610871092
0.2,0.0,bt_map_random,0,7,0.7765447638517432
0.2,0.0,bt_map_random,0,8,0.7616153620472946
0.2,0.0,bt_map_random,0,9,0.7717640473162466
0.2,0.0,bt_map_random,0,10,0.7976488319362399
0.2,0.0,bt_map_random,0,11,0.7704437158789721
0.2,0.0,bt_map_random,0,12,0.7304363146987359
0.2,0.0,bt_map_random,0,13,0.7225760945370739
0.2,0.0,bt_map_random,0,14,0.7068376695576826
0.2,0.0,bt_map_random,0,15,0.708550628645538
0.2,0.0,bt_map_random,0,16,0.7328743736801042
0.2,0.0,bt_map_random,0,17,0.7800371440910754
0.2,0.0,bt_map_random,0,18,0.7885246950670212
0.2,0.0,bt_map_random,0,19,0.8432651974883992
0.2,0.0,bt_map_random,0,20,0.7984332196016989
0.2,0.0,bt_map_random,1,1,0.5948232211045266
0.2,0.0,bt_map_random,1,2,0.5827616526576286
0.2,0.0,bt_map_random,1,3,0.6039162822673811
0.2,0.0,bt_map_random,1,4,0.5929702310654689
0.2,0.0,bt_map_random,1,5,0.47710609451199426
0.2,0.0,bt_map_random,1,6,0.2502797551795908
0.2,0.0,bt_map_random,1,7,0.1760612865839248
0.2,0.0,bt_map_random,1,8,0.3471424584541207
0.2,0.0,bt_map_random,1,9,0.35592106118838474
0.2,0.0,bt_map_random,1,10,0.4540950313460158
0.2,0.0,bt_map_random,1,11,0.496984072599557
0.2,0.0,bt_map_random,1,12,0.540830732951167
0.2,0.0,bt_map_random,1,13,0.5446227888916647
0.2,0.0,bt_map_random,1,14,0.5435307562530527
0.2,0.0,bt_map_random,1,15,0.5167983154571875
0.2,0.0,bt_map_random,1,16,0.5511467663000814
0.2,0.0,bt_map_random,1,17,0.5525527277884137
0.2,0.0,bt_map_random,1,18,0.5402094332941693
0.2,0.0,bt_map_random,1,19,0.5366106945336466
0.2,0.0,bt_map_random,1,20,0.5011162430265275
0.2,0.0,bt_map_random,2,1,0.6421709462079083
0.2,0.0,bt_map_random,2,2,0.8621180819487376
0.2,0.0,bt_map_random,2,3,0.803619430904683
0.2,0.0,bt_map_random,2,4,0.6639549111493779
0.2,0.0,bt_map_random,2,5,0.8462421964371943
0.2,0.0,bt_map_random,2,6,0.8330161799688227
0.2,0.0,bt_map_random,2,7,0.8940889087240362
0.2,0.0,bt_map_random,2,8,0.98881394110294
0.2,0.0,bt_map_random,2,9,0.970004642378136
0.2,0.0,bt_map_random,2,10,0.9676304145607173
0.2,0.0,bt_map_random,2,11,0.8719534550744018
0.2,0.0,bt_map_random,2,12,0.9103015088537846
0.2,0.0,bt_map_random,2,13,0.9339291342738144
0.2,0.0,bt_map_random,2,14,0.9049796207571466
0.2,0.0,bt_map_random,2,15,0.908946072266559
0.2,0.0,bt_map_random,2,16,0.9379608460505948
0.2,0.0,bt_map_random,2,17,0.8973269364803473
0.2,0.0,bt_map_random,2,18,0.9111501125171791
0.2,0.0,bt_map_random,2,19,0.9074239573872835
0.2,0.0,bt_map_random,2,20,0.8958500294760531
0.2,0.0,bt_map_left,0,1,0.5726751751859955
0.2,0.0,bt_map_left,0,2,0.24260348609330887
0.2,0.0,bt_map_left,0,3,0.42089158746322936
0.2,0.0,bt_map_left,0,4,0.2917307830540159
0.2,0.0,bt_map_left,0,5,0.46917913852214904
0.2,0.0,bt_map_left,0,6,0.36050833066674765
0.2,0.0,bt_map_left,0,7,0.365379885141632
0.2,0.0,bt_map_left,0,8,0.3810488748186622
0.2,0.0,bt_map_left,0,9,0.4269964650890185
0.2,0.0,bt_map_left,0,10,0.43790401896631026
0.2,0.0,bt_map_left,0,11,0.40857168899470786
0.2,0.0,bt_map_left,0,12,0.39030225329062235
0.2,0.0,bt_map_left,0,13,0.4548817216987868
0.2,0.0,bt_map_left,0,14,0.3951679996202577
0.2,0.0,bt_map_left,0,15,0.45861659590091575
0.2,0.0,bt_map_left,0,16,0.5592199192111732
0.2,0.0,bt_map_left,0,17,0.5936296258135585
0.2,0.0,bt_map_left,0,18,0.6188238360737306
0.2,0.0,bt_map_left,0,19,0.6158039064940187
0.2,0.0,bt_map_left,0,20,0.5715399358710201
0.2,0.0,bt_map_left,1,1,0.5082419166087646
0.2,0.0,bt_map_left,1,2,0.7267739469435692
0.2,0.0,bt_map_left,1,3,0.590341099270858
0.2,0.0,bt_map_left,1,4,0.6804542759959021
0.2,0.0,bt_map_left,1,5,0.5852506267648092
0.2,0.0,bt_map_left,1,6,0.40078054686639003
0.2,0.0,bt_map_left,1,7,0.33094817677447447
0.2,0.0,bt_map_left,1,8,0.3186527664100139
0.2,0.0,bt_map_left,1,9,0.3162530800608754
0.2,0.0,bt_map_left,1,10,0.31625308006087516
0.2,0.0,bt_map_left,1,11,0.42854495077436183
0.2,0.0,bt_map_left,1,12,0.35346748678247064
0.2,0.0,bt_map_left,1,13,0.3162530800608756
0.2,0.0,bt_map_left,1,14,0.3162530800608756
0.2,0.0,bt_map_left,1,15,0.3162530800608756
0.2,0.0,bt_map_left,1,16,0.3162530800608755
0.2,0.0,bt_map_left,1,17,0.31625308006087627
0.2,0.0,bt_map_left,1,18,0.31625308006087516
0.2,0.0,bt_map_left,1,19,0.3162530800608756
0.2,0.0,bt_map_left,1,20,0.3162530800608759
0.2,0.0,bt_map_left,2,1,0.7181486323447384
0.2,0.0,bt_map_left,2,2,0.7589621301320126
0.2,0.0,bt_map_left,2,3,0.7695617044651509
0.2,0.0,bt_map_left,2,4,0.744302312952691
0.2,0.0,bt_map_left,2,5,0.9890411186660735
0.2,0.0,bt_map_left,2,6,0.83617336901856
0.2,0.0,bt_map_left,2,7,0.6772480257860003
0.2,0.0,bt_map_left,2,8,0.7122894659489439
0.2,0.0,bt_map_left,2,9,0.7719219206840918
0.2,0.0,bt_map_left,2,10,0.7710705054843136
0.2,0.0,bt_map_left,2,11,0.7985602878644911
0.2,0.0,bt_map_left,2,12,0.7896574954536937
0.2,0.0,bt_map_left,2,13,0.8924671706798888
0.2,0.0,bt_map_left,2,14,0.9858962260608193
0.2,0.0,bt_map_left,2,15,0.9896742523798979
0.2,0.0,bt_map_left,2,16,0.9723111445679995
0.2,0.0,bt_map_left,2,17,0.9063613945890173
0.2,0.0,bt_map_left,2,18,0.9343790804730276
0.2,0.0,bt_map_left,2,19,0.9268712347458599
0.2,0.0,bt_map_left,2,20,0.9250523759712184
0.2,0.2,multiframe_bald,0,1,0.951242257060123
0.2,0.2,multiframe_bald,0,2,0.961420638386994
0.2,0.2,multiframe_bald,0,3,0.9195800292779112
0.2,0.2,multiframe_bald,0,4,0.9291446338665402
0.2,0.2,multiframe_bald,0,5,0.9032829018154467
0.2,0.2,multiframe_bald,0,6,0.959915614107713
0.2,0.2,multiframe_bald,0,7,0.9632809348075203
0.2,0.2,multiframe_bald,0,8,0.9574110451528105
0.2,0.2,multiframe_bald,0,9,0.9083178173890899
0.2,0.2,multiframe_bald,0,10,0.9873131968532812
0.2,0.2,multiframe_bald,0,11,0.9872949220666944
0.2,0.2,multiframe_bald,0,12,0.9835535583398906
0.2,0.2,multiframe_bald,0,13,0.9954402883044267
0.2,0.2,multiframe_bald,0,14,0.9820421118209122
0.2,0.2,multiframe_bald,0,15,0.9771150604867707
0.2,0.2,multiframe_bald,0,16,0.9964851594916042
0.2,0.2,multiframe_bald,0,17,0.999178360992927
0.2,0.2,multiframe_bald,0,18,0.992086253879671
0.2,0.2,multiframe_bald,0,19,0.9943925774672567
0.2,0.2,multiframe_bald,0,20,0.9877863297721285
0.2,0.2,multiframe_bald,1,1,0.8867978255057509
0.2,0.2,multiframe_bald,1,2,0.9621609911405632
0.2,0.2,multiframe_bald,1,3,0.9619895285171993
0.2,0.2,multiframe_bald,1,4,0.969002140846589
0.2,0.2,multiframe_bald,1,5,0.9669325254310704
0.2,0.2,multiframe_bald,1,6,0.9211220636916704
0.2,0.2,multiframe_bald,1,7,0.8557071003649246
0.2,0.2,multiframe_bald,1,8,0.9787853269769531
0.2,0.2,multiframe_bald,1,9,0.9304843194604249
0.2,0.2,multiframe_bald,1,10,0.9319636392440992
0.2,0.2,multiframe_bald,1,11,0.9882194518196229
0.2,0.2,multiframe_bald,1,12,0.9765464088023657
0.2,0.2,multiframe_bald,1,13,0.9941678369151896
0.2,0.2,multiframe_bald,1,14,0.7644535807061682
0.2,0.2,multiframe_bald,1,15,0.9965461199747739
0.2,0.2,multiframe_bald,1,16,0.98142579608398
0.2,0.2,multiframe_bald,1,17,0.8148928162770289
0.2,0.2,multiframe_bald,1,18,0.9946936005045642
0.2,0.2,multiframe_bald,1,19,0.7401088846184645
0.2,0.2,multiframe_bald,1,20,0.9883180191344609
0.2,0.2,multiframe_bald,2,1,0.8927254667963624
0.2,0.2,multiframe_bald,2,2,0.9173716047572478
0.2,0.2,multiframe_bald,2,3,0.8919327661478396
0.2,0.2,multiframe_bald,2,4,0.9371140360408198
0.2,0.2,multiframe_bald,2,5,0.944938052632237
0.2,0.2,multiframe_bald,2,6,0.9183903127142776
0.2,0.2,multiframe_bald,2,7,0.8782852660329659
0.2,0.2,multiframe_bald,2,8,0.9136417907375366
0.2,0.2,multiframe_bald,2,9,0.9689038826377072
0.2,0.2,multiframe_bald,2,10,0.9580872608826083
0.2,0.2,multiframe_bald,2,11,0.9523526081216461
0.2,0.2,multiframe_bald,2,12,0.901272770468758
0.2,0.2,multiframe_bald,2,13,0.9618288120315523
0.2,0.2,multiframe_bald,2,14,0.990556636667188
0.2,0.2,multiframe_bald,2,15,0.923225347403993
0.2,0.2,multiframe_bald,2,16,0.9443147708316922
0.2,0.2,multiframe_bald,2,17,0.9969196567914782
0.2,0.2,multiframe_bald,2,18,0.998791582864984
0.2,0.2,multiframe_bald,2,19,0.988873659135045
0.2,0.2,multiframe_bald,2,20,0.9985090751593556
0.2,0.2,bt_map,0,1,0.8752078618301341
0.2,0.2,bt_map,0,2,0.6991017973912945
0.2,0.2,bt_map,0,3,0.5112999892611823
0.2,0.2,bt_map,0,4,0.5112999892611823
0.2,0.2,bt_map,0,5,0.3891804722973921
0.2,0.2,bt_map,0,6,0.4662931324945572
0.2,0.2,bt_map,0,7,0.610207166762326
0.2,0.2,bt_map,0,8,0.5427637652347093
0.2,0.2,bt_map,0,9,0.6319166021336655
0.2,0.2,bt_map,0,10,0.630105206539375
0.2,0.2,bt_map,0,11,0.657717930505946
0.2,0.2,bt_map,0,12,0.6639521818643566
0.2,0.2,bt_map,0,13,0.6720105240479438
0.2,0.2,bt_map,0,14,0.6906261469898407
0.2,0.2,bt_map,0,15,0.6999362724444873
0.2,0.2,bt_map,0,16,0.7455466979944118
0.2,0.2,bt_map,0,17,0.6879664532051809
0.2,0.2,bt_map,0,18,0.644422059482226
0.2,0.2,bt_map,0,19,0.6444220709148012
0.2,0.2,bt_map,0,20,0.7869250266477368
0.2,0.2,bt_map,1,1,0.5185148413621791
0.2,0.2,bt_map,1,2,0.3060052585150017
0.2,0.2,bt_map,1,3,0.1084843364095625
0.2,0.2,bt_map,1,4,0.10849008043615951
0.2,0.2,bt_map,1,5,0.06943177570767191
0.2,0.2,bt_map,1,6,0.12361114702389618
0.2,0.2,bt_map,1,7,0.35640652848162774
0.2,0.2,bt_map,1,8,0.33619432974790314
0.2,0.2,bt_map,1,9,0.17954319931113333
0.2,0.2,bt_map,1,10,0.16135945667075924
0.2,0.2,bt_map,1,11,0.05937205633334407
0.2,0.2,bt_map,1,12,0.009266401148897044
0.2,0.2,bt_map,1,13,0.1006806768803307
0.2,0.2,bt_map,1,14,0.13771610045208532
0.2,0.2,bt_map,1,15,0.13771610045208532
0.2,0.2,bt_map,1,16,0.1595539348361372
0.2,0.2,bt_map,1,17,0.19411271433791852
0.2,0.2,bt_map,1,18,0.17824422268325035
0.2,0.2,bt_map,1,19,0.11212084163674545
0.2,0.2,bt_map,1,20,0.11212084163674545
0.2,0.2,bt_map,2,1,0.8845406754687638
0.2,0.2,bt_map,2,2,0.6547561959459389
0.2,0.2,bt_map,2,3,0.6083161307202495
0.2,0.2,bt_map,2,4,0.7321474470797373
0.2,0.2,bt_map,2,5,0.7693013872034143
0.2,0.2,bt_map,2,6,0.7197590499459612
0.2,0.2,bt_map,2,7,0.5941677969796155
0.2,0.2,bt_map,2,8,0.32830866453369983
0.2,0.2,bt_map,2,9,0.4407559988101397
0.2,0.2,bt_map,2,10,0.3836689129525197
0.2,0.2,bt_map,2,11,0.33481600620165103
0.2,0.2,bt_map,2,12,0.34449815683206864
0.2,0.2,bt_map,2,13,0.35013170258436765
0.2,0.2,bt_map,2,14,0.2861176813272903
0.2,0.2,bt_map,2,15,0.5236230453483418
0.2,0.2,bt_map,2,16,0.7074852948954442
0.2,0.2,bt_map,2,17,0.6949347360990829
0.2,0.2,bt_map,2,18,0.7274742403188553
0.2,0.2,bt_map,2,19,0.7090398617164191
0.2,0.2,bt_map,2,20,0.5960588979857514
0.2,0.2,bt_map_k,0,1,0.8013970145751218
0.2,0.2,bt_map_k,0,2,0.8013970145751218
0.2,0.2,bt_map_k,0,3,0.5156083176480531
0.2,0.2,bt_map_k,0,4,0.6012396843880256
0.2,0.2,bt_map_k,0,5,0.5840479877429265
0.2,0.2,bt_map_k,0,6,0.693208258817378
0.2,0.2,bt_map_k,0,7,0.8924975976295763
0.2,0.2,bt_map_k,0,8,0.7506616905336725
0.2,0.2,bt_map_k,0,9,0.41081344828507005
0.2,0.2,bt_map_k,0,10,0.4108146653698773
0.2,0.2,bt_map_k,0,11,0.3854372492694226
0.2,0.2,bt_map_k,0,12,0.19559813888978167
0.2,0.2,bt_map_k,0,13,0.195598546795276
0.2,0.2,bt_map_k,0,14,0.32841102301158004
0.2,0.2,bt_map_k,0,15,0.2703265828755683
0.2,0.2,bt_map_k,0,16,0.2703265828755683
0.2,0.2,bt_map_k,0,17,0.27014109236237893
0.2,0.2,bt_map_k,0,18,0.1873412636294195
0.2,0.2,bt_map_k,0,19,0.32554959378500353
0.2,0.2,bt_map_k,0,20,0.30253247354907425
0.2,0.2,bt_map_k,0,21,0.46279249106709375
0.2,0.2,bt_map_k,0,22,0.3410310450212376
0.2,0.2,bt_map_k,0,23,0.41976253681819575
0.2,0.2,bt_map_k,0,24,0.3054558368035829
0.2,0.2,bt_map_k,1,1,0.8415976328989679
0.2,0.2,bt_map_k,1,2,0.5272962215509835
0.2,0.2,bt_map_k,1,3,0.6681617625097369
0.2,0.2,bt_map_k,1,4,0.7024862918059818
0.2,0.2,bt_map_k,1,5,0.8099632854674225
0.2,0.2,bt_map_k,1,6,0.7321918855327657
0.2,0.2,bt_map_k,1,7,0.8237354639521034
0.2,0.2,bt_map_k,1,8,0.8320874260093647
0.2,0.2,bt_map_k,1,9,0.8320874260093647
0.2,0.2,bt_map_k,1,10,0.7042093442603414
0.2,0.2,bt_map_k,1,11,0.7870203267867787
0.2,0.2,bt_map_k,1,12,0.7747929798801259
0.2,0.2,bt_map_k,1,13,0.8458411125876543
0.2,0.2,bt_map_k,1,14,0.8096439942186268
0.2,0.2,bt_map_k,1,15,0.8314404919283228
0.2,0.2,bt_map_k,1,16,0.785108781875228
0.2,0.2,bt_map_k,1,17,0.7757034177590272
0.2,0.2,bt_map_k,1,18,0.8057818715358885
0.2,0.2,bt_map_k,1,19,0.8451160004075665
0.2,0.2,bt_map_k,1,20,0.7887243327750637
0.2,0.2,bt_map_k,1,21,0.7201112317136051
0.2,0.2,bt_map_k,2,1,0.7885957813630836
0.2,0.2,bt_map_k,2,2,0.7274749343155634
0.2,0.2,bt_map_k,2,3,0.5993290571444574
0.2,0.2,bt_map_k,2,4,0.5993292039305961
0.2,0.2,bt_map_k,2,5,0.5530186516409495
0.2,0.2,bt_map_k,2,6,0.8955968274693205
0.2,0.2,bt_map_k,2,7,0.9733482726897061
0.2,0.2,bt_map_k,2,8,0.8761921293610719
0.2,0.2,bt_map_k,2,9,0.7487425206413731
0.2,0.2,bt_map_k,2,10,0.5611607707889855
0.2,0.2,bt_map_k,2,11,0.5355703858413945
0.2,0.2,bt_map_k,2,12,0.4834344014236547
0.2,0.2,bt_map_k,2,13,0.47388702376203146
0.2,0.2,bt_map_k,2,14,0.47505164779368736
0.2,0.2,bt_map_k,2,15,0.47619944167798295
0.2,0.2,bt_map_k,2,16,0.4721401958048824
0.2,0.2,bt_map_k,2,17,0.47599240350806443
0.2,0.2,bt_map_k,2,18,0.5932909709657742
0.2,0.2,bt_map_k,2,19,0.779514237059782
0.2,0.2,bt_map_k,2,20,0.8848472049673612
0.2,0.2,bt_map_k,2,21,0.8848472049673612
0.2,0.2,bt_map_k,2,22,0.8879682462551137
0.2,0.2,bt_map_random,0,1,0.6687872481493929
0.2,0.2,bt_map_random,0,2,0.7266287802178332
0.2,0.2,bt_map_random,0,3,0.8068615960747679
0.2,0.2,bt_map_random,0,4,0.8851243489728579
0.2,0.2,bt_map_random,0,5,0.7425592106780114
0.2,0.2,bt_map_random,0,6,0.7907117610871092
0.2,0.2,bt_map_random,0,7,0.7765447638517432
0.2,0.2,bt_map_random,0,8,0.7616153620472946
0.2,0.2,bt_map_random,0,9,0.7717640473162466
0.2,0.2,bt_map_random,0,10,0.7976488319362399
0.2,0.2,bt_map_random,0,11,0.7704437158789721
0.2,0.2,bt_map_random,0,12,0.7304363146987359
0.2,0.2,bt_map_random,0,13,0.7198876965394818
0.2,0.2,bt_map_random,0,14,0.7037041267139678
0.2,0.2,bt_map_random,0,15,0.7037041267139678
0.2,0.2,bt_map_random,0,16,0.7116720457078196
0.2,0.2,bt_map_random,0,17,0.7619688327636276
0.2,0.2,bt_map_random,0,18,0.794111269598209
0.2,0.2,bt_map_random,0,19,0.8522323185568642
0.2,0.2,bt_map_random,0,20,0.8358585475772955
0.2,0.2,bt_map_random,1,1,0.5948232211045266
0.2,0.2,bt_map_random,1,2,0.5827616526576286
0.2,0.2,bt_map_random,1,3,0.6039162822673811
0.2,0.2,bt_map_random,1,4,0.5929702310654689
0.2,0.2,bt_map_random,1,5,0.47710609451199426
0.2,0.2,bt_map_random,1,6,0.2502797551795908
0.2,0.2,bt_map_random,1,7,0.1760612865839248
0.2,0.2,bt_map_random,1,8,0.3471424584541207
0.2,0.2,bt_map_random,1,9,0.35592106118838474
0.2,0.2,bt_map_random,1,10,0.4540950313460158
0.2,0.2,bt_map_random,1,11,0.496984072599557
0.2,0.2,bt_map_random,1,12,0.540830732951167
0.2,0.2,bt_map_random,1,13,0.5446227888916647
0.2,0.2,bt_map_random,1,14,0.5435307562530527
0.2,0.2,bt_map_random,1,15,0.5167983154571875
0.2,0.2,bt_map_random,1,16,0.5511467663000814
0.2,0.2,bt_map_random,1,17,0.5525527277884137
0.2,0.2,bt_map_random,1,18,0.5402094332941693
0.2,0.2,bt_map_random,1,19,0.5366106945336466
0.2,0.2,bt_map_random,1,20,0.5011162430265275
0.2,0.2,bt_map_random,2,1,0.6421709462079083
0.2,0.2,bt_map_random,2,2,0.8621180819487376
0.2,0.2,bt_map_random,2,3,0.803619430904683
0.2,0.2,bt_map_random,2,4,0.6639549111493779
0.2,0.2,bt_map_random,2,5,0.8462421964371943
0.2,0.2,bt_map_random,2,6,0.8330161799688227
0.2,0.2,bt_map_random,2,7,0.8940889087240362
0.2,0.2,bt_map_random,2,8,0.98881394110294
0.2,0.2,bt_map_random,2,9,0.970004642378136
0.2,0.2,bt_map_random,2,10,0.9676304145607173
0.2,0.2,bt_map_random,2,11,0.8719534550744018
0.2,0.2,bt_map_random,2,12,0.9103015088537846
0.2,0.2,bt_map_random,2,13,0.9339291342738144
0.2,0.2,bt_map_random,2,14,0.9049796207571466
0.2,0.2,bt_map_random,2,15,0.908946072266559
0.2,0.2,bt_map_random,2,16,0.9379608460505948
0.2,0.2,bt_map_random,2,17,0.8973269364803473
0.2,0.2,bt_map_random,2,18,0.9111501125171791
0.2,0.2,bt_map_random,2,19,0.9074239573872835
0.2,0.2,bt_map_random,2,20,0.8958500294760531
0.2,0.2,bt_map_left,0,1,0.5726751751859955
0.2,0.2,bt_map_left,0,2,0.24260348609330887
0.2,0.2,bt_map_left,0,3,0.42089158746322936
0.2,0.2,bt_map_left,0,4,0.2917307830540159
0.2,0.2,bt_map_left,0,5,0.46917913852214904
0.2,0.2,bt_map_left,0,6,0.36050833066674765
0.2,0.2,bt_map_left,0,7,0.365379885141632
0.2,0.2,bt_map_left,0,8,0.3810488748186622
0.2,0.2,bt_map_left,0,9,0.4269964650890185
0.2,0.2,bt_map_left,0,10,0.43790401896631026
0.2,0.2,bt_map_left,0,11,0.40857168899470786
0.2,0.2,bt_map_left,0,12,0.39030225329062235
0.2,0.2,bt_map_left,0,13,0.4548817216987868
0.2,0.2,bt_map_left,0,14,0.3951679996202577
0.2,0.2,bt_map_left,0,15,0.45861659590091575
0.2,0.2,bt_map_left,0,16,0.5592199192111732
0.2,0.2,bt_map_left,0,17,0.5936296258135585
0.2,0.2,bt_map_left,0,18,0.6188238360737306
0.2,0.2,bt_map_left,0,19,0.6158039064940187
0.2,0.2,bt_map_left,0,20,0.5715399358710201
0.2,0.2,bt_map_left,1,1,0.5082419166087646
0.2,0.2,bt_map_left,1,2,0.7267739469435692
0.2,0.2,bt_map_left,1,3,0.590341099270858
0.2,0.2,bt_map_left,1,4,0.6804542759959021
0.2,0.2,bt_map_left,1,5,0.5852506267648092
0.2,0.2,bt_map_left,1,6,0.40078054686639003
0.2,0.2,bt_map_left,1,7,0.33094817677447447
0.2,0.2,bt_map_left,1,8,0.3186527664100139
0.2,0.2,bt_map_left,1,9,0.3162530800608754
0.2,0.2,bt_map_left,1,10,0.31625308006087516
0.2,0.2,bt_map_left,1,11,0.42854495077436183
0.2,0.2,bt_map_left,1,12,0.35346748678247064
0.2,0.2,bt_map_left,1,13,0.3162530800608756
0.2,0.2,bt_map_left,1,14,0.36444970709010704
0.2,0.2,bt_map_left,1,15,0.34965049831647627
0.2,0.2,bt_map_left,1,16,0.3822368104302809
0.2,0.2,bt_map_left,1,17,0.34316803940537266
0.2,0.2,bt_map_left,1,18,0.3642273330052284
0.2,0.2,bt_map_left,1,19,0.3976577670198542
0.2,0.2,bt_map_left,1,20,0.4469646098398894
0.2,0.2,bt_map_left,2,1,0.7181486323447384
0.2,0.2,bt_map_left,2,2,0.7589621301320126
0.2,0.2,bt_map_left,2,3,0.7695617044651509
0.2,0.2,bt_map_left,2,4,0.744302312952691
0.2,0.2,bt_map_left,2,5,0.9890411186660735
0.2,0.2,bt_map_left,2,6,0.83617336901856
0.2,0.2,bt_map_left,2,7,0.6772480257860003
0.2,0.2,bt_map_left,2,8,0.7122894659489439
0.2,0.2,bt_map_left,2,9,0.7719219206840918
0.2,0.2,bt_map_left,2,10,0.7710705054843136
0.2,0.2,bt_map_left,2,11,0.7985602878644911
0.2,0.2,bt_map_left,2,12,0.7896574954536937
0.2,0.2,bt_map_left,2,13,0.8924671706798888
0.2,0.2,bt_map_left,2,14,0.9858962260608193
0.2,0.2,bt_map_left,2,15,0.9896742523798979
0.2,0.2,bt_map_left,2,16,0.9723111445679995
0.2,0.2,bt_map_left,2,17,0.9063613945890173
0.2,0.2,bt_map_left,2,18,0.9343790804730276
0.2,0.2,bt_map_left,2,19,0.9268712347458599
0.2,0.2,bt_map_left,2,20,0.9250523759712184
0.4,0.0,multiframe_bald,0,1,0.8618528712926226
0.4,0.0,multiframe_bald,0,2,0.9522407058730958
0.4,0.0,multiframe_bald,0,3,0.9155878306849379
0.4,0.0,multiframe_bald,0,4,0.9433318608584252
0.4,0.0,multiframe_bald,0,5,0.9724922323183206
0.4,0.0,multiframe_bald,0,6,0.9117606601969709
0.4,0.0,multiframe_bald,0,7,0.9363478163544042
0.4,0.0,multiframe_bald,0,8,0.9809962500761082
0.4,0.0,multiframe_bald,0,9,0.9820568246715383
0.4,0.0,multiframe_bald,0,10,0.9942080999700815
0.4,0.0,multiframe_bald,0,11,0.9848126092987852
0.4,0.0,multiframe_bald,0,12,0.9815687863048906
0.4,0.0,multiframe_bald,0,13,0.9909704244925104
0.4,0.0,multiframe_bald,0,14,0.9982370700697967
0.4,0.0,multiframe_bald,0,15,0.9930691867100796
0.4,0.0,multiframe_bald,0,16,0.9979216624369497
0.4,0.0,multiframe_bald,0,17,0.889385243143894
0.4,0.0,multiframe_bald,0,18,0.9517233116690081
0.4,0.0,multiframe_bald,0,19,0.8982682998549217
0.4,0.0,multiframe_bald,0,20,0.9948077204371037
0.4,0.0,multiframe_bald,1,1,0.9558613444019206
0.4,0.0,multiframe_bald,1,2,0.9743300803965709
0.4,0.0,multiframe_bald,1,3,0.8547249538113653
0.4,0.0,multiframe_bald,1,4,0.9657375806570138
0.4,0.0,multiframe_bald,1,5,0.9295230933645833
0.4,0.0,multiframe_bald,1,6,0.9862997532559251
0.4,0.0,multiframe_bald,1,7,0.9932844501681977
0.4,0.0,multiframe_bald,1,8,0.9971287210551936
0.4,0.0,multiframe_bald,1,9,0.9873564205039687
0.4,0.0,multiframe_bald,1,10,0.940538861875412
0.4,0.0,multiframe_bald,1,11,0.9942775759247389
0.4,0.0,multiframe_bald,1,12,0.9885005893623958
0.4,0.0,multiframe_bald,1,13,0.990735381227301
0.4,0.0,multiframe_bald,1,14,0.9748055603856758
0.4,0.0,multiframe_bald,1,15,0.9953686688426692
0.4,0.0,multiframe_bald,1,16,0.998315645921305
0.4,0.0,multiframe_bald,1,17,0.8006116268858299
0.4,0.0,multiframe_bald,1,18,0.9401384738521181
0.4,0.0,multiframe_bald,1,19,0.9864572165097286
0.4,0.0,multiframe_bald,1,20,0.9535359277830825
0.4,0.0,multiframe_bald,2,1,0.8994852295681132
0.4,0.0,multiframe_bald,2,2,0.8944800911213212
0.4,0.0,multiframe_bald,2,3,0.892471291193283
0.4,0.0,multiframe_bald,2,4,0.9372575039690257
0.4,0.0,multiframe_bald,2,5,0.947601864362573
0.4,0.0,multiframe_bald,2,6,0.9872485621619282
0.4,0.0,multiframe_bald,2,7,0.9656230504726969
0.4,0.0,multiframe_bald,2,8,0.9585141105669054
0.4,0.0,multiframe_bald,2,9,0.9972776321300895
0.4,0.0,multiframe_bald,2,10,0.982323010890938
0.4,0.0,multiframe_bald,2,11,0.9910354685233067
0.4,0.0,multiframe_bald,2,12,0.985165997285411
0.4,0.0,multiframe_bald,2,13,0.9938948189058343
0.4,0.0,multiframe_bald,2,14,0.977069199460795
0.4,0.0,multiframe_bald,2,15,0.9988014045849704
0.4,0.0,multiframe_bald,2,16,0.9966451750609516
0.4,0.0,multiframe_bald,2,17,0.9948102033031179
0.4,0.0,multiframe_bald,2,18,0.9957367903447472
0.4,0.0,multiframe_bald,2,19,0.997158205095648
0.4,0.0,multiframe_bald,2,20,0.9974779760655389
0.4,0.0,bt_map,0,1,0.8752078618301341
0.4,0.0,bt_map,0,2,0.6991017973912945
0.4,0.0,bt_map,0,3,0.5112999892611823
0.4,0.0,bt_map,0,4,0.38265402372361035
0.4,0.0,bt_map,0,5,0.4085502414031784
0.4,0.0,bt_map,0,6,0.40051530477057273
0.4,0.0,bt_map,0,7,0.44697056833154264
0.4,0.0,bt_map,0,8,0.4493702424421211
0.4,0.0,bt_map,0,9,0.4217370770463643
0.4,0.0,bt_map,0,10,0.44866675432072883
0.4,0.0,bt_map,0,11,0.47611027538098216
0.4,0.0,bt_map,0,12,0.6233368964734624
0.4,0.0,bt_map,0,13,0.6861926964703015
0.4,0.0,bt_map,0,14,0.7002321385872134
0.4,0.0,bt_map,0,15,0.6744506105895808
0.4,0.0,bt_map,0,16,0.6303877886350256
0.4,0.0,bt_map,0,17,0.6587607275824975
0.4,0.0,bt_map,0,18,0.643449688988858
0.4,0.0,bt_map,0,19,0.6092072466720234
0.4,0.0,bt_map,0,20,0.5444790431565734
0.4,0.0,bt_map,1,1,0.5185148413621791
0.4,0.0,bt_map,1,2,0.3060052585150017
0.4,0.0,bt_map,1,3,0.1084843364095625
0.4,0.0,bt_map,1,4,0.21006242606022593
0.4,0.0,bt_map,1,5,0.16292171872835956
0.4,0.0,bt_map,1,6,0.5947116673387498
0.4,0.0,bt_map,1,7,0.7087449018301737
0.4,0.0,bt_map,1,8,0.7684927664910268
0.4,0.0,bt_map,1,9,0.8623575513035358
0.4,0.0,bt_map,1,10,0.8589154921104644
0.4,0.0,bt_map,1,11,0.6986436382409823
0.4,0.0,bt_map,1,12,0.5609292118915638
0.4,0.0,bt_map,1,13,0.731679127408905
0.4,0.0,bt_map,1,14,0.5834597337756475
0.4,0.0,bt_map,1,15,0.4750257781759267
0.4,0.0,bt_map,1,16,0.4101068137636043
0.4,0.0,bt_map,1,17,0.4485510385622852
0.4,0.0,bt_map,1,18,0.38501639327797904
0.4,0.0,bt_map,1,19,0.36992803032806376
0.4,0.0,bt_map,1,20,0.34130504941990036
0.4,0.0,bt_map,2,1,0.8845406754687638
0.4,0.0,bt_map,2,2,0.6547561959459389
0.4,0.0,bt_map,2,3,0.6083161307202495
0.4,0.0,bt_map,2,4,0.7321474470797373
0.4,0.0,bt_map,2,5,0.7693013872034143
0.4,0.0,bt_map,2,6,0.7197590499459612
0.4,0.0,bt_map,2,7,0.5941677969796155
0.4,0.0,bt_map,2,8,0.32830866453369983
0.4,0.0,bt_map,2,9,0.4407559988101397
0.4,0.0,bt_map,2,10,0.3836689129525197
0.4,0.0,bt_map,2,11,0.33481600620165103
0.4,0.0,bt_map,2,12,0.34449815683206864
0.4,0.0,bt_map,2,13,0.35013170258436765
0.4,0.0,bt_map,2,14,0.2861176813272903
0.4,0.0,bt_map,2,15,0.5236230453483418
0.4,0.0,bt_map,2,16,0.7074852948954442
0.4,0.0,bt_map,2,17,0.6949347360990829
0.4,0.0,bt_map,2,18,0.7274742403188553
0.4,0.0,bt_map,2,19,0.7090398617164191
0.4,0.0,bt_map,2,20,0.5960588979857514
0.4,0.0,bt_map_k,0,1,0.8013970145751218
0.4,0.0,bt_map_k,0,2,0.6633907624769826
0.4,0.0,bt_map_k,0,3,0.5909576369111956
0.4,0.0,bt_map_k,0,4,0.5840271309903127
0.4,0.0,bt_map_k,0,5,0.49623624824508633
0.4,0.0,bt_map_k,0,6,0.6296930734510925
0.4,0.0,bt_map_k,0,7,0.7175624689772914
0.4,0.0,bt_map_k,0,8,0.5643737541119176
0.4,0.0,bt_map_k,0,9,0.8243607050417893
0.4,0.0,bt_map_k,0,10,0.8243619914155039
0.4,0.0,bt_map_k,0,11,0.6833976588003996
0.4,0.0,bt_map_k,0,12,0.4357259044728297
0.4,0.0,bt_map_k,0,13,0.5660054256927851
0.4,0.0,bt_map_k,0,14,0.5660054256927851
0.4,0.0,bt_map_k,0,15,0.5639062659796185
0.4,0.0,bt_map_k,0,16,0.6464486095566709
0.4,0.0,bt_map_k,0,17,0.583615071637982
0.4,0.0,bt_map_k,0,18,0.640821033912447
0.4,0.0,bt_map_k,0,19,0.6638566352230769
0.4,0.0,bt_map_k,0,20,0.6300921247976315
0.4,0.0,bt_map_k,0,21,0.7936730520025598
0.4,0.0,bt_map_k,0,22,0.9112394523353973
0.4,0.0,bt_map_k,1,1,0.8415976328989679
0.4,0.0,bt_map_k,1,2,0.5272962215509835
0.4,0.0,bt_map_k,1,3,0.6681617625097369
0.4,0.0,bt_map_k,1,4,0.7024862918059818
0.4,0.0,bt_map_k,1,5,0.8099632854674225
0.4,0.0,bt_map_k,1,6,0.7321918855327657
0.4,0.0,bt_map_k,1,7,0.8237354639521034
0.4,0.0,bt_map_k,1,8,0.8320874260093647
0.4,0.0,bt_map_k,1,9,0.9275964155838953
0.4,0.0,bt_map_k,1,10,0.8545023741790537
0.4,0.0,bt_map_k,1,11,0.8650289249632315
0.4,0.0,bt_map_k,1,12,0.8522987054975947
0.4,0.0,bt_map_k,1,13,0.9876211995326493
0.4,0.0,bt_map_k,1,14,0.7374034164440345
0.4,0.0,bt_map_k,1,15,0.8150749133553741
0.4,0.0,bt_map_k,1,16,0.8150749133553741
0.4,0.0,bt_map_k,1,17,0.7925229536147291
0.4,0.0,bt_map_k,1,18,0.8188388773786821
0.4,0.0,bt_map_k,1,19,0.9153758255648616
0.4,0.0,bt_map_k,1,20,0.8667128311605629
0.4,0.0,bt_map_k,1,21,0.7029635381051323
0.4,0.0,bt_map_k,2,1,0.8103945821159126
0.4,0.0,bt_map_k,2,2,0.4659413943561478
0.4,0.0,bt_map_k,2,3,0.4659413943561478
0.4,0.0,bt_map_k,2,4,0.34691746088296466
0.4,0.0,bt_map_k,2,5,0.42089255864011593
0.4,0.0,bt_map_k,2,6,0.40876104646034067
0.4,0.0,bt_map_k,2,7,0.3781713161540773
0.4,0.0,bt_map_k,2,8,0.553696191651314
0.4,0.0,bt_map_k,2,9,0.7851218301237294
0.4,0.0,bt_map_k,2,10,0.8990867173782681
0.4,0.0,bt_map_k,2,11,0.9269034957404523
0.4,0.0,bt_map_k,2,12,0.7986960027538044
0.4,0.0,bt_map_k,2,13,0.9819298343704008
0.4,0.0,bt_map_k,2,14,0.96334214027435
0.4,0.0,bt_map_k,2,15,0.8439566243509627
0.4,0.0,bt_map_k,2,16,0.9085000884729597
0.4,0.0,bt_map_k,2,17,0.859796899789472
0.4,0.0,bt_map_k,2,18,0.6945622913741829
0.4,0.0,bt_map_k,2,19,0.7232595202369597
0.4,0.0,bt_map_k,2,20,0.802035940304782
0.4,0.0,bt_map_k,2,21,0.8020385299513316
0.4,0.0,bt_map_k,2,22,0.781663755312272
0.4,0.0,bt_map_k,2,23,0.752207650233552
0.4,0.0,bt_map_random,0,1,0.6687872481493929
0.4,0.0,bt_map_random,0,2,0.7266287802178332
0.4,0.0,bt_map_random,0,3,0.8068615960747679
0.4,0.0,bt_map_random,0,4,0.8851243489728579
0.4,0.0,bt_map_random,0,5,0.7425592106780114
0.4,0.0,bt_map_random,0,6,0.7907117610871092
0.4,0.0,bt_map_random,0,7,0.7765447638517432
0.4,0.0,bt_map_random,0,8,0.7616153620472946
0.4,0.0,bt_map_random,0,9,0.7717640473162466
0.4,0.0,bt_map_random,0,10,0.7976488319362399
0.4,0.0,bt_map_random,0,11,0.7704437158789721
0.4,0.0,bt_map_random,0,12,0.7304363146987359
0.4,0.0,bt_map_random,0,13,0.7225760945370739
0.4,0.0,bt_map_random,0,14,0.7068376695576826
0.4,0.0,bt_map_random,0,15,0.708550628645538
0.4,0.0,bt_map_random,0,16,0.7328743736801042
0.4,0.0,bt_map_random,0,17,0.7800371440910754
0.4,0.0,bt_map_random,0,18,0.7885246950670212
0.4,0.0,bt_map_random,0,19,0.8432651974883992
0.4,0.0,bt_map_random,0,20,0.7984332196016989
0.4,0.0,bt_map_random,1,1,0.5948232211045266
0.4,0.0,bt_map_random,1,2,0.5827616526576286
0.4,0.0,bt_map_random,1,3,0.542178437316362
0.4,0.0,bt_map_random,1,4,0.48255295222235167
0.4,0.0,bt_map_random,1,5,0.4543604815942661
0.4,0.0,bt_map_random,1,6,0.5464729474938735
0.4,0.0,bt_map_random,1,7,0.5987876692103921
0.4,0.0,bt_map_random,1,8,0.5058156576036227
0.4,0.0,bt_map_random,1,9,0.6115945665447714
0.4,0.0,bt_map_random,1,10,0.5414414813572441
0.4,0.0,bt_map_random,1,11,0.5664470009570457
0.4,0.0,bt_map_random,1,12,0.5558782045496367
0.4,0.0,bt_map_random,1,13,0.4948730351643177
0.4,0.0,bt_map_random,1,14,0.5231969796551186
0.4,0.0,bt_map_random,1,15,0.5397997684470395
0.4,0.0,bt_map_random,1,16,0.47566164893841767
0.4,0.0,bt_map_random,1,17,0.4751535113410212
0.4,0.0,bt_map_random,1,18,0.5153403554920443
0.4,0.0,bt_map_random,1,19,0.5192925218444737
0.4,0.0,bt_map_random,1,20,0.47720080827660194
0.4,0.0,bt_map_random,2,1,0.6421709462079083
0.4,0.0,bt_map_random,2,2,0.8621180819487376
0.4,0.0,bt_map_random,2,3,0.623366719557845
0.4,0.0,bt_map_random,2,4,0.6463268866958817
0.4,0.0,bt_map_random,2,5,0.8915181884715568
0.4,0.0,bt_map_random,2,6,0.875636315678551
0.4,0.0,bt_map_random,2,7,0.7948057834939498
0.4,0.0,bt_map_random,2,8,0.8218995261227126
0.4,0.0,bt_map_random,2,9,0.8963051042964127
0.4,0.0,bt_map_random,2,10,0.9103130428299423
0.4,0.0,bt_map_random,2,11,0.8258761615343919
0.4,0.0,bt_map_random,2,12,0.8968319058125523
0.4,0.0,bt_map_random,2,13,0.910405140356436
0.4,0.0,bt_map_random,2,14,0.8976413619780433
0.4,0.0,bt_map_random,2,15,0.9117932299830322
0.4,0.0,bt_map_random,2,16,0.9089774542557605
0.4,0.0,bt_map_random,2,17,0.8893861291563846
0.4,0.0,bt_map_random,2,18,0.9081014156515124
0.4,0.0,bt_map_random,2,19,0.910311619467457
0.4,0.0,bt_map_random,2,20,0.9008977156829618
0.4,0.0,bt_map_left,0,1,0.5726751751859955
0.4,0.0,bt_map_left,0,2,0.24260348609330887
0.4,0.0,bt_map_left,0,3,0.42089158746322936
0.4,0.0,bt_map_left,0,4,0.2917307830540159
0.4,0.0,bt_map_left,0,5,0.46917913852214904
0.4,0.0,bt_map_left,0,6,0.36050833066674765
0.4,0.0,bt_map_left,0,7,0.365379885141632
0.4,0.0,bt_map_left,0,8,0.3810488748186622
0.4,0.0,bt_map_left,0,9,0.4269964650890185
0.4,0.0,bt_map_left,0,10,0.43790401896631026
0.4,0.0,bt_map_left,0,11,0.40857168899470786
0.4,0.0,bt_map_left,0,12,0.39030225329062235
0.4,0.0,bt_map_left,0,13,0.4548817216987868
0.4,0.0,bt_map_left,0,14,0.3951679996202577
0.4,0.0,bt_map_left,0,15,0.45861659590091575
0.4,0.0,bt_map_left,0,16,0.5592199192111732
0.4,0.0,bt_map_left,0,17,0.5936296258135585
0.4,0.0,bt_map_left,0,18,0.6188238360737306
0.4,0.0,bt_map_left,0,19,0.6158039064940187
0.4,0.0,bt_map_left,0,20,0.5715399358710201
0.4,0.0,bt_map_left,1,1,0.5082419166087646
0.4,0.0,bt_map_left,1,2,0.7267739469435692
0.4,0.0,bt_map_left,1,3,0.590341099270858
0.4,0.0,bt_map_left,1,4,0.6804542759959021
0.4,0.0,bt_map_left,1,5,0.5852506267648092
0.4,0.0,bt_map_left,1,6,0.40078054686639003
0.4,0.0,bt_map_left,1,7,0.33094817677447447
0.4,0.0,bt_map_left,1,8,0.3186527664100139
0.4,0.0,bt_map_left,1,9,0.3162530800608754
0.4,0.0,bt_map_left,1,10,0.31625308006087516
0.4,0.0,bt_map_left,1,11,0.42854495077436183
0.4,0.0,bt_map_left,1,12,0.35346748678247064
0.4,0.0,bt_map_left,1,13,0.3162530800608756
0.4,0.0,bt_map_left,1,14,0.3162530800608756
0.4,0.0,bt_map_left,1,15,0.3162530800608756
0.4,0.0,bt_map_left,1,16,0.3162530800608755
0.4,0.0,bt_map_left,1,17,0.31625308006087627
0.4,0.0,bt_map_left,1,18,0.31625308006087516
0.4,0.0,bt_map_left,1,19,0.3162530800608756
0.4,0.0,bt_map_left,1,20,0.3162530800608759
0.4,0.0,bt_map_left,2,1,0.7181486323447384
0.4,0.0,bt_map_left,2,2,0.7589621301320126
0.4,0.0,bt_map_left,2,3,0.7695617044651509
0.4,0.0,bt_map_left,2,4,0.744302312952691
0.4,0.0,bt_map_left,2,5,0.9890411186660735
0.4,0.0,bt_map_left,2,6,0.83617336901856
0.4,0.0,bt_map_left,2,7,0.6772480257860003
0.4,0.0,bt_map_left,2,8,0.7122894659489439
0.4,0.0,bt_map_left,2,9,0.7719219206840918
0.4,0.0,bt_map_left,2,10,0.7710705054843136
0.4,0.0,bt_map_left,2,11,0.7985602878644911
0.4,0.0,bt_map_left,2,12,0.7896574954536937
0.4,0.0,bt_map_left,2,13,0.8924671706798888
0.4,0.0,bt_map_left,2,14,0.9858962260608193
0.4,0.0,bt_map_left,2,15,0.9896742523798979
0.4,0.0,bt_map_left,2,16,0.9723111445679995
0.4,0.0,bt_map_left,2,17,0.9063613945890173
0.4,0.0,bt_map_left,2,18,0.9343790804730276
0.4,0.0,bt_map_left,2,19,0.9268712347458599
0.4,0.0,bt_map_left,2,20,0.9250523759712184
0.4,0.2,multiframe_bald,0,1,0.9289973837789305
0.4,0.2,multiframe_bald,0,2,0.9234750333381935
0.4,0.2,multiframe_bald,0,3,0.8713889254699361
0.4,0.2,multiframe_bald,0,4,0.8736937278323056
0.4,0.2,multiframe_bald,0,5,0.8638338773810238
0.4,0.2,multiframe_bald,0,6,0.9212640699311289
0.4,0.2,multiframe_bald,0,7,0.8536315672921039
0.4,0.2,multiframe_bald,0,8,0.8924902368515994
0.4,0.2,multiframe_bald,0,9,0.9185070599293782
0.4,0.2,multiframe_bald,0,10,0.9588722120743718
0.4,0.2,multiframe_bald,0,11,0.9523584750676597
0.4,0.2,multiframe_bald,0,12,0.9197687773372787
0.4,0.2,multiframe_bald,0,13,0.9455341658314629
0.4,0.2,multiframe_bald,0,14,0.9980986766771587
0.4,0.2,multiframe_bald,0,15,0.9526713544080736
0.4,0.2,multiframe_bald,0,16,0.9800179157275317
0.4,0.2,multiframe_bald,0,17,0.9661797652365783
0.4,0.2,multiframe_bald,0,18,0.9856619543532561
0.4,0.2,multiframe_bald,0,19,0.9697207907916873
0.4,0.2,multiframe_bald,0,20,0.9987109923791276
0.4,0.2,multiframe_bald,1,1,0.9558613444019206
0.4,0.2,multiframe_bald,1,2,0.9743300803965709
0.4,0.2,multiframe_bald,1,3,0.8458807526915341
0.4,0.2,multiframe_bald,1,4,0.7680638061941768
0.4,0.2,multiframe_bald,1,5,0.837161681637091
0.4,0.2,multiframe_bald,1,6,0.811547248752447
0.4,0.2,multiframe_bald,1,7,0.9829469378214102
0.4,0.2,multiframe_bald,1,8,0.7468894585289093
0.4,0.2,multiframe_bald,1,9,0.994974013050753
0.4,0.2,multiframe_bald,1,10,0.9768631616427099
0.4,0.2,multiframe_bald,1,11,0.8491374113078889
0.4,0.2,multiframe_bald,1,12,0.9286618080139402
0.4,0.2,multiframe_bald,1,13,0.9516113482628425
0.4,0.2,multiframe_bald,1,14,0.9624119757220945
0.4,0.2,multiframe_bald,1,15,0.9929876189756882
0.4,0.2,multiframe_bald,1,16,0.9976672198196956
0.4,0.2,multiframe_bald,1,17,0.9966477436180222
0.4,0.2,multiframe_bald,1,18,0.9937639597904685
0.4,0.2,multiframe_bald,1,19,0.8758639616139331
0.4,0.2,multiframe_bald,1,20,0.9920350476002072
0.4,0.2,multiframe_bald,2,1,0.8994852295681132
0.4,0.2,multiframe_bald,2,2,0.8944800911213212
0.4,0.2,multiframe_bald,2,3,0.9170409837432552
0.4,0.2,multiframe_bald,2,4,0.983112916925084
0.4,0.2,multiframe_bald,2,5,0.9872341923099888
0.4,0.2,multiframe_bald,2,6,0.985388110609376
0.4,0.2,multiframe_bald,2,7,0.9813682095968385
0.4,0.2,multiframe_bald,2,8,0.9872026799562799
0.4,0.2,multiframe_bald,2,9,0.9811519276416225
0.4,0.2,multiframe_bald,2,10,0.9937004327842667
0.4,0.2,multiframe_bald,2,11,0.9983132018013362
0.4,0.2,multiframe_bald,2,12,0.9923894449008129
0.4,0.2,multiframe_bald,2,13,0.9946975635479613
0.4,0.2,multiframe_bald,2,14,0.9982918556656865
0.4,0.2,multiframe_bald,2,15,0.9977255573910457
0.4,0.2,multiframe_bald,2,16,0.9991310555596353
0.4,0.2,multiframe_bald,2,17,0.9964658149816558
0.4,0.2,multiframe_bald,2,18,0.9962312108416584
0.4,0.2,multiframe_bald,2,19,0.9989138703696229
0.4,0.2,multiframe_bald,2,20,0.9967474776331983
0.4,0.2,bt_map,0,1,0.8752078618301341
0.4,0.2,bt_map,0,2,0.6991017973912945
0.4,0.2,bt_map,0,3,0.5112999892611823
0.4,0.2,bt_map,0,4,0.5112999892611823
0.4,0.2,bt_map,0,5,0.3891804722973921
0.4,0.2,bt_map,0,6,0.3891804722973921
0.4,0.2,bt_map,0,7,0.32036129067742924
0.4,0.2,bt_map,0,8,0.6215671444916083
0.4,0.2,bt_map,0,9,0.7060906885972065
0.4,0.2,bt_map,0,10,0.48641755746231996
0.4,0.2,bt_map,0,11,0.4787803172680974
0.4,0.2,bt_map,0,12,0.29866340704133054
0.4,0.2,bt_map,0,13,0.39821526305029165
0.4,0.2,bt_map,0,14,0.5472304054875993
0.4,0.2,bt_map,0,15,0.5472298024277857
0.4,0.2,bt_map,0,16,0.4465488815334645
0.4,0.2,bt_map,0,17,0.3056586306533435
0.4,0.2,bt_map,0,18,0.21247985446626702
0.4,0.2,bt_map,0,19,0.2279109349857846
0.4,0.2,bt_map,0,20,0.35629965974572103
0.4,0.2,bt_map,1,1,0.5185148413621791
0.4,0.2,bt_map,1,2,0.3060052585150017
0.4,0.2,bt_map,1,3,0.1084843364095625
0.4,0.2,bt_map,1,4,0.10849008043615951
0.4,0.2,bt_map,1,5,0.06943177570767191
0.4,0.2,bt_map,1,6,0.12361114702389618
0.4,0.2,bt_map,1,7,0.35640652848162774
0.4,0.2,bt_map,1,8,0.33619432974790314
0.4,0.2,bt_map,1,9,0.17954319931113333
0.4,0.2,bt_map,1,10,0.16135945667075924
0.4,0.2,bt_map,1,11,0.05937205633334407
0.4,0.2,bt_map,1,12,0.009266401148897044
0.4,0.2,bt_map,1,13,0.1006806768803307
0.4,0.2,bt_map,1,14,0.13771610045208532
0.4,0.2,bt_map,1,15,0.13771610045208532
0.4,0.2,bt_map,1,16,0.1595539348361372
0.4,0.2,bt_map,1,17,0.19411271433791852
0.4,0.2,bt_map,1,18,0.17824422268325035
0.4,0.2,bt_map,1,19,0.11212084163674545
0.4,0.2,bt_map,1,20,0.11212084163674545
0.4,0.2,bt_map,2,1,0.8845406754687638
0.4,0.2,bt_map,2,2,0.6547561959459389
0.4,0.2,bt_map,2,3,0.6083161307202495
0.4,0.2,bt_map,2,4,0.7321474470797373
0.4,0.2,bt_map,2,5,0.7693013872034143
0.4,0.2,bt_map,2,6,0.7197590499459612
0.4,0.2,bt_map,2,7,0.5941677969796155
0.4,0.2,bt_map,2,8,0.32830866453369983
0.4,0.2,bt_map,2,9,0.4407559988101397
0.4,0.2,bt_map,2,10,0.3836689129525197
0.4,0.2,bt_map,2,11,0.33481600620165103
0.4,0.2,bt_map,2,12,0.34449815683206864
0.4,0.2,bt_map,2,13,0.35013170258436765
0.4,0.2,bt_map,2,14,0.2861176813272903
0.4,0.2,bt_map,2,15,0.5236230453483418
0.4,0.2,bt_map,2,16,0.7074852948954442
0.4,0.2,bt_map,2,17,0.6949347360990829
0.4,0.2,bt_map,2,18,0.7274742403188553
0.4,0.2,bt_map,2,19,0.7090398617164191
0.4,0.2,bt_map,2,20,0.5960588979857514
0.4,0.2,bt_map_k,0,1,0.8013970145751218
0.4,0.2,bt_map_k,0,2,0.8013970145751218
0.4,0.2,bt_map_k,0,3,0.5156083176480531
0.4,0.2,bt_map_k,0,4,0.6012396843880256
0.4,0.2,bt_map_k,0,5,0.5840479877429265
0.4,0.2,bt_map_k,0,6,0.693208258817378
0.4,0.2,bt_map_k,0,7,0.8924975976295763
0.4,0.2,bt_map_k,0,8,0.7506616905336725
0.4,0.2,bt_map_k,0,9,0.41081344828507005
0.4,0.2,bt_map_k,0,10,0.4108146653698773
0.4,0.2,bt_map_k,0,11,0.3854372492694226
0.4,0.2,bt_map_k,0,12,0.19559813888978167
0.4,0.2,bt_map_k,0,13,0.195598546795276
0.4,0.2,bt_map_k,0,14,0.19559854922213532
0.4,0.2,bt_map_k,0,15,0.21133841011526922
0.4,0.2,bt_map_k,0,16,0.21133841011526922
0.4,0.2,bt_map_k,0,17,0.21114168327262167
0.4,0.2,bt_map_k,0,18,0.13691187593343082
0.4,0.2,bt_map_k,0,19,0.21622876905074762
0.4,0.2,bt_map_k,0,20,0.20543246218906688
0.4,0.2,bt_map_k,0,21,0.35431873122817525
0.4,0.2,bt_map_k,0,22,0.233558320544658
0.4,0.2,bt_map_k,0,23,0.17310330008326436
0.4,0.2,bt_map_k,0,24,0.1511087280045188
0.4,0.2,bt_map_k,0,25,0.1334381101526317
0.4,0.2,bt_map_k,1,1,0.8415976328989679
0.4,0.2,bt_map_k,1,2,0.5272962215509835
0.4,0.2,bt_map_k,1,3,0.6681617625097369
0.4,0.2,bt_map_k,1,4,0.7024862918059818
0.4,0.2,bt_map_k,1,5,0.8099632854674225
0.4,0.2,bt_map_k,1,6,0.7321918855327657
0.4,0.2,bt_map_k,1,7,0.8237354639521034
0.4,0.2,bt_map_k,1,8,0.8320874260093647
0.4,0.2,bt_map_k,1,9,0.8320874260093647
0.4,0.2,bt_map_k,1,10,0.7042093442603414
0.4,0.2,bt_map_k,1,11,0.7870203267867787
0.4,0.2,bt_map_k,1,12,0.7747929798801259
0.4,0.2,bt_map_k,1,13,0.8458411125876543
0.4,0.2,bt_map_k,1,14,0.8096439942186268
0.4,0.2,bt_map_k,1,15,0.8314404919283228
0.4,0.2,bt_map_k,1,16,0.8314404919283228
0.4,0.2,bt_map_k,1,17,0.7951032230429255
0.4,0.2,bt_map_k,1,18,0.8448005886517758
0.4,0.2,bt_map_k,1,19,0.8777223662560751
0.4,0.2,bt_map_k,1,20,0.9025860471197759
0.4,0.2,bt_map_k,1,21,0.8383596013803971
0.4,0.2,bt_map_k,1,22,0.7995134690888359
0.4,0.2,bt_map_k,2,1,0.8103945821159126
0.4,0.2,bt_map_k,2,2,0.4659413943561478
0.4,0.2,bt_map_k,2,3,0.4659413943561478
0.4,0.2,bt_map_k,2,4,0.34691746088296466
0.4,0.2,bt_map_k,2,5,0.42089255864011593
0.4,0.2,bt_map_k,2,6,0.4208883570799603
0.4,0.2,bt_map_k,2,7,0.38153548820386995
0.4,0.2,bt_map_k,2,8,0.5478756328271792
0.4,0.2,bt_map_k,2,9,0.7369406124788873
0.4,0.2,bt_map_k,2,10,0.9527250229706307
0.4,0.2,bt_map_k,2,11,0.942879187806573
0.4,0.2,bt_map_k,2,12,0.942879187806573
0.4,0.2,bt_map_k,2,13,0.9475513181757075
0.4,0.2,bt_map_k,2,14,0.8411068048996575
0.4,0.2,bt_map_k,2,15,0.7371136278258544
0.4,0.2,bt_map_k,2,16,0.7884779025812738
0.4,0.2,bt_map_k,2,17,0.7708814192501104
0.4,0.2,bt_map_k,2,18,0.626262941733542
0.4,0.2,bt_map_k,2,19,0.6590027135441832
0.4,0.2,bt_map_k,2,20,0.6861949748277121
0.4,0.2,bt_map_k,2,21,0.7844357428283227
0.4,0.2,bt_map_k,2,22,0.8092502683528904
0.4,0.2,bt_map_k,2,23,0.8151400278659039
0.4,0.2,bt_map_k,2,24,0.8151399743906043
0.4,0.2,bt_map_k,2,25,0.8551259916635812
0.4,0.2,bt_map_random,0,1,0.6687872481493929
0.4,0.2,bt_map_random,0,2,0.7266287802178332
0.4,0.2,bt_map_random,0,3,0.8068615960747679
0.4,0.2,bt_map_random,0,4,0.8851243489728579
0.4,0.2,bt_map_random,0,5,0.7425592106780114
0.4,0.2,bt_map_random,0,6,0.7907117610871092
0.4,0.2,bt_map_random,0,7,0.7765447638517432
0.4,0.2,bt_map_random,0,8,0.7616153620472946
0.4,0.2,bt_map_random,0,9,0.7717640473162466
0.4,0.2,bt_map_random,0,10,0.7976488319362399
0.4,0.2,bt_map_random,0,11,0.7704437158789721
0.4,0.2,bt_map_random,0,12,0.7304363146987359
0.4,0.2,bt_map_random,0,13,0.7198876965394818
0.4,0.2,bt_map_random,0,14,0.7037041267139678
0.4,0.2,bt_map_random,0,15,0.7037041267139678
0.4,0.2,bt_map_random,0,16,0.7116720457078196
0.4,0.2,bt_map_random,0,17,0.7619688327636276
0.4,0.2,bt_map_random,0,18,0.794111269598209
0.4,0.2,bt_map_random,0,19,0.8522323185568642
0.4,0.2,bt_map_random,0,20,0.8358585475772955
0.4,0.2,bt_map_random,1,1,0.5948232211045266
0.4,0.2,bt_map_random,1,2,0.5827616526576286
0.4,0.2,bt_map_random,1,3,0.542178437316362
0.4,0.2,bt_map_random,1,4,0.48255295222235167
0.4,0.2,bt_map_random,1,5,0.4543604815942661
0.4,0.2,bt_map_random,1,6,0.5464729474938735
0.4,0.2,bt_map_random,1,7,0.5987876692103921
0.4,0.2,bt_map_random,1,8,0.5058156576036227
0.4,0.2,bt_map_random,1,9,0.6115945665447714
0.4,0.2,bt_map_random,1,10,0.5414414813572441
0.4,0.2,bt_map_random,1,11,0.5664470009570457
0.4,0.2,bt_map_random,1,12,0.5558782045496367
0.4,0.2,bt_map_random,1,13,0.4948730351643177
0.4,0.2,bt_map_random,1,14,0.5231969796551186
0.4,0.2,bt_map_random,1,15,0.5397997684470395
0.4,0.2,bt_map_random,1,16,0.47566164893841767
0.4,0.2,bt_map_random,1,17,0.4751535113410212
0.4,0.2,bt_map_random,1,18,0.5153403554920443
0.4,0.2,bt_map_random,1,19,0.5192925218444737
0.4,0.2,bt_map_random,1,20,0.47720080827660194
0.4,0.2,bt_map_random,2,1,0.6421709462079083
0.4,0.2,bt_map_random,2,2,0.8621180819487376
0.4,0.2,bt_map_random,2,3,0.623366719557845
0.4,0.2,bt_map_random,2,4,0.6463268866958817
0.4,0.2,bt_map_random,2,5,0.8915181884715568
0.4,0.2,bt_map_random,2,6,0.875636315678551
0.4,0.2,bt_map_random,2,7,0.7948057834939498
0.4,0.2,bt_map_random,2,8,0.8218995261227126
0.4,0.2,bt_map_random,2,9,0.8963051042964127
0.4,0.2,bt_map_random,2,10,0.9103130428299423
0.4,0.2,bt_map_random,2,11,0.8258761615343919
0.4,0.2,bt_map_random,2,12,0.8968319058125523
0.4,0.2,bt_map_random,2,13,0.910405140356436
0.4,0.2,bt_map_random,2,14,0.8976413619780433
0.4,0.2,bt_map_random,2,15,0.9117932299830322
0.4,0.2,bt_map_random,2,16,0.9089774542557605
0.4,0.2,bt_map_random,2,17,0.8893861291563846
0.4,0.2,bt_map_random,2,18,0.9081014156515124
0.4,0.2,bt_map_random,2,19,0.910311619467457
0.4,0.2,bt_map_random,2,20,0.9008977156829618
0.4,0.2,bt_map_left,0,1,0.5726751751859955
0.4,0.2,bt_map_left,0,2,0.24260348609330887
0.4,0.2,bt_map_left,0,3,0.42089158746322936
0.4,0.2,bt_map_left,0,4,0.2917307830540159
0.4,0.2,bt_map_left,0,5,0.46917913852214904
0.4,0.2,bt_map_left,0,6,0.36050833066674765
0.4,0.2,bt_map_left,0,7,0.365379885141632
0.4,0.2,bt_map_left,0,8,0.3810488748186622
0.4,0.2,bt_map_left,0,9,0.4269964650890185
0.4,0.2,bt_map_left,0,10,0.43790401896631026
0.4,0.2,bt_map_left,0,11,0.40857168899470786
0.4,0.2,bt_map_left,0,12,0.39030225329062235
0.4,0.2,bt_map_left,0,13,0.4548817216987868
0.4,0.2,bt_map_left,0,14,0.3951679996202577
0.4,0.2,bt_map_left,0,15,0.45861659590091575
0.4,0.2,bt_map_left,0,16,0.5592199192111732
0.4,0.2,bt_map_left,0,17,0.5936296258135585
0.4,0.2,bt_map_left,0,18,0.6188238360737306
0.4,0.2,bt_map_left,0,19,0.6158039064940187
0.4,0.2,bt_map_left,0,20,0.5715399358710201
0.4,0.2,bt_map_left,1,1,0.5082419166087646
0.4,0.2,bt_map_left,1,2,0.7267739469435692
0.4,0.2,bt_map_left,1,3,0.590341099270858
0.4,0.2,bt_map_left,1,4,0.6804542759959021
0.4,0.2,bt_map_left,1,5,0.5852506267648092
0.4,0.2,bt_map_left,1,6,0.40078054686639003
0.4,0.2,bt_map_left,1,7,0.33094817677447447
0.4,0.2,bt_map_left,1,8,0.3186527664100139
0.4,0.2,bt_map_left,1,9,0.3162530800608754
0.4,0.2,bt_map_left,1,10,0.31625308006087516
0.4,0.2,bt_map_left,1,11,0.42854495077436183
0.4,0.2,bt_map_left,1,12,0.35346748678247064
0.4,0.2,bt_map_left,1,13,0.3162530800608756
0.4,0.2,bt_map_left,1,14,0.36444970709010704
0.4,0.2,bt_map_left,1,15,0.34965049831647627
0.4,0.2,bt_map_left,1,16,0.3822368104302809
0.4,0.2,bt_map_left,1,17,0.34316803940537266
0.4,0.2,bt_map_left,1,18,0.3642273330052284
0.4,0.2,bt_map_left,1,19,0.3976577670198542
0.4,0.2,bt_map_left,1,20,0.4469646098398894
0.4,0.2,bt_map_left,2,1,0.7181486323447384
0.4,0.2,bt_map_left,2,2,0.7589621301320126
0.4,0.2,bt_map_left,2,3,0.7695617044651509
0.4,0.2,bt_map_left,2,4,0.744302312952691
0.4,0.2,bt_map_left,2,5,0.9890411186660735
0.4,0.2,bt_map_left,2,6,0.83617336901856
0.4,0.2,bt_map_left,2,7,0.6772480257860003
0.4,0.2,bt_map_left,2,8,0.7122894659489439
0.4,0.2,bt_map_left,2,9,0.7719219206840918
0.4,0.2,bt_map_left,2,10,0.7710705054843136
0.4,0.2,bt_map_left,2,11,0.7985602878644911
0.4,0.2,bt_map_left,2,12,0.7896574954536937
0.4,0.2,bt_map_left,2,13,0.8924671706798888
0.4,0.2,bt_map_left,2,14,0.9858962260608193
0.4,0.2,bt_map_left,2,15,0.9896742523798979
0.4,0.2,bt_map_left,2,16,0.9723111445679995
0.4,0.2,bt_map_left,2,17,0.9063613945890173
0.4,0.2,bt_map_left,2,18,0.9343790804730276
0.4,0.2,bt_map_left,2,19,0.9268712347458599
0.4,0.2,bt_map_left,2,20,0.9250523759712184
